localFile,sheet,sourceRow,targetMolecule,rawAtc,rawMolecule,rawProductName,accepted,rejectionReason,matchedTerm,detectionMethod,evidenceLevel
Axitinib__LIS_2207_Oncology/LIS 2207 - Vedlegg 03 Prisskjema v 2.xlsx,Prisskjema,4,Axitinib,L01EF02,,Kisqali 2care4 tab 200mg,false,no_accepted_target_evidence,,,no_confirmation
Axitinib__LIS_2207_Oncology/LIS 2207 - Vedlegg 03 Prisskjema v 2.xlsx,Prisskjema,5,Axitinib,L01EF02,,Kisqali 2care4 tab 200mg,false,no_accepted_target_evidence,,,no_confirmation
Axitinib__LIS_2207_Oncology/LIS 2207 - Vedlegg 03 Prisskjema v 2.xlsx,Prisskjema,6,Axitinib,L01EF02,,Kisqali 2care4 tab 200mg,false,no_accepted_target_evidence,,,no_confirmation
Axitinib__LIS_2207_Oncology/LIS 2207 - Vedlegg 03 Prisskjema v 2.xlsx,Prisskjema,7,Axitinib,L01EE03,,Mektovi 2care4 tab 15mg,false,no_accepted_target_evidence,,,no_confirmation
Axitinib__LIS_2207_Oncology/LIS 2207 - Vedlegg 03 Prisskjema v 2.xlsx,Prisskjema,8,Axitinib,L01EG02,,"Afinitor abacus tab 2,5mg",false,unrelated_molecule_in_workbook,,,no_confirmation
Axitinib__LIS_2207_Oncology/LIS 2207 - Vedlegg 03 Prisskjema v 2.xlsx,Prisskjema,9,Axitinib,L01EA04,,Bosulif abacus tab 400mg,false,no_accepted_target_evidence,,,no_confirmation
Axitinib__LIS_2207_Oncology/LIS 2207 - Vedlegg 03 Prisskjema v 2.xlsx,Prisskjema,10,Axitinib,L01EA05,,Iclusig abacus tab 15mg,false,no_accepted_target_evidence,,,no_confirmation
Axitinib__LIS_2207_Oncology/LIS 2207 - Vedlegg 03 Prisskjema v 2.xlsx,Prisskjema,11,Axitinib,L01XK01,,Lynparza abacus tab 100mg,false,no_accepted_target_evidence,,,no_confirmation
Axitinib__LIS_2207_Oncology/LIS 2207 - Vedlegg 03 Prisskjema v 2.xlsx,Prisskjema,12,Axitinib,L01EA02,,Sprycel abacus tab 20mg,false,no_accepted_target_evidence,,,no_confirmation
Axitinib__LIS_2207_Oncology/LIS 2207 - Vedlegg 03 Prisskjema v 2.xlsx,Prisskjema,13,Axitinib,L01EA02,,Sprycel abacus tab 50mg,false,no_accepted_target_evidence,,,no_confirmation
Axitinib__LIS_2207_Oncology/LIS 2207 - Vedlegg 03 Prisskjema v 2.xlsx,Prisskjema,14,Axitinib,L01EA02,,Sprycel abacus tab 70mg,false,no_accepted_target_evidence,,,no_confirmation
Axitinib__LIS_2207_Oncology/LIS 2207 - Vedlegg 03 Prisskjema v 2.xlsx,Prisskjema,15,Axitinib,L01XX52,,Venclyxto tab  10mg,false,no_accepted_target_evidence,,,no_confirmation
Axitinib__LIS_2207_Oncology/LIS 2207 - Vedlegg 03 Prisskjema v 2.xlsx,Prisskjema,16,Axitinib,L01XX52,,Venclyxto tab  10mg,false,no_accepted_target_evidence,,,no_confirmation
Axitinib__LIS_2207_Oncology/LIS 2207 - Vedlegg 03 Prisskjema v 2.xlsx,Prisskjema,17,Axitinib,L01XX52,,Venclyxto tab  50mg,false,no_accepted_target_evidence,,,no_confirmation
Axitinib__LIS_2207_Oncology/LIS 2207 - Vedlegg 03 Prisskjema v 2.xlsx,Prisskjema,18,Axitinib,L01XX52,,Venclyxto tab  50mg,false,no_accepted_target_evidence,,,no_confirmation
Axitinib__LIS_2207_Oncology/LIS 2207 - Vedlegg 03 Prisskjema v 2.xlsx,Prisskjema,19,Axitinib,L01XX52,,Venclyxto tab 100mg,false,no_accepted_target_evidence,,,no_confirmation
Axitinib__LIS_2207_Oncology/LIS 2207 - Vedlegg 03 Prisskjema v 2.xlsx,Prisskjema,20,Axitinib,L01XX52,,Venclyxto tab 100mg,false,no_accepted_target_evidence,,,no_confirmation
Axitinib__LIS_2207_Oncology/LIS 2207 - Vedlegg 03 Prisskjema v 2.xlsx,Prisskjema,21,Axitinib,L01XX52,,Venclyxto tab 100mg,false,no_accepted_target_evidence,,,no_confirmation
Axitinib__LIS_2207_Oncology/LIS 2207 - Vedlegg 03 Prisskjema v 2.xlsx,Prisskjema,22,Axitinib,L01XX52,,Venclyxto tab 100mg,false,no_accepted_target_evidence,,,no_confirmation
Axitinib__LIS_2207_Oncology/LIS 2207 - Vedlegg 03 Prisskjema v 2.xlsx,Prisskjema,23,Axitinib,L01XX52,,Venclyxto tab 100mg,false,no_accepted_target_evidence,,,no_confirmation
Axitinib__LIS_2207_Oncology/LIS 2207 - Vedlegg 03 Prisskjema v 2.xlsx,Prisskjema,24,Axitinib,L01XX52,,Venclyxto tab 100mg,false,no_accepted_target_evidence,,,no_confirmation
Axitinib__LIS_2207_Oncology/LIS 2207 - Vedlegg 03 Prisskjema v 2.xlsx,Prisskjema,25,Axitinib,L01FX07,,"Blincyto pulv t infkon 38,5mcg",false,no_accepted_target_evidence,,,no_confirmation
Axitinib__LIS_2207_Oncology/LIS 2207 - Vedlegg 03 Prisskjema v 2.xlsx,Prisskjema,26,Axitinib,L01XX51,,Imlygic inj 10e6 PFU/ml,false,no_accepted_target_evidence,,,no_confirmation
Axitinib__LIS_2207_Oncology/LIS 2207 - Vedlegg 03 Prisskjema v 2.xlsx,Prisskjema,27,Axitinib,L01XX51,,Imlygic inj 10e8 PFU/ml,false,no_accepted_target_evidence,,,no_confirmation
Axitinib__LIS_2207_Oncology/LIS 2207 - Vedlegg 03 Prisskjema v 2.xlsx,Prisskjema,28,Axitinib,L01XG02,,Kyprolis inf subst 10mg,false,no_accepted_target_evidence,,,no_confirmation
Axitinib__LIS_2207_Oncology/LIS 2207 - Vedlegg 03 Prisskjema v 2.xlsx,Prisskjema,29,Axitinib,L01XG02,,Kyprolis inf subst 30mg,false,no_accepted_target_evidence,,,no_confirmation
Axitinib__LIS_2207_Oncology/LIS 2207 - Vedlegg 03 Prisskjema v 2.xlsx,Prisskjema,30,Axitinib,L01XG02,,Kyprolis inf subst 60mg,false,no_accepted_target_evidence,,,no_confirmation
Axitinib__LIS_2207_Oncology/LIS 2207 - Vedlegg 03 Prisskjema v 2.xlsx,Prisskjema,31,Axitinib,L01EX13,,Xospata tab 40mg,false,no_accepted_target_evidence,,,no_confirmation
Axitinib__LIS_2207_Oncology/LIS 2207 - Vedlegg 03 Prisskjema v 2.xlsx,Prisskjema,32,Axitinib,L01EL02,,Calquence kaps 100mg,false,no_accepted_target_evidence,,,no_confirmation
Axitinib__LIS_2207_Oncology/LIS 2207 - Vedlegg 03 Prisskjema v 2.xlsx,Prisskjema,33,Axitinib,L01FF03,,Imfinzi inf kons 50mg/ml,false,no_accepted_target_evidence,,,no_confirmation
Axitinib__LIS_2207_Oncology/LIS 2207 - Vedlegg 03 Prisskjema v 2.xlsx,Prisskjema,34,Axitinib,L01FF03,,Imfinzi inf kons 50mg/ml,false,no_accepted_target_evidence,,,no_confirmation
Axitinib__LIS_2207_Oncology/LIS 2207 - Vedlegg 03 Prisskjema v 2.xlsx,Prisskjema,35,Axitinib,L01XK01,,Lynparza kaps 50mg,false,no_accepted_target_evidence,,,no_confirmation
Axitinib__LIS_2207_Oncology/LIS 2207 - Vedlegg 03 Prisskjema v 2.xlsx,Prisskjema,36,Axitinib,L01XK01,,Lynparza tab 100mg,false,no_accepted_target_evidence,,,no_confirmation
Axitinib__LIS_2207_Oncology/LIS 2207 - Vedlegg 03 Prisskjema v 2.xlsx,Prisskjema,37,Axitinib,L01XK01,,Lynparza tab 150mg,false,no_accepted_target_evidence,,,no_confirmation
Axitinib__LIS_2207_Oncology/LIS 2207 - Vedlegg 03 Prisskjema v 2.xlsx,Prisskjema,38,Axitinib,L01EB04,,Tagrisso tab 40mg,false,no_accepted_target_evidence,,,no_confirmation
Axitinib__LIS_2207_Oncology/LIS 2207 - Vedlegg 03 Prisskjema v 2.xlsx,Prisskjema,39,Axitinib,L01EB04,,Tagrisso tab 80mg,false,no_accepted_target_evidence,,,no_confirmation
Axitinib__LIS_2207_Oncology/LIS 2207 - Vedlegg 03 Prisskjema v 2.xlsx,Prisskjema,40,Axitinib,L01EX05,,Stivarga tab 40mg,false,no_accepted_target_evidence,,,no_confirmation
Axitinib__LIS_2207_Oncology/LIS 2207 - Vedlegg 03 Prisskjema v 2.xlsx,Prisskjema,41,Axitinib,L01EX12,,Vitrakvi kaps  25mg,false,no_accepted_target_evidence,,,no_confirmation
Axitinib__LIS_2207_Oncology/LIS 2207 - Vedlegg 03 Prisskjema v 2.xlsx,Prisskjema,42,Axitinib,L01EX12,,Vitrakvi kaps 100mg,false,no_accepted_target_evidence,,,no_confirmation
Axitinib__LIS_2207_Oncology/LIS 2207 - Vedlegg 03 Prisskjema v 2.xlsx,Prisskjema,43,Axitinib,L01EX12,,Vitrakvi mikst 20mg/ml,false,no_accepted_target_evidence,,,no_confirmation
Axitinib__LIS_2207_Oncology/LIS 2207 - Vedlegg 03 Prisskjema v 2.xlsx,Prisskjema,44,Axitinib,L01EX12,,Vitrakvi mikst 20mg/ml,false,no_accepted_target_evidence,,,no_confirmation
Axitinib__LIS_2207_Oncology/LIS 2207 - Vedlegg 03 Prisskjema v 2.xlsx,Prisskjema,45,Axitinib,L01FX08,,Empliciti pulv t inf kon 300mg,false,no_accepted_target_evidence,,,no_confirmation
Axitinib__LIS_2207_Oncology/LIS 2207 - Vedlegg 03 Prisskjema v 2.xlsx,Prisskjema,46,Axitinib,L01FX08,,Empliciti pulv t inf kon 400mg,false,no_accepted_target_evidence,,,no_confirmation
Axitinib__LIS_2207_Oncology/LIS 2207 - Vedlegg 03 Prisskjema v 2.xlsx,Prisskjema,47,Axitinib,L01FF01,,Opdivo inf kons 10mg/ml,false,no_accepted_target_evidence,,,no_confirmation
Axitinib__LIS_2207_Oncology/LIS 2207 - Vedlegg 03 Prisskjema v 2.xlsx,Prisskjema,48,Axitinib,L01FF01,,Opdivo inf kons 10mg/ml,false,no_accepted_target_evidence,,,no_confirmation
Axitinib__LIS_2207_Oncology/LIS 2207 - Vedlegg 03 Prisskjema v 2.xlsx,Prisskjema,49,Axitinib,L01FF01,,Opdivo inf kons 10mg/ml,false,no_accepted_target_evidence,,,no_confirmation
Axitinib__LIS_2207_Oncology/LIS 2207 - Vedlegg 03 Prisskjema v 2.xlsx,Prisskjema,50,Axitinib,L01EA02,,Sprycel tab  20mg,false,no_accepted_target_evidence,,,no_confirmation
Axitinib__LIS_2207_Oncology/LIS 2207 - Vedlegg 03 Prisskjema v 2.xlsx,Prisskjema,51,Axitinib,L01EA02,,Sprycel tab  50mg,false,no_accepted_target_evidence,,,no_confirmation
Axitinib__LIS_2207_Oncology/LIS 2207 - Vedlegg 03 Prisskjema v 2.xlsx,Prisskjema,52,Axitinib,L01EA02,,Sprycel tab  70mg,false,no_accepted_target_evidence,,,no_confirmation
Axitinib__LIS_2207_Oncology/LIS 2207 - Vedlegg 03 Prisskjema v 2.xlsx,Prisskjema,53,Axitinib,L01FX04,,Yervoy inf kons 5mg/ml,false,no_accepted_target_evidence,,,no_confirmation
Axitinib__LIS_2207_Oncology/LIS 2207 - Vedlegg 03 Prisskjema v 2.xlsx,Prisskjema,54,Axitinib,L01FX04,,Yervoy inf kons 5mg/ml,false,no_accepted_target_evidence,,,no_confirmation
Axitinib__LIS_2207_Oncology/LIS 2207 - Vedlegg 03 Prisskjema v 2.xlsx,Prisskjema,55,Axitinib,L04AX06,,Imnovid kaps 1mg,false,no_accepted_target_evidence,,,no_confirmation
Axitinib__LIS_2207_Oncology/LIS 2207 - Vedlegg 03 Prisskjema v 2.xlsx,Prisskjema,56,Axitinib,L04AX06,,Imnovid kaps 2mg,false,no_accepted_target_evidence,,,no_confirmation
Axitinib__LIS_2207_Oncology/LIS 2207 - Vedlegg 03 Prisskjema v 2.xlsx,Prisskjema,57,Axitinib,L04AX06,,Imnovid kaps 3mg,false,no_accepted_target_evidence,,,no_confirmation
Axitinib__LIS_2207_Oncology/LIS 2207 - Vedlegg 03 Prisskjema v 2.xlsx,Prisskjema,58,Axitinib,L04AX06,,Imnovid kaps 4mg,false,no_accepted_target_evidence,,,no_confirmation
Axitinib__LIS_2207_Oncology/LIS 2207 - Vedlegg 03 Prisskjema v 2.xlsx,Prisskjema,59,Axitinib,L01FD04,,Enhertu pulv t inf kons 100mg,false,no_accepted_target_evidence,,,no_confirmation
Axitinib__LIS_2207_Oncology/LIS 2207 - Vedlegg 03 Prisskjema v 2.xlsx,Prisskjema,60,Axitinib,L01EX08,,Kisplyx kaps  4mg,false,no_accepted_target_evidence,,,no_confirmation
Axitinib__LIS_2207_Oncology/LIS 2207 - Vedlegg 03 Prisskjema v 2.xlsx,Prisskjema,61,Axitinib,L01EX08,,Kisplyx kaps 10mg,false,no_accepted_target_evidence,,,no_confirmation
Axitinib__LIS_2207_Oncology/LIS 2207 - Vedlegg 03 Prisskjema v 2.xlsx,Prisskjema,62,Axitinib,L01EX08,,Lenvima kaps  4mg,false,no_accepted_target_evidence,,,no_confirmation
Axitinib__LIS_2207_Oncology/LIS 2207 - Vedlegg 03 Prisskjema v 2.xlsx,Prisskjema,63,Axitinib,L01EX08,,Lenvima kaps 10mg,false,no_accepted_target_evidence,,,no_confirmation
Axitinib__LIS_2207_Oncology/LIS 2207 - Vedlegg 03 Prisskjema v 2.xlsx,Prisskjema,64,Axitinib,L01FG02,,Cyramza inf kons 10mg/ml,false,no_accepted_target_evidence,,,no_confirmation
Axitinib__LIS_2207_Oncology/LIS 2207 - Vedlegg 03 Prisskjema v 2.xlsx,Prisskjema,65,Axitinib,L01FG02,,Cyramza inf kons 10mg/ml,false,no_accepted_target_evidence,,,no_confirmation
Axitinib__LIS_2207_Oncology/LIS 2207 - Vedlegg 03 Prisskjema v 2.xlsx,Prisskjema,66,Axitinib,L01EX22,,Retsevmo kaps 40mg,false,no_accepted_target_evidence,,,no_confirmation
Axitinib__LIS_2207_Oncology/LIS 2207 - Vedlegg 03 Prisskjema v 2.xlsx,Prisskjema,67,Axitinib,L01EX22,,Retsevmo kaps 40mg,false,no_accepted_target_evidence,,,no_confirmation
Axitinib__LIS_2207_Oncology/LIS 2207 - Vedlegg 03 Prisskjema v 2.xlsx,Prisskjema,68,Axitinib,L01EX22,,Retsevmo kaps 80mg,false,no_accepted_target_evidence,,,no_confirmation
Axitinib__LIS_2207_Oncology/LIS 2207 - Vedlegg 03 Prisskjema v 2.xlsx,Prisskjema,69,Axitinib,L01EX22,,Retsevmo kaps 80mg,false,no_accepted_target_evidence,,,no_confirmation
Axitinib__LIS_2207_Oncology/LIS 2207 - Vedlegg 03 Prisskjema v 2.xlsx,Prisskjema,70,Axitinib,L01EF03,,Verzenios tab  50mg,false,no_accepted_target_evidence,,,no_confirmation
Axitinib__LIS_2207_Oncology/LIS 2207 - Vedlegg 03 Prisskjema v 2.xlsx,Prisskjema,71,Axitinib,L01EF03,,Verzenios tab 100mg,false,no_accepted_target_evidence,,,no_confirmation
Axitinib__LIS_2207_Oncology/LIS 2207 - Vedlegg 03 Prisskjema v 2.xlsx,Prisskjema,72,Axitinib,L01EF03,,Verzenios tab 100mg,false,no_accepted_target_evidence,,,no_confirmation
Axitinib__LIS_2207_Oncology/LIS 2207 - Vedlegg 03 Prisskjema v 2.xlsx,Prisskjema,73,Axitinib,L01EF03,,Verzenios tab 150mg,false,no_accepted_target_evidence,,,no_confirmation
Axitinib__LIS_2207_Oncology/LIS 2207 - Vedlegg 03 Prisskjema v 2.xlsx,Prisskjema,74,Axitinib,L01EF03,,Verzenios tab 150mg,false,no_accepted_target_evidence,,,no_confirmation
Axitinib__LIS_2207_Oncology/LIS 2207 - Vedlegg 03 Prisskjema v 2.xlsx,Prisskjema,75,Axitinib,L01EK03,,Fotivda kaps  890mcg,false,no_accepted_target_evidence,,,no_confirmation
Axitinib__LIS_2207_Oncology/LIS 2207 - Vedlegg 03 Prisskjema v 2.xlsx,Prisskjema,76,Axitinib,L01EK03,,Fotivda kaps 1340mcg,false,no_accepted_target_evidence,,,no_confirmation
Axitinib__LIS_2207_Oncology/LIS 2207 - Vedlegg 03 Prisskjema v 2.xlsx,Prisskjema,77,Axitinib,L01EM01,,Zydelig tab 100mg,false,no_accepted_target_evidence,,,no_confirmation
Axitinib__LIS_2207_Oncology/LIS 2207 - Vedlegg 03 Prisskjema v 2.xlsx,Prisskjema,78,Axitinib,L01EM01,,Zydelig tab 150mg,false,no_accepted_target_evidence,,,no_confirmation
Axitinib__LIS_2207_Oncology/LIS 2207 - Vedlegg 03 Prisskjema v 2.xlsx,Prisskjema,79,Axitinib,L01FF07,,Jemperli inf kons 500mg/10ml,false,no_accepted_target_evidence,,,no_confirmation
Axitinib__LIS_2207_Oncology/LIS 2207 - Vedlegg 03 Prisskjema v 2.xlsx,Prisskjema,80,Axitinib,L01XK02,,Zejula kaps 100mg,false,no_accepted_target_evidence,,,no_confirmation
Axitinib__LIS_2207_Oncology/LIS 2207 - Vedlegg 03 Prisskjema v 2.xlsx,Prisskjema,81,Axitinib,L01XK02,,Zejula kaps 100mg,false,no_accepted_target_evidence,,,no_confirmation
Axitinib__LIS_2207_Oncology/LIS 2207 - Vedlegg 03 Prisskjema v 2.xlsx,Prisskjema,82,Axitinib,L01XH03,,Farydak kaps 20mg,false,no_accepted_target_evidence,,,no_confirmation
Axitinib__LIS_2207_Oncology/LIS 2207 - Vedlegg 03 Prisskjema v 2.xlsx,Prisskjema,83,Axitinib,L01EX08,,Lenvima kaps  4mg,false,no_accepted_target_evidence,,,no_confirmation
Axitinib__LIS_2207_Oncology/LIS 2207 - Vedlegg 03 Prisskjema v 2.xlsx,Prisskjema,84,Axitinib,L01XH03,,Farydak kaps 10mg,false,no_accepted_target_evidence,,,no_confirmation
Axitinib__LIS_2207_Oncology/LIS 2207 - Vedlegg 03 Prisskjema v 2.xlsx,Prisskjema,85,Axitinib,L01XH03,,Farydak kaps 15mg,false,no_accepted_target_evidence,,,no_confirmation
Axitinib__LIS_2207_Oncology/LIS 2207 - Vedlegg 03 Prisskjema v 2.xlsx,Prisskjema,86,Axitinib,L01XH03,,Farydak kaps 20mg,false,no_accepted_target_evidence,,,no_confirmation
Axitinib__LIS_2207_Oncology/LIS 2207 - Vedlegg 03 Prisskjema v 2.xlsx,Prisskjema,87,Axitinib,L01EA05,,Iclusig tab 15mg,false,no_accepted_target_evidence,,,no_confirmation
Axitinib__LIS_2207_Oncology/LIS 2207 - Vedlegg 03 Prisskjema v 2.xlsx,Prisskjema,88,Axitinib,L01EA05,,Iclusig tab 30mg,false,no_accepted_target_evidence,,,no_confirmation
Axitinib__LIS_2207_Oncology/LIS 2207 - Vedlegg 03 Prisskjema v 2.xlsx,Prisskjema,89,Axitinib,L01EA05,,Iclusig tab 45mg,false,no_accepted_target_evidence,,,no_confirmation
Axitinib__LIS_2207_Oncology/LIS 2207 - Vedlegg 03 Prisskjema v 2.xlsx,Prisskjema,90,Axitinib,L01FX12,,Minjuvi pulv til infkons 200mg,false,no_accepted_target_evidence,,,no_confirmation
Axitinib__LIS_2207_Oncology/LIS 2207 - Vedlegg 03 Prisskjema v 2.xlsx,Prisskjema,91,Axitinib,L01EN02,,"Pemazyre tab  4,5mg",false,no_accepted_target_evidence,,,no_confirmation
Axitinib__LIS_2207_Oncology/LIS 2207 - Vedlegg 03 Prisskjema v 2.xlsx,Prisskjema,92,Axitinib,L01EN02,,Pemazyre tab  9mg,false,no_accepted_target_evidence,,,no_confirmation
Axitinib__LIS_2207_Oncology/LIS 2207 - Vedlegg 03 Prisskjema v 2.xlsx,Prisskjema,93,Axitinib,L01EN02,,"Pemazyre tab 13,5mg",false,no_accepted_target_evidence,,,no_confirmation
Axitinib__LIS_2207_Oncology/LIS 2207 - Vedlegg 03 Prisskjema v 2.xlsx,Prisskjema,94,Axitinib,L01EX07,,Cabometyx tab 20mg,false,no_accepted_target_evidence,,,no_confirmation
Axitinib__LIS_2207_Oncology/LIS 2207 - Vedlegg 03 Prisskjema v 2.xlsx,Prisskjema,95,Axitinib,L01EX07,,Cabometyx tab 40mg,false,no_accepted_target_evidence,,,no_confirmation
Axitinib__LIS_2207_Oncology/LIS 2207 - Vedlegg 03 Prisskjema v 2.xlsx,Prisskjema,96,Axitinib,L01EX07,,Cabometyx tab 60mg,false,no_accepted_target_evidence,,,no_confirmation
Axitinib__LIS_2207_Oncology/LIS 2207 - Vedlegg 03 Prisskjema v 2.xlsx,Prisskjema,97,Axitinib,L01EX07,,Cometriq kaps 20mg,false,no_accepted_target_evidence,,,no_confirmation
Axitinib__LIS_2207_Oncology/LIS 2207 - Vedlegg 03 Prisskjema v 2.xlsx,Prisskjema,98,Axitinib,L01EX07,,Cometriq kaps 20mg,false,no_accepted_target_evidence,,,no_confirmation
Axitinib__LIS_2207_Oncology/LIS 2207 - Vedlegg 03 Prisskjema v 2.xlsx,Prisskjema,99,Axitinib,L01EX07,,Cometriq kaps 20mg+80mg,false,no_accepted_target_evidence,,,no_confirmation
Axitinib__LIS_2207_Oncology/LIS 2207 - Vedlegg 03 Prisskjema v 2.xlsx,Prisskjema,100,Axitinib,L01EX07,,Cometriq kaps 20mg+80mg,false,no_accepted_target_evidence,,,no_confirmation
Axitinib__LIS_2207_Oncology/LIS 2207 - Vedlegg 03 Prisskjema v 2.xlsx,Prisskjema,101,Axitinib,L01EX07,,Cometriq kaps 20mg+80mg,false,no_accepted_target_evidence,,,no_confirmation
Axitinib__LIS_2207_Oncology/LIS 2207 - Vedlegg 03 Prisskjema v 2.xlsx,Prisskjema,102,Axitinib,L01FC01,,Darzalex inf kons 100mg/5ml,false,no_accepted_target_evidence,,,no_confirmation
Axitinib__LIS_2207_Oncology/LIS 2207 - Vedlegg 03 Prisskjema v 2.xlsx,Prisskjema,103,Axitinib,L01FC01,,Darzalex inf kons 400mg/20ml,false,no_accepted_target_evidence,,,no_confirmation
Axitinib__LIS_2207_Oncology/LIS 2207 - Vedlegg 03 Prisskjema v 2.xlsx,Prisskjema,104,Axitinib,L01FC01,,Darzalex inj 1800mg/hgl,false,no_accepted_target_evidence,,,no_confirmation
Axitinib__LIS_2207_Oncology/LIS 2207 - Vedlegg 03 Prisskjema v 2.xlsx,Prisskjema,105,Axitinib,L01EL01,,Imbruvica tab 140mg,false,no_accepted_target_evidence,,,no_confirmation
Axitinib__LIS_2207_Oncology/LIS 2207 - Vedlegg 03 Prisskjema v 2.xlsx,Prisskjema,106,Axitinib,L01EL01,,Imbruvica tab 280mg,false,no_accepted_target_evidence,,,no_confirmation
Axitinib__LIS_2207_Oncology/LIS 2207 - Vedlegg 03 Prisskjema v 2.xlsx,Prisskjema,107,Axitinib,L01EL01,,Imbruvica tab 420mg,false,no_accepted_target_evidence,,,no_confirmation
Axitinib__LIS_2207_Oncology/LIS 2207 - Vedlegg 03 Prisskjema v 2.xlsx,Prisskjema,108,Axitinib,L01EL01,,Imbruvica tab 560mg,false,no_accepted_target_evidence,,,no_confirmation
Axitinib__LIS_2207_Oncology/LIS 2207 - Vedlegg 03 Prisskjema v 2.xlsx,Prisskjema,109,Axitinib,L01FX09,,Poteligeo inf kons 4mg/ml,false,no_accepted_target_evidence,,,no_confirmation
Axitinib__LIS_2207_Oncology/LIS 2207 - Vedlegg 03 Prisskjema v 2.xlsx,Prisskjema,110,Axitinib,L01FF04,,Bavencio inf kons 20mg/ml,false,no_accepted_target_evidence,,,no_confirmation
Axitinib__LIS_2207_Oncology/LIS 2207 - Vedlegg 03 Prisskjema v 2.xlsx,Prisskjema,111,Axitinib,L01FF02,,Keytruda inf kons 25mg/ml,false,no_accepted_target_evidence,,,no_confirmation
Axitinib__LIS_2207_Oncology/LIS 2207 - Vedlegg 03 Prisskjema v 2.xlsx,Prisskjema,112,Axitinib,L01EG02,,"Afinitor tab  2,5mg",false,unrelated_molecule_in_workbook,,,no_confirmation
Axitinib__LIS_2207_Oncology/LIS 2207 - Vedlegg 03 Prisskjema v 2.xlsx,Prisskjema,113,Axitinib,L01EG02,,Afinitor tab  5mg,false,unrelated_molecule_in_workbook,,,no_confirmation
Axitinib__LIS_2207_Oncology/LIS 2207 - Vedlegg 03 Prisskjema v 2.xlsx,Prisskjema,114,Axitinib,L01EG02,,Afinitor tab 10mg,false,unrelated_molecule_in_workbook,,,no_confirmation
Axitinib__LIS_2207_Oncology/LIS 2207 - Vedlegg 03 Prisskjema v 2.xlsx,Prisskjema,115,Axitinib,L01EJ01,,Jakavi tab  5mg,false,no_accepted_target_evidence,,,no_confirmation
Axitinib__LIS_2207_Oncology/LIS 2207 - Vedlegg 03 Prisskjema v 2.xlsx,Prisskjema,116,Axitinib,L01EJ01,,Jakavi tab 10mg,false,no_accepted_target_evidence,,,no_confirmation
Axitinib__LIS_2207_Oncology/LIS 2207 - Vedlegg 03 Prisskjema v 2.xlsx,Prisskjema,117,Axitinib,L01EJ01,,Jakavi tab 15mg,false,no_accepted_target_evidence,,,no_confirmation
Axitinib__LIS_2207_Oncology/LIS 2207 - Vedlegg 03 Prisskjema v 2.xlsx,Prisskjema,118,Axitinib,L01EJ01,,Jakavi tab 20mg,false,no_accepted_target_evidence,,,no_confirmation
Axitinib__LIS_2207_Oncology/LIS 2207 - Vedlegg 03 Prisskjema v 2.xlsx,Prisskjema,119,Axitinib,L01EF02,,Kisqali tab 200mg,false,no_accepted_target_evidence,,,no_confirmation
Axitinib__LIS_2207_Oncology/LIS 2207 - Vedlegg 03 Prisskjema v 2.xlsx,Prisskjema,120,Axitinib,L01EF02,,Kisqali tab 200mg,false,no_accepted_target_evidence,,,no_confirmation
Axitinib__LIS_2207_Oncology/LIS 2207 - Vedlegg 03 Prisskjema v 2.xlsx,Prisskjema,121,Axitinib,L01EF02,,Kisqali tab 200mg,false,no_accepted_target_evidence,,,no_confirmation
Axitinib__LIS_2207_Oncology/LIS 2207 - Vedlegg 03 Prisskjema v 2.xlsx,Prisskjema,122,Axitinib,L01EE01,,"Mekinist tab 0,5mg",false,no_accepted_target_evidence,,,no_confirmation
Axitinib__LIS_2207_Oncology/LIS 2207 - Vedlegg 03 Prisskjema v 2.xlsx,Prisskjema,123,Axitinib,L01EE01,,Mekinist tab 2mg,false,no_accepted_target_evidence,,,no_confirmation
Axitinib__LIS_2207_Oncology/LIS 2207 - Vedlegg 03 Prisskjema v 2.xlsx,Prisskjema,124,Axitinib,L01EM03,,Piqray tab  50+200mg,false,no_accepted_target_evidence,,,no_confirmation
Axitinib__LIS_2207_Oncology/LIS 2207 - Vedlegg 03 Prisskjema v 2.xlsx,Prisskjema,125,Axitinib,L01EM03,,Piqray tab 150mg,false,no_accepted_target_evidence,,,no_confirmation
Axitinib__LIS_2207_Oncology/LIS 2207 - Vedlegg 03 Prisskjema v 2.xlsx,Prisskjema,126,Axitinib,L01EM03,,Piqray tab 150mg,false,no_accepted_target_evidence,,,no_confirmation
Axitinib__LIS_2207_Oncology/LIS 2207 - Vedlegg 03 Prisskjema v 2.xlsx,Prisskjema,127,Axitinib,L01EM03,,Piqray tab 200mg,false,no_accepted_target_evidence,,,no_confirmation
Axitinib__LIS_2207_Oncology/LIS 2207 - Vedlegg 03 Prisskjema v 2.xlsx,Prisskjema,128,Axitinib,L01EX10,,Rydapt kaps 25mg,false,no_accepted_target_evidence,,,no_confirmation
Axitinib__LIS_2207_Oncology/LIS 2207 - Vedlegg 03 Prisskjema v 2.xlsx,Prisskjema,129,Axitinib,L01EX10,,Rydapt kaps 25mg,false,no_accepted_target_evidence,,,no_confirmation
Axitinib__LIS_2207_Oncology/LIS 2207 - Vedlegg 03 Prisskjema v 2.xlsx,Prisskjema,130,Axitinib,L01EC02,,Tafinlar kaps 50mg,false,no_accepted_target_evidence,,,no_confirmation
Axitinib__LIS_2207_Oncology/LIS 2207 - Vedlegg 03 Prisskjema v 2.xlsx,Prisskjema,131,Axitinib,L01EC02,,Tafinlar kaps 50mg,false,no_accepted_target_evidence,,,no_confirmation
Axitinib__LIS_2207_Oncology/LIS 2207 - Vedlegg 03 Prisskjema v 2.xlsx,Prisskjema,132,Axitinib,L01EC02,,Tafinlar kaps 75mg,false,no_accepted_target_evidence,,,no_confirmation
Axitinib__LIS_2207_Oncology/LIS 2207 - Vedlegg 03 Prisskjema v 2.xlsx,Prisskjema,133,Axitinib,L01EC02,,Tafinlar kaps 75mg,false,no_accepted_target_evidence,,,no_confirmation
Axitinib__LIS_2207_Oncology/LIS 2207 - Vedlegg 03 Prisskjema v 2.xlsx,Prisskjema,134,Axitinib,L01EA03,,Tasigna kaps  50mg,false,no_accepted_target_evidence,,,no_confirmation
Axitinib__LIS_2207_Oncology/LIS 2207 - Vedlegg 03 Prisskjema v 2.xlsx,Prisskjema,135,Axitinib,L01EA03,,Tasigna kaps 150mg,false,no_accepted_target_evidence,,,no_confirmation
Axitinib__LIS_2207_Oncology/LIS 2207 - Vedlegg 03 Prisskjema v 2.xlsx,Prisskjema,136,Axitinib,L01EA03,,Tasigna kaps 200mg,false,no_accepted_target_evidence,,,no_confirmation
Axitinib__LIS_2207_Oncology/LIS 2207 - Vedlegg 03 Prisskjema v 2.xlsx,Prisskjema,137,Axitinib,L01EH01,,Tyverb tab 250mg,false,no_accepted_target_evidence,,,no_confirmation
Axitinib__LIS_2207_Oncology/LIS 2207 - Vedlegg 03 Prisskjema v 2.xlsx,Prisskjema,138,Axitinib,L01EX03,,Votrient tab 200mg,false,no_accepted_target_evidence,,,no_confirmation
Axitinib__LIS_2207_Oncology/LIS 2207 - Vedlegg 03 Prisskjema v 2.xlsx,Prisskjema,139,Axitinib,L01EX03,,Votrient tab 400mg,false,no_accepted_target_evidence,,,no_confirmation
Axitinib__LIS_2207_Oncology/LIS 2207 - Vedlegg 03 Prisskjema v 2.xlsx,Prisskjema,140,Axitinib,L01EG02,,Votubia disperg tab 2mg,false,unrelated_molecule_in_workbook,,,no_confirmation
Axitinib__LIS_2207_Oncology/LIS 2207 - Vedlegg 03 Prisskjema v 2.xlsx,Prisskjema,141,Axitinib,L01EG02,,Votubia disperg tab 3mg,false,unrelated_molecule_in_workbook,,,no_confirmation
Axitinib__LIS_2207_Oncology/LIS 2207 - Vedlegg 03 Prisskjema v 2.xlsx,Prisskjema,142,Axitinib,L01EG02,,Votubia disperg tab 5mg,false,unrelated_molecule_in_workbook,,,no_confirmation
Axitinib__LIS_2207_Oncology/LIS 2207 - Vedlegg 03 Prisskjema v 2.xlsx,Prisskjema,143,Axitinib,L01EG02,,"Votubia tab  2,5mg",false,unrelated_molecule_in_workbook,,,no_confirmation
Axitinib__LIS_2207_Oncology/LIS 2207 - Vedlegg 03 Prisskjema v 2.xlsx,Prisskjema,144,Axitinib,L01EG02,,Votubia tab  5mg,false,unrelated_molecule_in_workbook,,,no_confirmation
Axitinib__LIS_2207_Oncology/LIS 2207 - Vedlegg 03 Prisskjema v 2.xlsx,Prisskjema,145,Axitinib,L01EG02,,Votubia tab 10mg,false,unrelated_molecule_in_workbook,,,no_confirmation
Axitinib__LIS_2207_Oncology/LIS 2207 - Vedlegg 03 Prisskjema v 2.xlsx,Prisskjema,146,Axitinib,L01FX07,,"Blincyto orif pu t infko 38,5",false,no_accepted_target_evidence,,,no_confirmation
Axitinib__LIS_2207_Oncology/LIS 2207 - Vedlegg 03 Prisskjema v 2.xlsx,Prisskjema,147,Axitinib,L01EA05,,Iclusig orifarm tab 15mg,false,no_accepted_target_evidence,,,no_confirmation
Axitinib__LIS_2207_Oncology/LIS 2207 - Vedlegg 03 Prisskjema v 2.xlsx,Prisskjema,148,Axitinib,L01FB01,,Besponsa pulv til inf kons 1mg,false,no_accepted_target_evidence,,,no_confirmation
Axitinib__LIS_2207_Oncology/LIS 2207 - Vedlegg 03 Prisskjema v 2.xlsx,Prisskjema,149,Axitinib,L01EA04,,Bosulif tab 100mg,false,no_accepted_target_evidence,,,no_confirmation
Axitinib__LIS_2207_Oncology/LIS 2207 - Vedlegg 03 Prisskjema v 2.xlsx,Prisskjema,150,Axitinib,L01EA04,,Bosulif tab 400mg,false,no_accepted_target_evidence,,,no_confirmation
Axitinib__LIS_2207_Oncology/LIS 2207 - Vedlegg 03 Prisskjema v 2.xlsx,Prisskjema,151,Axitinib,L01EA04,,Bosulif tab 500mg,false,no_accepted_target_evidence,,,no_confirmation
Axitinib__LIS_2207_Oncology/LIS 2207 - Vedlegg 03 Prisskjema v 2.xlsx,Prisskjema,152,Axitinib,L01EF01,,Ibrance kaps  75mg,false,no_accepted_target_evidence,,,no_confirmation
Axitinib__LIS_2207_Oncology/LIS 2207 - Vedlegg 03 Prisskjema v 2.xlsx,Prisskjema,153,Axitinib,L01EF01,,Ibrance kaps 100mg,false,no_accepted_target_evidence,,,no_confirmation
Axitinib__LIS_2207_Oncology/LIS 2207 - Vedlegg 03 Prisskjema v 2.xlsx,Prisskjema,154,Axitinib,L01EF01,,Ibrance kaps 125mg,false,no_accepted_target_evidence,,,no_confirmation
Axitinib__LIS_2207_Oncology/LIS 2207 - Vedlegg 03 Prisskjema v 2.xlsx,Prisskjema,155,Axitinib,L01EF01,,Ibrance kaps 125mg,false,no_accepted_target_evidence,,,no_confirmation
Axitinib__LIS_2207_Oncology/LIS 2207 - Vedlegg 03 Prisskjema v 2.xlsx,Prisskjema,156,Axitinib,L01EF01,,Ibrance tab  75mg,false,no_accepted_target_evidence,,,no_confirmation
Axitinib__LIS_2207_Oncology/LIS 2207 - Vedlegg 03 Prisskjema v 2.xlsx,Prisskjema,157,Axitinib,L01EF01,,Ibrance tab 100mg,false,no_accepted_target_evidence,,,no_confirmation
Axitinib__LIS_2207_Oncology/LIS 2207 - Vedlegg 03 Prisskjema v 2.xlsx,Prisskjema,158,Axitinib,L01EF01,,Ibrance tab 125mg,false,no_accepted_target_evidence,,,no_confirmation
Axitinib__LIS_2207_Oncology/LIS 2207 - Vedlegg 03 Prisskjema v 2.xlsx,Prisskjema,159,Axitinib,L01EK01,,Inlyta tab 1mg,true,,L01EK01,atc_in_document,document_atc
Axitinib__LIS_2207_Oncology/LIS 2207 - Vedlegg 03 Prisskjema v 2.xlsx,Prisskjema,160,Axitinib,L01EK01,,Inlyta tab 3mg,true,,L01EK01,atc_in_document,document_atc
Axitinib__LIS_2207_Oncology/LIS 2207 - Vedlegg 03 Prisskjema v 2.xlsx,Prisskjema,161,Axitinib,L01EK01,,Inlyta tab 5mg,true,,L01EK01,atc_in_document,document_atc
Axitinib__LIS_2207_Oncology/LIS 2207 - Vedlegg 03 Prisskjema v 2.xlsx,Prisskjema,162,Axitinib,L01EK01,,Inlyta tab 7mg,true,,L01EK01,atc_in_document,document_atc
Axitinib__LIS_2207_Oncology/LIS 2207 - Vedlegg 03 Prisskjema v 2.xlsx,Prisskjema,163,Axitinib,L01ED05,,Lorviqua tab  25mg,false,no_accepted_target_evidence,,,no_confirmation
Axitinib__LIS_2207_Oncology/LIS 2207 - Vedlegg 03 Prisskjema v 2.xlsx,Prisskjema,164,Axitinib,L01ED05,,Lorviqua tab  25mg,false,no_accepted_target_evidence,,,no_confirmation
Axitinib__LIS_2207_Oncology/LIS 2207 - Vedlegg 03 Prisskjema v 2.xlsx,Prisskjema,165,Axitinib,L01ED05,,Lorviqua tab 100mg,false,no_accepted_target_evidence,,,no_confirmation
Axitinib__LIS_2207_Oncology/LIS 2207 - Vedlegg 03 Prisskjema v 2.xlsx,Prisskjema,166,Axitinib,L01FX02,,Mylotarg pulv til inf kons 5mg,false,no_accepted_target_evidence,,,no_confirmation
Axitinib__LIS_2207_Oncology/LIS 2207 - Vedlegg 03 Prisskjema v 2.xlsx,Prisskjema,167,Axitinib,L01EF01,,Palbociclib kaps  75mg,false,no_accepted_target_evidence,,,no_confirmation
Axitinib__LIS_2207_Oncology/LIS 2207 - Vedlegg 03 Prisskjema v 2.xlsx,Prisskjema,168,Axitinib,L01EX01,,"Sutent kaps 12,5mg",false,no_accepted_target_evidence,,,no_confirmation
Axitinib__LIS_2207_Oncology/LIS 2207 - Vedlegg 03 Prisskjema v 2.xlsx,Prisskjema,169,Axitinib,L01EX01,,Sutent kaps 25mg,false,no_accepted_target_evidence,,,no_confirmation
Axitinib__LIS_2207_Oncology/LIS 2207 - Vedlegg 03 Prisskjema v 2.xlsx,Prisskjema,170,Axitinib,L01EX01,,Sutent kaps 50mg,false,no_accepted_target_evidence,,,no_confirmation
Axitinib__LIS_2207_Oncology/LIS 2207 - Vedlegg 03 Prisskjema v 2.xlsx,Prisskjema,171,Axitinib,L01XK04,,"Talzenna kaps 0,25mg",false,no_accepted_target_evidence,,,no_confirmation
Axitinib__LIS_2207_Oncology/LIS 2207 - Vedlegg 03 Prisskjema v 2.xlsx,Prisskjema,172,Axitinib,L01XK04,,Talzenna kaps 1mg,false,no_accepted_target_evidence,,,no_confirmation
Axitinib__LIS_2207_Oncology/LIS 2207 - Vedlegg 03 Prisskjema v 2.xlsx,Prisskjema,173,Axitinib,L01EC03,,Braftovi kaps 50mg,false,no_accepted_target_evidence,,,no_confirmation
Axitinib__LIS_2207_Oncology/LIS 2207 - Vedlegg 03 Prisskjema v 2.xlsx,Prisskjema,174,Axitinib,L01EC03,,Braftovi kaps 75mg,false,no_accepted_target_evidence,,,no_confirmation
Axitinib__LIS_2207_Oncology/LIS 2207 - Vedlegg 03 Prisskjema v 2.xlsx,Prisskjema,175,Axitinib,L01EE03,,Mektovi tab 15mg,false,no_accepted_target_evidence,,,no_confirmation
Axitinib__LIS_2207_Oncology/LIS 2207 - Vedlegg 03 Prisskjema v 2.xlsx,Prisskjema,176,Axitinib,L01EH02,,Nerlynx tab 40mg,false,no_accepted_target_evidence,,,no_confirmation
Axitinib__LIS_2207_Oncology/LIS 2207 - Vedlegg 03 Prisskjema v 2.xlsx,Prisskjema,177,Axitinib,L01AA05,,Ledaga gel 160mcg/g,false,no_accepted_target_evidence,,,no_confirmation
Axitinib__LIS_2207_Oncology/LIS 2207 - Vedlegg 03 Prisskjema v 2.xlsx,Prisskjema,178,Axitinib,L01EE02,,Cotellic tab 20mg,false,no_accepted_target_evidence,,,no_confirmation
Axitinib__LIS_2207_Oncology/LIS 2207 - Vedlegg 03 Prisskjema v 2.xlsx,Prisskjema,179,Axitinib,L01FD03,,Kadcyla pulv t inf kons 100mg,false,no_accepted_target_evidence,,,no_confirmation
Axitinib__LIS_2207_Oncology/LIS 2207 - Vedlegg 03 Prisskjema v 2.xlsx,Prisskjema,180,Axitinib,L01FD03,,Kadcyla pulv t inf kons 160mg,false,no_accepted_target_evidence,,,no_confirmation
Axitinib__LIS_2207_Oncology/LIS 2207 - Vedlegg 03 Prisskjema v 2.xlsx,Prisskjema,181,Axitinib,L01FX14,,Polivy pulv til inf kons  30mg,false,no_accepted_target_evidence,,,no_confirmation
Axitinib__LIS_2207_Oncology/LIS 2207 - Vedlegg 03 Prisskjema v 2.xlsx,Prisskjema,182,Axitinib,L01FX14,,Polivy pulv til inf kons 140mg,false,no_accepted_target_evidence,,,no_confirmation
Axitinib__LIS_2207_Oncology/LIS 2207 - Vedlegg 03 Prisskjema v 2.xlsx,Prisskjema,183,Axitinib,L01EX14,,Rozlytrek kaps 100mg,false,no_accepted_target_evidence,,,no_confirmation
Axitinib__LIS_2207_Oncology/LIS 2207 - Vedlegg 03 Prisskjema v 2.xlsx,Prisskjema,184,Axitinib,L01EX14,,Rozlytrek kaps 200mg,false,no_accepted_target_evidence,,,no_confirmation
Axitinib__LIS_2207_Oncology/LIS 2207 - Vedlegg 03 Prisskjema v 2.xlsx,Prisskjema,185,Axitinib,L01FF05,,Tecentriq inf kons  840mg/14ml,false,no_accepted_target_evidence,,,no_confirmation
Axitinib__LIS_2207_Oncology/LIS 2207 - Vedlegg 03 Prisskjema v 2.xlsx,Prisskjema,186,Axitinib,L01FF05,,Tecentriq inf kons 1200mg/20ml,false,no_accepted_target_evidence,,,no_confirmation
Axitinib__LIS_2207_Oncology/LIS 2207 - Vedlegg 03 Prisskjema v 2.xlsx,Prisskjema,187,Axitinib,L01EC01,,Zelboraf tab 240mg,false,no_accepted_target_evidence,,,no_confirmation
Axitinib__LIS_2207_Oncology/LIS 2207 - Vedlegg 03 Prisskjema v 2.xlsx,Prisskjema,188,Axitinib,L01FF06,,Libtayo inf kons 350mg/7ml,false,no_accepted_target_evidence,,,no_confirmation
Axitinib__LIS_2207_Oncology/LIS 2207 - Vedlegg 03 Prisskjema v 2.xlsx,Prisskjema,189,Axitinib,L01FC02,,Sarclisa inf kons 20mg/ml,false,no_accepted_target_evidence,,,no_confirmation
Axitinib__LIS_2207_Oncology/LIS 2207 - Vedlegg 03 Prisskjema v 2.xlsx,Prisskjema,190,Axitinib,L01FC02,,Sarclisa inf kons 20mg/ml,false,no_accepted_target_evidence,,,no_confirmation
Axitinib__LIS_2207_Oncology/LIS 2207 - Vedlegg 03 Prisskjema v 2.xlsx,Prisskjema,191,Axitinib,L01BC59,,"Lonsurf tab 15/6,14mg",false,no_accepted_target_evidence,,,no_confirmation
Axitinib__LIS_2207_Oncology/LIS 2207 - Vedlegg 03 Prisskjema v 2.xlsx,Prisskjema,192,Axitinib,L01BC59,,"Lonsurf tab 15/6,14mg",false,no_accepted_target_evidence,,,no_confirmation
Axitinib__LIS_2207_Oncology/LIS 2207 - Vedlegg 03 Prisskjema v 2.xlsx,Prisskjema,193,Axitinib,L01BC59,,"Lonsurf tab 20/8,19mg",false,no_accepted_target_evidence,,,no_confirmation
Axitinib__LIS_2207_Oncology/LIS 2207 - Vedlegg 03 Prisskjema v 2.xlsx,Prisskjema,194,Axitinib,L01BC59,,"Lonsurf tab 20/8,19mg",false,no_accepted_target_evidence,,,no_confirmation
Axitinib__LIS_2207_Oncology/LIS 2207 - Vedlegg 03 Prisskjema v 2.xlsx,Prisskjema,195,Axitinib,L01FX05,,Adcetris pulv t inf kons 50mg,false,no_accepted_target_evidence,,,no_confirmation
Axitinib__LIS_2207_Oncology/LIS 2207 - Vedlegg 03 Prisskjema v 2.xlsx,Prisskjema,196,Axitinib,L01XG03,,"Ninlaro kaps 2,3mg",false,no_accepted_target_evidence,,,no_confirmation
Axitinib__LIS_2207_Oncology/LIS 2207 - Vedlegg 03 Prisskjema v 2.xlsx,Prisskjema,197,Axitinib,L01XG03,,Ninlaro kaps 3mg,false,no_accepted_target_evidence,,,no_confirmation
Axitinib__LIS_2207_Oncology/LIS 2207 - Vedlegg 03 Prisskjema v 2.xlsx,Prisskjema,198,Axitinib,L01XG03,,Ninlaro kaps 4mg,false,no_accepted_target_evidence,,,no_confirmation
Axitinib__LIS_2207_Oncology/LIS 2207 - Vedlegg 03 Prisskjema v 2.xlsx,Prisskjema,199,Axitinib,L01XX01,,"Amekrin kons t infkon 75mg/1,5",false,no_accepted_target_evidence,,,no_confirmation
Lenalidomide__LIS_2234/LIS 2234 Vedlegg 03 Prisskjema.xlsx,Prisskjema,4,Lenalidomide,L04AX04,Lenalidomid,Revlimid kaps 20mg,true,,lenalidomid,name_in_document,document_name_and_atc
Lenalidomide__LIS_2234/LIS 2234 Vedlegg 03 Prisskjema.xlsx,Prisskjema,5,Lenalidomide,L04AX04,Lenalidomid,Revlimid kaps  5mg,true,,lenalidomid,name_in_document,document_name_and_atc
Lenalidomide__LIS_2234/LIS 2234 Vedlegg 03 Prisskjema.xlsx,Prisskjema,6,Lenalidomide,L04AX04,Lenalidomid,Revlimid kaps 10mg,true,,lenalidomid,name_in_document,document_name_and_atc
Lenalidomide__LIS_2234/LIS 2234 Vedlegg 03 Prisskjema.xlsx,Prisskjema,7,Lenalidomide,L04AX04,Lenalidomid,Revlimid kaps 15mg,true,,lenalidomid,name_in_document,document_name_and_atc
Lenalidomide__LIS_2234/LIS 2234 Vedlegg 03 Prisskjema.xlsx,Prisskjema,8,Lenalidomide,L04AX04,Lenalidomid,Revlimid kaps 25mg,true,,lenalidomid,name_in_document,document_name_and_atc
Lenalidomide__LIS_2234/LIS 2234 Vedlegg 03 Prisskjema.xlsx,Prisskjema,9,Lenalidomide,L04AX04,Lenalidomid,"Revlimid kaps  7,5mg",true,,lenalidomid,name_in_document,document_name_and_atc
Lenalidomide__LIS_2234/LIS 2234 Vedlegg 03 Prisskjema.xlsx,Prisskjema,10,Lenalidomide,L04AX04,Lenalidomid,"Revlimid kaps  2,5mg",true,,lenalidomid,name_in_document,document_name_and_atc
Everolimus__2632a/2632a Bilag 2 Prisskjema.xlsx,Prisskjema,5,Everolimus,L04AA06,Mykofenolsyre,Mykofenolsyre acc enttab 180mg,false,mycophenolic_acid_excluded,,,no_confirmation
Everolimus__2632a/2632a Bilag 2 Prisskjema.xlsx,Prisskjema,6,Everolimus,L04AA06,Mykofenolsyre,Mykofenolsyre acc enttab 360mg,false,mycophenolic_acid_excluded,,,no_confirmation
Everolimus__2632a/2632a Bilag 2 Prisskjema.xlsx,Prisskjema,7,Everolimus,L04AH02,Everolimus,"Certican disperg tab 0,1mg",true,,everolimus,name_in_document,document_name_and_atc
Everolimus__2632a/2632a Bilag 2 Prisskjema.xlsx,Prisskjema,8,Everolimus,L04AH02,Everolimus,"Certican disperg tab 0,25mg",true,,everolimus,name_in_document,document_name_and_atc
Everolimus__2632a/2632a Bilag 2 Prisskjema.xlsx,Prisskjema,9,Everolimus,L04AH02,Everolimus,"Certican tab 0,25mg",true,,everolimus,name_in_document,document_name_and_atc
Everolimus__2632a/2632a Bilag 2 Prisskjema.xlsx,Prisskjema,10,Everolimus,L04AH02,Everolimus,"Certican tab 0,5mg",true,,everolimus,name_in_document,document_name_and_atc
Everolimus__2632a/2632a Bilag 2 Prisskjema.xlsx,Prisskjema,11,Everolimus,L04AH02,Everolimus,"Certican tab 0,75mg",true,,everolimus,name_in_document,document_name_and_atc
Everolimus__2632a/2632a Bilag 2 Prisskjema.xlsx,Prisskjema,12,Everolimus,L04AH02,Everolimus,Certican tab 1mg,true,,everolimus,name_in_document,document_name_and_atc
Everolimus__2632a/2632a Bilag 2 Prisskjema.xlsx,Prisskjema,13,Everolimus,L04AA06,Mykofenolsyre,Myfortic enterotab 180mg,false,mycophenolic_acid_excluded,,,no_confirmation
Everolimus__2632a/2632a Bilag 2 Prisskjema.xlsx,Prisskjema,14,Everolimus,L04AA06,Mykofenolsyre,Myfortic enterotab 360mg,false,mycophenolic_acid_excluded,,,no_confirmation
Anagrelide__2507gj-1/2507gj-1 Bilag 2 Prisskjema.xlsx,Prisskjema,5,Anagrelide,L01XX35,Anagrelid,"Anagrelide bluefish kaps 0,5mg",true,,anagrelide,name_in_document,document_name_and_atc
Anagrelide__2507gj-1/2507gj-1 Bilag 2 Prisskjema.xlsx,Prisskjema,6,Anagrelide,L01XX35,Anagrelid,"Anagrelide sandoz kaps 0,5mg",true,,anagrelide,name_in_document,document_name_and_atc
Anagrelide__2507gj-1/2507gj-1 Bilag 2 Prisskjema.xlsx,Prisskjema,7,Anagrelide,L01XX35,Anagrelid,"Xagrid kaps 0,5mg",true,,anagrelid,name_in_document,document_name_and_atc
Anagrelide__2507gj-1/2507gj-1 Bilag 2 Prisskjema.xlsx,Prisskjema,8,Anagrelide,L01XX35,Anagrelid,"Xagrid Kapsel, hard 0,5 mg",true,,anagrelid,name_in_document,document_name_and_atc
Anagrelide__2507gj-1/2507gj-1 Bilag 2 Prisskjema.xlsx,Prisskjema,9,Anagrelide,L01XX35,Anagrelid,"Anagrelide AOP Kapsel, hard 0,5 mg",true,,anagrelide,name_in_document,document_name_and_atc
Anagrelide__2507gj-1/2507gj-1 Bilag 2 Prisskjema.xlsx,Prisskjema,10,Anagrelide,L01XX35,Anagrelid,"Anagrelide sandoz kaps 0,5mg",true,,anagrelide,name_in_document,document_name_and_atc
Paliperidone__LIS_2301d/2301d Vedlegg 03 Prisskjema legem versj1.xlsx,Prisskjema,4,Paliperidone,A03AD01,Papaverin,Papaverine campus Injeksjonsvæske 40 mg/ml,false,unrelated_atc_in_workbook,,,no_confirmation
Paliperidone__LIS_2301d/2301d Vedlegg 03 Prisskjema legem versj1.xlsx,Prisskjema,5,Paliperidone,A03AD01,Papaverin,Papaverine HCl orifarm Injeksjonsvæske 40 mg/ml,false,unrelated_atc_in_workbook,,,no_confirmation
Paliperidone__LIS_2301d/2301d Vedlegg 03 Prisskjema legem versj1.xlsx,Prisskjema,6,Paliperidone,A03AD01,Papaverin,Papaverine Injeksjonsvæske 40 mg/ml,false,unrelated_atc_in_workbook,,,no_confirmation
Paliperidone__LIS_2301d/2301d Vedlegg 03 Prisskjema legem versj1.xlsx,Prisskjema,7,Paliperidone,A03AD01,Papaverin,Papaverin specific Injeksjonsvæske 40 mg/ml,false,unrelated_atc_in_workbook,,,no_confirmation
Paliperidone__LIS_2301d/2301d Vedlegg 03 Prisskjema legem versj1.xlsx,Prisskjema,8,Paliperidone,A11BA,Multivitaminer,Multibionta Nutrition Dråper,false,unrelated_atc_in_workbook,,,no_confirmation
Paliperidone__LIS_2301d/2301d Vedlegg 03 Prisskjema legem versj1.xlsx,Prisskjema,9,Paliperidone,A11BA,Multivitaminer,Multivitamindroppar unimedic Dråper (ikke angitt),false,unrelated_atc_in_workbook,,,no_confirmation
Paliperidone__LIS_2301d/2301d Vedlegg 03 Prisskjema legem versj1.xlsx,Prisskjema,10,Paliperidone,A11CC05,Kolekalsiferol,D3-Vicotrat unimedic Injeksjonsvæske 100000 IE/ml,false,unrelated_atc_in_workbook,,,no_confirmation
Paliperidone__LIS_2301d/2301d Vedlegg 03 Prisskjema legem versj1.xlsx,Prisskjema,11,Paliperidone,A11CC05,Kolekalsiferol,D3-Vicotrat specific Injeksjonsvæske 100 000 IE,false,unrelated_atc_in_workbook,,,no_confirmation
Paliperidone__LIS_2301d/2301d Vedlegg 03 Prisskjema legem versj1.xlsx,Prisskjema,12,Paliperidone,A11CC05,Kolekalsiferol,D3-Vicotrat Injeksjonsvæske 100 000 IE,false,unrelated_atc_in_workbook,,,no_confirmation
Paliperidone__LIS_2301d/2301d Vedlegg 03 Prisskjema legem versj1.xlsx,Prisskjema,13,Paliperidone,A11DA01,Tiamin,Vitamine B1 frostpharma Injeksjonsvæske 250 mg/2 ml,false,unrelated_atc_in_workbook,,,no_confirmation
Paliperidone__LIS_2301d/2301d Vedlegg 03 Prisskjema legem versj1.xlsx,Prisskjema,14,Paliperidone,A11DA01,Tiamin,Vitamin B1-hevert Injeksjonsvæske 200 mg/2 ml,false,unrelated_atc_in_workbook,,,no_confirmation
Paliperidone__LIS_2301d/2301d Vedlegg 03 Prisskjema legem versj1.xlsx,Prisskjema,15,Paliperidone,A11DA01,Tiamin,Vitamin B1 specific Injeksjonsvæske 100 mg/ml,false,unrelated_atc_in_workbook,,,no_confirmation
Paliperidone__LIS_2301d/2301d Vedlegg 03 Prisskjema legem versj1.xlsx,Prisskjema,16,Paliperidone,A11DA01,Tiamin,Benerva Enterotablett 300 mg,false,unrelated_atc_in_workbook,,,no_confirmation
Paliperidone__LIS_2301d/2301d Vedlegg 03 Prisskjema legem versj1.xlsx,Prisskjema,17,Paliperidone,A11DA01,Tiamin,Benerva tab 300mg,false,unrelated_atc_in_workbook,,,no_confirmation
Paliperidone__LIS_2301d/2301d Vedlegg 03 Prisskjema legem versj1.xlsx,Prisskjema,18,Paliperidone,A11DA01,Tiamin,Benerva euromedica Tablett 300 mg,false,unrelated_atc_in_workbook,,,no_confirmation
Paliperidone__LIS_2301d/2301d Vedlegg 03 Prisskjema legem versj1.xlsx,Prisskjema,19,Paliperidone,A11DA01,Tiamin,Benerva Tablett 300 mg,false,unrelated_atc_in_workbook,,,no_confirmation
Paliperidone__LIS_2301d/2301d Vedlegg 03 Prisskjema legem versj1.xlsx,Prisskjema,20,Paliperidone,A11EB,"Askorbinsyre, Tiamin, Riboflavin, Nikotinamid, Pyridoksin, Glukose",Pabrinex IV high potency campus Konsentrat til infusjonsvæske (ikke angitt),false,unrelated_atc_in_workbook,,,no_confirmation
Paliperidone__LIS_2301d/2301d Vedlegg 03 Prisskjema legem versj1.xlsx,Prisskjema,21,Paliperidone,A11EB,"Askorbinsyre, Tiamin, Riboflavin, Nikotinamid, Pyridoksin, Glukose",Pabrinex IV high potency campus Konsentrat til infusjonsvæske (ikke angitt),false,unrelated_atc_in_workbook,,,no_confirmation
Paliperidone__LIS_2301d/2301d Vedlegg 03 Prisskjema legem versj1.xlsx,Prisskjema,22,Paliperidone,A11EB,"Askorbinsyre, Tiamin, Riboflavin, Nikotinamid, Pyridoksin, Glukose",Pabrinex IV high potency specific Konsentrat til infusjonsvæske (ikke angitt),false,unrelated_atc_in_workbook,,,no_confirmation
Paliperidone__LIS_2301d/2301d Vedlegg 03 Prisskjema legem versj1.xlsx,Prisskjema,23,Paliperidone,A11EB,"Askorbinsyre, Tiamin, Riboflavin, Nikotinamid, Pyridoksin, Glukose",Pabrinex IV high potency life Konsentrat til infusjonsvæske (ikke angitt),false,unrelated_atc_in_workbook,,,no_confirmation
Paliperidone__LIS_2301d/2301d Vedlegg 03 Prisskjema legem versj1.xlsx,Prisskjema,24,Paliperidone,A11EB,"Askorbinsyre, Tiamin, Riboflavin, Nikotinamid, Pyridoksin, Glukose",Pabrinex IV high potency specific Konsentrat til infusjonsvæske (ikke angitt),false,unrelated_atc_in_workbook,,,no_confirmation
Paliperidone__LIS_2301d/2301d Vedlegg 03 Prisskjema legem versj1.xlsx,Prisskjema,25,Paliperidone,A11EB,"Askorbinsyre, Tiamin, Riboflavin, Nikotinamid, Pyridoksin, Glukose",Pabrinex IV high potency euromedica Konsentrat til infusjonsvæske (ikke angitt),false,unrelated_atc_in_workbook,,,no_confirmation
Paliperidone__LIS_2301d/2301d Vedlegg 03 Prisskjema legem versj1.xlsx,Prisskjema,26,Paliperidone,A11EB,"Askorbinsyre, Tiamin, Riboflavin, Nikotinamid, Pyridoksin, Glukose",Pabrinex IV high potency life Konsentrat til infusjonsvæske (ikke angitt),false,unrelated_atc_in_workbook,,,no_confirmation
Paliperidone__LIS_2301d/2301d Vedlegg 03 Prisskjema legem versj1.xlsx,Prisskjema,27,Paliperidone,A11EB,"Askorbinsyre, Tiamin, Riboflavin, Nikotinamid, Pyridoksin, Glukose",Pabrinex IV high potency Konsentrat til infusjonsvæske (ikke angitt),false,unrelated_atc_in_workbook,,,no_confirmation
Paliperidone__LIS_2301d/2301d Vedlegg 03 Prisskjema legem versj1.xlsx,Prisskjema,28,Paliperidone,A11EB,"Askorbinsyre, Tiamin, Riboflavin, Nikotinamid, Pyridoksin, Glukose",Pabrinex IV high potency Konsentrat til infusjonsvæske (ikke angitt),false,unrelated_atc_in_workbook,,,no_confirmation
Paliperidone__LIS_2301d/2301d Vedlegg 03 Prisskjema legem versj1.xlsx,Prisskjema,29,Paliperidone,A11EB,"Askorbinsyre, Tiamin, Riboflavin, Nikotinamid, Pyridoksin",Pabrinex IM high potency Injeksjonsvæske (ikke angitt),false,unrelated_atc_in_workbook,,,no_confirmation
Paliperidone__LIS_2301d/2301d Vedlegg 03 Prisskjema legem versj1.xlsx,Prisskjema,30,Paliperidone,A11EB,"Askorbinsyre, Tiamin, Riboflavin, Nikotinamid, Pyridoksin",Pabrinex IM high potency life Injeksjonsvæske (ikke angitt),false,unrelated_atc_in_workbook,,,no_confirmation
Paliperidone__LIS_2301d/2301d Vedlegg 03 Prisskjema legem versj1.xlsx,Prisskjema,31,Paliperidone,A11EB,"Askorbinsyre, Tiamin, Riboflavin, Nikotinamid, Pyridoksin",Pabrinex IM high potency euromedica Injeksjonsvæske (ikke angitt),false,unrelated_atc_in_workbook,,,no_confirmation
Paliperidone__LIS_2301d/2301d Vedlegg 03 Prisskjema legem versj1.xlsx,Prisskjema,32,Paliperidone,A11HA03,Tokoferol,Vitamin E specific Mikstur 100 mg/ml,false,unrelated_atc_in_workbook,,,no_confirmation
Paliperidone__LIS_2301d/2301d Vedlegg 03 Prisskjema legem versj1.xlsx,Prisskjema,33,Paliperidone,A11HA03,Tokoferol,Vitamin E life Mikstur 100 mg/ml,false,unrelated_atc_in_workbook,,,no_confirmation
Paliperidone__LIS_2301d/2301d Vedlegg 03 Prisskjema legem versj1.xlsx,Prisskjema,34,Paliperidone,A11HA03,Tokoferol,Vitamin E Mikstur 100 mg/ml,false,unrelated_atc_in_workbook,,,no_confirmation
Paliperidone__LIS_2301d/2301d Vedlegg 03 Prisskjema legem versj1.xlsx,Prisskjema,35,Paliperidone,A11HA03,Tokoferol,Vitamin E euromedica Mikstur 100 mg/ml,false,unrelated_atc_in_workbook,,,no_confirmation
Paliperidone__LIS_2301d/2301d Vedlegg 03 Prisskjema legem versj1.xlsx,Prisskjema,36,Paliperidone,A11JA,"Vitamin A, Vitamin D2, Cyanokobalamin, Kolin",Ketovite Liquid orifarm Mikstur (ikke angitt),false,unrelated_atc_in_workbook,,,no_confirmation
Paliperidone__LIS_2301d/2301d Vedlegg 03 Prisskjema legem versj1.xlsx,Prisskjema,37,Paliperidone,A12AA03,Kalsiumglukonat,Calcium gluconate algol Injeksjonsvæske 10 % w/v,false,unrelated_atc_in_workbook,,,no_confirmation
Paliperidone__LIS_2301d/2301d Vedlegg 03 Prisskjema legem versj1.xlsx,Prisskjema,38,Paliperidone,A12AA03,Kalsiumglukonat,Calciumgluconat braun Injeksjonsvæske 10 % w/v,false,unrelated_atc_in_workbook,,,no_confirmation
Paliperidone__LIS_2301d/2301d Vedlegg 03 Prisskjema legem versj1.xlsx,Prisskjema,39,Paliperidone,A12AA03,Kalsiumglukonat,Calcium gluconate campus Injeksjonsvæske 10 % w/v,false,unrelated_atc_in_workbook,,,no_confirmation
Paliperidone__LIS_2301d/2301d Vedlegg 03 Prisskjema legem versj1.xlsx,Prisskjema,40,Paliperidone,A12AA03,Kalsiumglukonat,Calciumgluconat 2care4 Injeksjonsvæske 10 % w/v,false,unrelated_atc_in_workbook,,,no_confirmation
Paliperidone__LIS_2301d/2301d Vedlegg 03 Prisskjema legem versj1.xlsx,Prisskjema,41,Paliperidone,A12AA03,Kalsiumglukonat,Calciumgluconat specific Injeksjonsvæske 10 % w/v,false,unrelated_atc_in_workbook,,,no_confirmation
Paliperidone__LIS_2301d/2301d Vedlegg 03 Prisskjema legem versj1.xlsx,Prisskjema,42,Paliperidone,A12AA03,Kalsiumglukonat,Calcium gluconate Injeksjonsvæske 10 % w/v,false,unrelated_atc_in_workbook,,,no_confirmation
Paliperidone__LIS_2301d/2301d Vedlegg 03 Prisskjema legem versj1.xlsx,Prisskjema,43,Paliperidone,A12CC,Magnesiumglyserfosfat,Maglyphos Mikstur 1 mmol/ml,false,unrelated_atc_in_workbook,,,no_confirmation
Paliperidone__LIS_2301d/2301d Vedlegg 03 Prisskjema legem versj1.xlsx,Prisskjema,44,Paliperidone,A14AA08,Oksandrolon,"Oxandrolone Tablett 2,5 mg",false,unrelated_atc_in_workbook,,,no_confirmation
Paliperidone__LIS_2301d/2301d Vedlegg 03 Prisskjema legem versj1.xlsx,Prisskjema,45,Paliperidone,A16AA01,Levokarnitin,Carnitene nordprim inj 1g/5ml,false,unrelated_atc_in_workbook,,,no_confirmation
Paliperidone__LIS_2301d/2301d Vedlegg 03 Prisskjema legem versj1.xlsx,Prisskjema,46,Paliperidone,A16AA01,Levokarnitin,Carnitene specific Injeksjonsvæske 1 g/5 ml,false,unrelated_atc_in_workbook,,,no_confirmation
Paliperidone__LIS_2301d/2301d Vedlegg 03 Prisskjema legem versj1.xlsx,Prisskjema,47,Paliperidone,A16AA01,Levokarnitin,L-Carn Injeksjonsvæske 200 mg/ml,false,unrelated_atc_in_workbook,,,no_confirmation
Paliperidone__LIS_2301d/2301d Vedlegg 03 Prisskjema legem versj1.xlsx,Prisskjema,48,Paliperidone,A16AA01,Levokarnitin,Carnitene Injeksjonsvæske 200 mg/ml,false,unrelated_atc_in_workbook,,,no_confirmation
Paliperidone__LIS_2301d/2301d Vedlegg 03 Prisskjema legem versj1.xlsx,Prisskjema,49,Paliperidone,A16AA01,Levokarnitin,Carnitene Injeksjonsvæske 1 g/5 ml,false,unrelated_atc_in_workbook,,,no_confirmation
Paliperidone__LIS_2301d/2301d Vedlegg 03 Prisskjema legem versj1.xlsx,Prisskjema,50,Paliperidone,A16AA01,Levokarnitin,Carnitene orifarm Injeksjonsvæske 1 g/5 ml,false,unrelated_atc_in_workbook,,,no_confirmation
Paliperidone__LIS_2301d/2301d Vedlegg 03 Prisskjema legem versj1.xlsx,Prisskjema,51,Paliperidone,A16AA01,Levokarnitin,Carnicor nordic prime Injeksjonsvæske 200 mg/ml,false,unrelated_atc_in_workbook,,,no_confirmation
Paliperidone__LIS_2301d/2301d Vedlegg 03 Prisskjema legem versj1.xlsx,Prisskjema,52,Paliperidone,A16AA01,Levokarnitin,L-Carn nmd Injeksjonsvæske 200 mg/ml,false,unrelated_atc_in_workbook,,,no_confirmation
Paliperidone__LIS_2301d/2301d Vedlegg 03 Prisskjema legem versj1.xlsx,Prisskjema,53,Paliperidone,B01AB01,Heparin,Heparin paranova u/kons Injeksjonsvæske/konsentrat til infusjonsvæske 1000 IU/ml,false,unrelated_atc_in_workbook,,,no_confirmation
Paliperidone__LIS_2301d/2301d Vedlegg 03 Prisskjema legem versj1.xlsx,Prisskjema,54,Paliperidone,B01AB01,Heparin,Heparin specific u/kons Injeksjonsvæske/konsentrat til infusjonsvæske 1000 IU/ml,false,unrelated_atc_in_workbook,,,no_confirmation
Paliperidone__LIS_2301d/2301d Vedlegg 03 Prisskjema legem versj1.xlsx,Prisskjema,55,Paliperidone,B01AB01,Heparin,Heparin wockhardt Injeksjonsvæske/konsentrat til infusjonsvæske 1 000 IU/ml,false,unrelated_atc_in_workbook,,,no_confirmation
Paliperidone__LIS_2301d/2301d Vedlegg 03 Prisskjema legem versj1.xlsx,Prisskjema,56,Paliperidone,B01AB01,Heparin,Heparin campus Injeksjonsvæske/konsentrat til infusjonsvæske 1 000 IU/ml,false,unrelated_atc_in_workbook,,,no_confirmation
Paliperidone__LIS_2301d/2301d Vedlegg 03 Prisskjema legem versj1.xlsx,Prisskjema,57,Paliperidone,B01AB01,Heparin,Heparin nmd Injeksjonsvæske/konsentrat til infusjonsvæske 1000 IE/ml,false,unrelated_atc_in_workbook,,,no_confirmation
Paliperidone__LIS_2301d/2301d Vedlegg 03 Prisskjema legem versj1.xlsx,Prisskjema,58,Paliperidone,B01AB01,Heparin,Heparin bichsel u/kons Injeksjonsvæske 5 000 IE/ml,false,unrelated_atc_in_workbook,,,no_confirmation
Paliperidone__LIS_2301d/2301d Vedlegg 03 Prisskjema legem versj1.xlsx,Prisskjema,59,Paliperidone,B01AB01,Heparin,Heparin bichsel u/kons Injeksjonsvæske 5 000 IE/ml,false,unrelated_atc_in_workbook,,,no_confirmation
Paliperidone__LIS_2301d/2301d Vedlegg 03 Prisskjema legem versj1.xlsx,Prisskjema,60,Paliperidone,B01AB01,Heparin,Heparinnatrium nmd Injeksjonsvæske 50 IE/ml,false,unrelated_atc_in_workbook,,,no_confirmation
Paliperidone__LIS_2301d/2301d Vedlegg 03 Prisskjema legem versj1.xlsx,Prisskjema,61,Paliperidone,B01AB01,Heparin,Heparinnatrium Injeksjonsvæske 50 IE/ml,false,unrelated_atc_in_workbook,,,no_confirmation
Paliperidone__LIS_2301d/2301d Vedlegg 03 Prisskjema legem versj1.xlsx,Prisskjema,62,Paliperidone,B01AB01,Heparin,Heparinnatrium Injeksjonsvæske 50 IE/ml,false,unrelated_atc_in_workbook,,,no_confirmation
Paliperidone__LIS_2301d/2301d Vedlegg 03 Prisskjema legem versj1.xlsx,Prisskjema,63,Paliperidone,B02BA01,Fytomenadion,Konakion MM Injeksjonsvæske 10 mg/ml,false,unrelated_atc_in_workbook,,,no_confirmation
Paliperidone__LIS_2301d/2301d Vedlegg 03 Prisskjema legem versj1.xlsx,Prisskjema,64,Paliperidone,B02BA01,Fytomenadion,KA-Vit nordic prime Dråper 20 mg/ml,false,unrelated_atc_in_workbook,,,no_confirmation
Paliperidone__LIS_2301d/2301d Vedlegg 03 Prisskjema legem versj1.xlsx,Prisskjema,65,Paliperidone,B02BA01,Fytomenadion,KA-Vit euromedica Dråper 20 mg/ml,false,unrelated_atc_in_workbook,,,no_confirmation
Paliperidone__LIS_2301d/2301d Vedlegg 03 Prisskjema legem versj1.xlsx,Prisskjema,66,Paliperidone,B02BA01,Fytomenadion,KA-Vit specific Dråper 20 mg/ml,false,unrelated_atc_in_workbook,,,no_confirmation
Paliperidone__LIS_2301d/2301d Vedlegg 03 Prisskjema legem versj1.xlsx,Prisskjema,67,Paliperidone,B02BA01,Fytomenadion,KA-Vit campus Dråper 20 mg/ml,false,unrelated_atc_in_workbook,,,no_confirmation
Paliperidone__LIS_2301d/2301d Vedlegg 03 Prisskjema legem versj1.xlsx,Prisskjema,68,Paliperidone,B02BA01,Fytomenadion,KA-Vit Dråper 20 mg/ml,false,unrelated_atc_in_workbook,,,no_confirmation
Paliperidone__LIS_2301d/2301d Vedlegg 03 Prisskjema legem versj1.xlsx,Prisskjema,69,Paliperidone,B02BD,"Faktor X, Faktor IX",Factor X P behring inf/inj su,false,unrelated_atc_in_workbook,,,no_confirmation
Paliperidone__LIS_2301d/2301d Vedlegg 03 Prisskjema legem versj1.xlsx,Prisskjema,70,Paliperidone,B05XA16,"Kaliumklorid, Magnesiumklorid, Prokainhydroklorid","Cardioplegia Infusion campus Konsentrat til infusjonsvæske 0,014 g/ml/0,06 g/ml/0,163 g/ml",false,unrelated_atc_in_workbook,,,no_confirmation
Paliperidone__LIS_2301d/2301d Vedlegg 03 Prisskjema legem versj1.xlsx,Prisskjema,71,Paliperidone,B05XA16,"Kaliumklorid, Magnesiumklorid, Prokainhydroklorid","Cardioplegia Infusion martindale Konsentrat til infusjonsvæske 0,163 g/ml/0,06 g/ml/0,014 g/ml",false,unrelated_atc_in_workbook,,,no_confirmation
Paliperidone__LIS_2301d/2301d Vedlegg 03 Prisskjema legem versj1.xlsx,Prisskjema,72,Paliperidone,B05XA16,"Kaliumklorid, Magnesiumklorid, Prokainhydroklorid","Cardioplegia Infusion specific Konsentrat til infusjonsvæske 0,163 g/ml/0,06 g/ml/0,014 g/ml",false,unrelated_atc_in_workbook,,,no_confirmation
Paliperidone__LIS_2301d/2301d Vedlegg 03 Prisskjema legem versj1.xlsx,Prisskjema,73,Paliperidone,B05XA16,"Kaliumklorid, Magnesiumklorid, Prokainhydroklorid",Cardioplegia Infusion life Konsentrat til infusjonsvæske (ikke angitt),false,unrelated_atc_in_workbook,,,no_confirmation
Paliperidone__LIS_2301d/2301d Vedlegg 03 Prisskjema legem versj1.xlsx,Prisskjema,74,Paliperidone,C01BB02,Meksiletin,Mexiletine teva Kapsel 250 mg,false,unrelated_atc_in_workbook,,,no_confirmation
Paliperidone__LIS_2301d/2301d Vedlegg 03 Prisskjema legem versj1.xlsx,Prisskjema,75,Paliperidone,C01BB02,Meksiletin,Mexiletine Kapsel 150 mg,false,unrelated_atc_in_workbook,,,no_confirmation
Paliperidone__LIS_2301d/2301d Vedlegg 03 Prisskjema legem versj1.xlsx,Prisskjema,76,Paliperidone,C01BB02,Meksiletin,Mexitil Kapsel 50 mg,false,unrelated_atc_in_workbook,,,no_confirmation
Paliperidone__LIS_2301d/2301d Vedlegg 03 Prisskjema legem versj1.xlsx,Prisskjema,77,Paliperidone,C01BB02,Meksiletin,Mexiletine Kapsel 200 mg,false,unrelated_atc_in_workbook,,,no_confirmation
Paliperidone__LIS_2301d/2301d Vedlegg 03 Prisskjema legem versj1.xlsx,Prisskjema,78,Paliperidone,C01CA07,Dobutamin,Dobutamin Infusjonsvæske 2 mg/ml,false,unrelated_atc_in_workbook,,,no_confirmation
Paliperidone__LIS_2301d/2301d Vedlegg 03 Prisskjema legem versj1.xlsx,Prisskjema,79,Paliperidone,C01DA02,Glyseroltrinitrat,Glyceroltrinitrat-carinopharm Konsentrat til infusjonsvæske 1 mg/ml-UTGÅR,false,unrelated_atc_in_workbook,,,no_confirmation
Paliperidone__LIS_2301d/2301d Vedlegg 03 Prisskjema legem versj1.xlsx,Prisskjema,80,Paliperidone,C02AC01,Klonidin,Catapresan specific Tablett 150 mikrog,false,unrelated_atc_in_workbook,,,no_confirmation
Paliperidone__LIS_2301d/2301d Vedlegg 03 Prisskjema legem versj1.xlsx,Prisskjema,81,Paliperidone,C02AC01,Klonidin,Catapresan euromedica Tablett 150 mikrog,false,unrelated_atc_in_workbook,,,no_confirmation
Paliperidone__LIS_2301d/2301d Vedlegg 03 Prisskjema legem versj1.xlsx,Prisskjema,82,Paliperidone,C02AC01,Klonidin,Catapresan specific Tablett 75 mikrog,false,unrelated_atc_in_workbook,,,no_confirmation
Paliperidone__LIS_2301d/2301d Vedlegg 03 Prisskjema legem versj1.xlsx,Prisskjema,83,Paliperidone,C02AC01,Klonidin,Catapresan campus Tablett 150 mikrog,false,unrelated_atc_in_workbook,,,no_confirmation
Paliperidone__LIS_2301d/2301d Vedlegg 03 Prisskjema legem versj1.xlsx,Prisskjema,84,Paliperidone,C02AC01,Klonidin,Catapresan Tablett 150 mikrog,false,unrelated_atc_in_workbook,,,no_confirmation
Paliperidone__LIS_2301d/2301d Vedlegg 03 Prisskjema legem versj1.xlsx,Prisskjema,85,Paliperidone,C02AC01,Klonidin,Catapressan campus Tablett 150 mikrog,false,unrelated_atc_in_workbook,,,no_confirmation
Paliperidone__LIS_2301d/2301d Vedlegg 03 Prisskjema legem versj1.xlsx,Prisskjema,86,Paliperidone,C02AC01,Klonidin,Catapresan unimedic Tablett 150 mikrog,false,unrelated_atc_in_workbook,,,no_confirmation
Paliperidone__LIS_2301d/2301d Vedlegg 03 Prisskjema legem versj1.xlsx,Prisskjema,87,Paliperidone,C02AC01,Klonidin,Catapresan Tablett 150 mikrog,false,unrelated_atc_in_workbook,,,no_confirmation
Paliperidone__LIS_2301d/2301d Vedlegg 03 Prisskjema legem versj1.xlsx,Prisskjema,88,Paliperidone,C02AC01,Klonidin,Catapresan unimedic Tablett 75 mikrog,false,unrelated_atc_in_workbook,,,no_confirmation
Paliperidone__LIS_2301d/2301d Vedlegg 03 Prisskjema legem versj1.xlsx,Prisskjema,89,Paliperidone,C02AC01,Klonidin,Catapresan campus Tablett 75 mikrog,false,unrelated_atc_in_workbook,,,no_confirmation
Paliperidone__LIS_2301d/2301d Vedlegg 03 Prisskjema legem versj1.xlsx,Prisskjema,90,Paliperidone,C02AC01,Klonidin,"Clonistada retard Depotkapsel, hard 0,25 mg",false,unrelated_atc_in_workbook,,,no_confirmation
Paliperidone__LIS_2301d/2301d Vedlegg 03 Prisskjema legem versj1.xlsx,Prisskjema,91,Paliperidone,C02AC01,Klonidin,"Catapressan Tablett 0,15 mg",false,unrelated_atc_in_workbook,,,no_confirmation
Paliperidone__LIS_2301d/2301d Vedlegg 03 Prisskjema legem versj1.xlsx,Prisskjema,92,Paliperidone,C02AC01,Klonidin,Catapresan Tablett 75 mikrog,false,unrelated_atc_in_workbook,,,no_confirmation
Paliperidone__LIS_2301d/2301d Vedlegg 03 Prisskjema legem versj1.xlsx,Prisskjema,93,Paliperidone,C02AC01,Klonidin,Catapresan Tablett 150 mikrog,false,unrelated_atc_in_workbook,,,no_confirmation
Paliperidone__LIS_2301d/2301d Vedlegg 03 Prisskjema legem versj1.xlsx,Prisskjema,94,Paliperidone,C02DB01,Dihydralazin,"Nepresol Pulver og væske til injeksjonsvæske, oppløsning 25 mg",false,unrelated_atc_in_workbook,,,no_confirmation
Paliperidone__LIS_2301d/2301d Vedlegg 03 Prisskjema legem versj1.xlsx,Prisskjema,95,Paliperidone,C02DB01,Dihydralazin,Nepresol nordic prime Pulver og væske til injeksjonsvæske 25 mg,false,unrelated_atc_in_workbook,,,no_confirmation
Paliperidone__LIS_2301d/2301d Vedlegg 03 Prisskjema legem versj1.xlsx,Prisskjema,96,Paliperidone,C02DB01,Dihydralazin,Nepresol specific Pulver og væske til injeksjonsvæske 25 mg,false,unrelated_atc_in_workbook,,,no_confirmation
Paliperidone__LIS_2301d/2301d Vedlegg 03 Prisskjema legem versj1.xlsx,Prisskjema,97,Paliperidone,C03DA02,Kanrenoinsyre,Aldactone life Injeksjonsvæske 200 mg/10 ml,false,unrelated_atc_in_workbook,,,no_confirmation
Paliperidone__LIS_2301d/2301d Vedlegg 03 Prisskjema legem versj1.xlsx,Prisskjema,98,Paliperidone,C03DA02,Kanrenoinsyre,Aldactone campus Injeksjonsvæske 200 mg/10 ml,false,unrelated_atc_in_workbook,,,no_confirmation
Paliperidone__LIS_2301d/2301d Vedlegg 03 Prisskjema legem versj1.xlsx,Prisskjema,99,Paliperidone,C03DA02,Kanrenoinsyre,Aldactone specific Injeksjonsvæske 200 mg/10 ml,false,unrelated_atc_in_workbook,,,no_confirmation
Paliperidone__LIS_2301d/2301d Vedlegg 03 Prisskjema legem versj1.xlsx,Prisskjema,100,Paliperidone,C03DA02,Kanrenoinsyre,Aldactone Injeksjonsvæske 200 mg/10 ml,false,unrelated_atc_in_workbook,,,no_confirmation
Paliperidone__LIS_2301d/2301d Vedlegg 03 Prisskjema legem versj1.xlsx,Prisskjema,101,Paliperidone,C03DA02,Kanrenoinsyre,Aldactone nordic prime Injeksjonsvæske 200 mg/10 ml,false,unrelated_atc_in_workbook,,,no_confirmation
Paliperidone__LIS_2301d/2301d Vedlegg 03 Prisskjema legem versj1.xlsx,Prisskjema,102,Paliperidone,C05,Blodigler,Hirudo medicinalis Medisinsk blodigle,false,unrelated_atc_in_workbook,,,no_confirmation
Paliperidone__LIS_2301d/2301d Vedlegg 03 Prisskjema legem versj1.xlsx,Prisskjema,103,Paliperidone,C05,Blodigler,Hirudo medicinalis Medisinsk blodigle,false,unrelated_atc_in_workbook,,,no_confirmation
Paliperidone__LIS_2301d/2301d Vedlegg 03 Prisskjema legem versj1.xlsx,Prisskjema,104,Paliperidone,C05,Blodigler,Hirudo medicinalis blodigler Medisinsk blodigle,false,unrelated_atc_in_workbook,,,no_confirmation
Paliperidone__LIS_2301d/2301d Vedlegg 03 Prisskjema legem versj1.xlsx,Prisskjema,105,Paliperidone,C05,Blodigler,Hirudo verbana medis blodigle,false,unrelated_atc_in_workbook,,,no_confirmation
Paliperidone__LIS_2301d/2301d Vedlegg 03 Prisskjema legem versj1.xlsx,Prisskjema,106,Paliperidone,C05BB02,Polidokanol,Aethoxysklerol nmd Injeksjonsvæske 1 % w/v,false,unrelated_atc_in_workbook,,,no_confirmation
Paliperidone__LIS_2301d/2301d Vedlegg 03 Prisskjema legem versj1.xlsx,Prisskjema,107,Paliperidone,C05BB02,Polidokanol,Aethoxysklerol euromedica Injeksjonsvæske 3 % w/v,false,unrelated_atc_in_workbook,,,no_confirmation
Paliperidone__LIS_2301d/2301d Vedlegg 03 Prisskjema legem versj1.xlsx,Prisskjema,108,Paliperidone,C05BB02,Polidokanol,Aethoxysklerol nordic prime Injeksjonsvæske 1 % w/v,false,unrelated_atc_in_workbook,,,no_confirmation
Paliperidone__LIS_2301d/2301d Vedlegg 03 Prisskjema legem versj1.xlsx,Prisskjema,109,Paliperidone,C05BB02,Polidokanol,Aethoxysklerol campus Injeksjonsvæske 1 % w/v,false,unrelated_atc_in_workbook,,,no_confirmation
Paliperidone__LIS_2301d/2301d Vedlegg 03 Prisskjema legem versj1.xlsx,Prisskjema,110,Paliperidone,C05BB02,Polidokanol,Aethoxysklerol specific Injeksjonsvæske 1 % w/v,false,unrelated_atc_in_workbook,,,no_confirmation
Paliperidone__LIS_2301d/2301d Vedlegg 03 Prisskjema legem versj1.xlsx,Prisskjema,111,Paliperidone,C05BB02,Polidokanol,"Aethoxysklerol Injeksjonsvæske 0,5 % w/v",false,unrelated_atc_in_workbook,,,no_confirmation
Paliperidone__LIS_2301d/2301d Vedlegg 03 Prisskjema legem versj1.xlsx,Prisskjema,112,Paliperidone,C05BB02,Polidokanol,Aethoxysklerol nordic prime Injeksjonsvæske 3 % w/v,false,unrelated_atc_in_workbook,,,no_confirmation
Paliperidone__LIS_2301d/2301d Vedlegg 03 Prisskjema legem versj1.xlsx,Prisskjema,113,Paliperidone,C05BB02,Polidokanol,Aethoxysklerol Injeksjonsvæske 3 % w/v,false,unrelated_atc_in_workbook,,,no_confirmation
Paliperidone__LIS_2301d/2301d Vedlegg 03 Prisskjema legem versj1.xlsx,Prisskjema,114,Paliperidone,C05BB02,Polidokanol,Aethoxysklerol Injeksjonsvæske 2 % w/v,false,unrelated_atc_in_workbook,,,no_confirmation
Paliperidone__LIS_2301d/2301d Vedlegg 03 Prisskjema legem versj1.xlsx,Prisskjema,115,Paliperidone,C05BB02,Polidokanol,Aethoxysklerol Injeksjonsvæske 1 % w/v,false,unrelated_atc_in_workbook,,,no_confirmation
Paliperidone__LIS_2301d/2301d Vedlegg 03 Prisskjema legem versj1.xlsx,Prisskjema,116,Paliperidone,C05BB02,Polidokanol,"Aethoxysklerol nmd Injeksjonsvæske 0,5 % w/v",false,unrelated_atc_in_workbook,,,no_confirmation
Paliperidone__LIS_2301d/2301d Vedlegg 03 Prisskjema legem versj1.xlsx,Prisskjema,117,Paliperidone,C05BB02,Polidokanol,Aethoxysklerol specific Injeksjonsvæske 1 % w/v,false,unrelated_atc_in_workbook,,,no_confirmation
Paliperidone__LIS_2301d/2301d Vedlegg 03 Prisskjema legem versj1.xlsx,Prisskjema,118,Paliperidone,C05BB02,Polidokanol,Aethoxysklerol nordic prime Injeksjonsvæske 2 % w/v,false,unrelated_atc_in_workbook,,,no_confirmation
Paliperidone__LIS_2301d/2301d Vedlegg 03 Prisskjema legem versj1.xlsx,Prisskjema,119,Paliperidone,C05BB02,Polidokanol,Aethoxysklerol campus Injeksjonsvæske 3 % w/v,false,unrelated_atc_in_workbook,,,no_confirmation
Paliperidone__LIS_2301d/2301d Vedlegg 03 Prisskjema legem versj1.xlsx,Prisskjema,120,Paliperidone,C05BB02,Polidokanol,"Aethoxysklerol specific Injeksjonsvæske 0,5 % w/v",false,unrelated_atc_in_workbook,,,no_confirmation
Paliperidone__LIS_2301d/2301d Vedlegg 03 Prisskjema legem versj1.xlsx,Prisskjema,121,Paliperidone,C05BB02,Polidokanol,Aethoxysklerol nmd Injeksjonsvæske 3 % w/v,false,unrelated_atc_in_workbook,,,no_confirmation
Paliperidone__LIS_2301d/2301d Vedlegg 03 Prisskjema legem versj1.xlsx,Prisskjema,122,Paliperidone,C05BB02,Polidokanol,Aethoxysklerol nordic prime Injeksjonsvæske 1 % w/v,false,unrelated_atc_in_workbook,,,no_confirmation
Paliperidone__LIS_2301d/2301d Vedlegg 03 Prisskjema legem versj1.xlsx,Prisskjema,123,Paliperidone,C05BB02,Polidokanol,Aethoxysklerol nmd Injeksjonsvæske 1 % w/v,false,unrelated_atc_in_workbook,,,no_confirmation
Paliperidone__LIS_2301d/2301d Vedlegg 03 Prisskjema legem versj1.xlsx,Prisskjema,124,Paliperidone,C05BB02,Polidokanol,Aethoxysklerol specific Injeksjonsvæske 2 % w/v,false,unrelated_atc_in_workbook,,,no_confirmation
Paliperidone__LIS_2301d/2301d Vedlegg 03 Prisskjema legem versj1.xlsx,Prisskjema,125,Paliperidone,C05BB02,Polidokanol,Aethoxysklerol campus Injeksjonsvæske 2 % w/v,false,unrelated_atc_in_workbook,,,no_confirmation
Paliperidone__LIS_2301d/2301d Vedlegg 03 Prisskjema legem versj1.xlsx,Prisskjema,126,Paliperidone,C05BB02,Polidokanol,Aethoxysklerol specific Injeksjonsvæske 3 % w/v,false,unrelated_atc_in_workbook,,,no_confirmation
Paliperidone__LIS_2301d/2301d Vedlegg 03 Prisskjema legem versj1.xlsx,Prisskjema,127,Paliperidone,C05BB02,Polidokanol,Aethoxysklerol Injeksjonsvæske 1 % w/v,false,unrelated_atc_in_workbook,,,no_confirmation
Paliperidone__LIS_2301d/2301d Vedlegg 03 Prisskjema legem versj1.xlsx,Prisskjema,128,Paliperidone,C05BB02,Polidokanol,Aethoxysklerol campus Injeksjonsvæske 1 % w/v,false,unrelated_atc_in_workbook,,,no_confirmation
Paliperidone__LIS_2301d/2301d Vedlegg 03 Prisskjema legem versj1.xlsx,Prisskjema,129,Paliperidone,C05BB02,Polidokanol,Aethoxysklerol euromedica Injeksjonsvæske 2 % w/v,false,unrelated_atc_in_workbook,,,no_confirmation
Paliperidone__LIS_2301d/2301d Vedlegg 03 Prisskjema legem versj1.xlsx,Prisskjema,130,Paliperidone,C05BB02,Polidokanol,Aethoxysklerol euromedica Injeksjonsvæske 1 % w/v,false,unrelated_atc_in_workbook,,,no_confirmation
Paliperidone__LIS_2301d/2301d Vedlegg 03 Prisskjema legem versj1.xlsx,Prisskjema,131,Paliperidone,C08CA05,Nifedipin,Nifedipin campus Dråper 20 mg/ml,false,unrelated_atc_in_workbook,,,no_confirmation
Paliperidone__LIS_2301d/2301d Vedlegg 03 Prisskjema legem versj1.xlsx,Prisskjema,132,Paliperidone,C08CA05,Nifedipin,Nifehexal unimedic Dråper 20 mg/ml,false,unrelated_atc_in_workbook,,,no_confirmation
Paliperidone__LIS_2301d/2301d Vedlegg 03 Prisskjema legem versj1.xlsx,Prisskjema,133,Paliperidone,C08CA05,Nifedipin,Nifehexal Dråper 20 mg/ml,false,unrelated_atc_in_workbook,,,no_confirmation
Paliperidone__LIS_2301d/2301d Vedlegg 03 Prisskjema legem versj1.xlsx,Prisskjema,134,Paliperidone,C08CA05,Nifedipin,Nifedipin specific Dråper 20 mg/ml,false,unrelated_atc_in_workbook,,,no_confirmation
Paliperidone__LIS_2301d/2301d Vedlegg 03 Prisskjema legem versj1.xlsx,Prisskjema,135,Paliperidone,C08CA05,Nifedipin,Nifedipin-ratiopharm nordic prime Dråper 20 mg/ml,false,unrelated_atc_in_workbook,,,no_confirmation
Paliperidone__LIS_2301d/2301d Vedlegg 03 Prisskjema legem versj1.xlsx,Prisskjema,136,Paliperidone,C08CA05,Nifedipin,Nifedipin nmd Dråper 20 mg/ml,false,unrelated_atc_in_workbook,,,no_confirmation
Paliperidone__LIS_2301d/2301d Vedlegg 03 Prisskjema legem versj1.xlsx,Prisskjema,137,Paliperidone,C08CA05,Nifedipin,Nifedipin Dråper 20 mg/ml,false,unrelated_atc_in_workbook,,,no_confirmation
Paliperidone__LIS_2301d/2301d Vedlegg 03 Prisskjema legem versj1.xlsx,Prisskjema,138,Paliperidone,C08DA01,Verapamil,VeraHEXAL nordprim inj 5mg/2ml,false,unrelated_atc_in_workbook,,,no_confirmation
Paliperidone__LIS_2301d/2301d Vedlegg 03 Prisskjema legem versj1.xlsx,Prisskjema,139,Paliperidone,C08DA01,Verapamil,"Veraloc Injeksjonsvæske 2,5 mg/ml",false,unrelated_atc_in_workbook,,,no_confirmation
Paliperidone__LIS_2301d/2301d Vedlegg 03 Prisskjema legem versj1.xlsx,Prisskjema,140,Paliperidone,C08DA01,Verapamil,Verapamil ratiopharm Injeksjonsvæske 5 mg/2 ml,false,unrelated_atc_in_workbook,,,no_confirmation
Paliperidone__LIS_2301d/2301d Vedlegg 03 Prisskjema legem versj1.xlsx,Prisskjema,141,Paliperidone,C08DA01,Verapamil,Isoptin specific Injeksjonsvæske 5 mg/2 ml,false,unrelated_atc_in_workbook,,,no_confirmation
Paliperidone__LIS_2301d/2301d Vedlegg 03 Prisskjema legem versj1.xlsx,Prisskjema,142,Paliperidone,C08DA01,Verapamil,Isoptin life Injeksjonsvæske 5 mg/2 ml,false,unrelated_atc_in_workbook,,,no_confirmation
Paliperidone__LIS_2301d/2301d Vedlegg 03 Prisskjema legem versj1.xlsx,Prisskjema,143,Paliperidone,C08DA01,Verapamil,Isoptin orifarm Injeksjonsvæske 5 mg/2 ml,false,unrelated_atc_in_workbook,,,no_confirmation
Paliperidone__LIS_2301d/2301d Vedlegg 03 Prisskjema legem versj1.xlsx,Prisskjema,144,Paliperidone,C08DA01,Verapamil,Isoptin nordic prime Injeksjonsvæske 5 mg/2 ml,false,unrelated_atc_in_workbook,,,no_confirmation
Paliperidone__LIS_2301d/2301d Vedlegg 03 Prisskjema legem versj1.xlsx,Prisskjema,145,Paliperidone,C08DA01,Verapamil,Isoptin Injeksjonsvæske 5 mg/2 ml,false,unrelated_atc_in_workbook,,,no_confirmation
Paliperidone__LIS_2301d/2301d Vedlegg 03 Prisskjema legem versj1.xlsx,Prisskjema,146,Paliperidone,C08DA01,Verapamil,VeraHEXAL inj 5mg/2ml,false,unrelated_atc_in_workbook,,,no_confirmation
Paliperidone__LIS_2301d/2301d Vedlegg 03 Prisskjema legem versj1.xlsx,Prisskjema,147,Paliperidone,D01AE02,Metylrosanilin,"Metylrosanilin apl Liniment, oppløsning 0,5 % w/v",false,unrelated_atc_in_workbook,,,no_confirmation
Paliperidone__LIS_2301d/2301d Vedlegg 03 Prisskjema legem versj1.xlsx,Prisskjema,148,Paliperidone,D02AC,Vaselin,Vaseline steril Salve,false,unrelated_atc_in_workbook,,,no_confirmation
Paliperidone__LIS_2301d/2301d Vedlegg 03 Prisskjema legem versj1.xlsx,Prisskjema,149,Paliperidone,D02AC,Vaselin,Vaselina esterilizada pura orravan np Salve,false,unrelated_atc_in_workbook,,,no_confirmation
Paliperidone__LIS_2301d/2301d Vedlegg 03 Prisskjema legem versj1.xlsx,Prisskjema,150,Paliperidone,D08AG02,"Povidon, jodert","Betadine Liniment 1,1 % w/v",false,unrelated_atc_in_workbook,,,no_confirmation
Paliperidone__LIS_2301d/2301d Vedlegg 03 Prisskjema legem versj1.xlsx,Prisskjema,151,Paliperidone,D08AG02,"Povidon, jodert","Videne antiseptic solution specific Liniment, oppløsning 10 % w/v",false,unrelated_atc_in_workbook,,,no_confirmation
Paliperidone__LIS_2301d/2301d Vedlegg 03 Prisskjema legem versj1.xlsx,Prisskjema,152,Paliperidone,D08AG02,"Povidon, jodert","Videne antiseptic solution euromedica Liniment, oppløsning 10 % w/v",false,unrelated_atc_in_workbook,,,no_confirmation
Paliperidone__LIS_2301d/2301d Vedlegg 03 Prisskjema legem versj1.xlsx,Prisskjema,153,Paliperidone,D08AG02,"Povidon, jodert",Videne antiseptic solution specific Liniment 10 % w/v,false,unrelated_atc_in_workbook,,,no_confirmation
Paliperidone__LIS_2301d/2301d Vedlegg 03 Prisskjema legem versj1.xlsx,Prisskjema,154,Paliperidone,D08AG02,"Povidon, jodert","Videne antiseptic solution Liniment, oppløsning 10 % w/v",false,unrelated_atc_in_workbook,,,no_confirmation
Paliperidone__LIS_2301d/2301d Vedlegg 03 Prisskjema legem versj1.xlsx,Prisskjema,155,Paliperidone,D08AG02,"Povidon, jodert","Curadona nordic prime Liniment, oppløsning 100 mg/ml",false,unrelated_atc_in_workbook,,,no_confirmation
Paliperidone__LIS_2301d/2301d Vedlegg 03 Prisskjema legem versj1.xlsx,Prisskjema,156,Paliperidone,D08AG02,"Povidon, jodert","Videne surgical scrub euromedica Liniment 7,5 % w/v",false,unrelated_atc_in_workbook,,,no_confirmation
Paliperidone__LIS_2301d/2301d Vedlegg 03 Prisskjema legem versj1.xlsx,Prisskjema,157,Paliperidone,D08AG02,"Povidon, jodert","Braunol Liniment 7,5 % w/v",false,unrelated_atc_in_workbook,,,no_confirmation
Paliperidone__LIS_2301d/2301d Vedlegg 03 Prisskjema legem versj1.xlsx,Prisskjema,158,Paliperidone,D08AG02,"Povidon, jodert","Videne surgical scrub euromedica Liniment 7,5 % w/v",false,unrelated_atc_in_workbook,,,no_confirmation
Paliperidone__LIS_2301d/2301d Vedlegg 03 Prisskjema legem versj1.xlsx,Prisskjema,159,Paliperidone,D08AL01,Sølvnitrat,Silver nitrate Hudstift 70 mg,false,unrelated_atc_in_workbook,,,no_confirmation
Paliperidone__LIS_2301d/2301d Vedlegg 03 Prisskjema legem versj1.xlsx,Prisskjema,160,Paliperidone,D08AL01,Sølvnitrat,Arzol Hudstift,false,unrelated_atc_in_workbook,,,no_confirmation
Paliperidone__LIS_2301d/2301d Vedlegg 03 Prisskjema legem versj1.xlsx,Prisskjema,161,Paliperidone,G01AX03,Polikresulen,"Albothyl campus Vaginalvæske, oppløsning 36 % w/v",false,unrelated_atc_in_workbook,,,no_confirmation
Paliperidone__LIS_2301d/2301d Vedlegg 03 Prisskjema legem versj1.xlsx,Prisskjema,162,Paliperidone,G01AX03,Polikresulen,"Albothyl Vaginalvæske, oppløsning 36 % w/v",false,unrelated_atc_in_workbook,,,no_confirmation
Paliperidone__LIS_2301d/2301d Vedlegg 03 Prisskjema legem versj1.xlsx,Prisskjema,163,Paliperidone,G01AX03,Polikresulen,Albothyl farma mondo Vaginalvæske 36 % w/v,false,unrelated_atc_in_workbook,,,no_confirmation
Paliperidone__LIS_2301d/2301d Vedlegg 03 Prisskjema legem versj1.xlsx,Prisskjema,164,Paliperidone,G01AX03,Polikresulen,"Albothyl specific Vaginalvæske, oppløsning 36 % w/v",false,unrelated_atc_in_workbook,,,no_confirmation
Paliperidone__LIS_2301d/2301d Vedlegg 03 Prisskjema legem versj1.xlsx,Prisskjema,165,Paliperidone,G01AX03,Polikresulen,Albothyl unimedic Vaginalvæske 36 % w/v,false,unrelated_atc_in_workbook,,,no_confirmation
Paliperidone__LIS_2301d/2301d Vedlegg 03 Prisskjema legem versj1.xlsx,Prisskjema,166,Paliperidone,G02AB01,Metylergometrin,Methergin Injeksjonsvæske 200 mikrog/ml,false,unrelated_atc_in_workbook,,,no_confirmation
Paliperidone__LIS_2301d/2301d Vedlegg 03 Prisskjema legem versj1.xlsx,Prisskjema,167,Paliperidone,G02AB01,Metylergometrin,"Methergin Injeksjonsvæske 0,2 mg/ml",false,unrelated_atc_in_workbook,,,no_confirmation
Paliperidone__LIS_2301d/2301d Vedlegg 03 Prisskjema legem versj1.xlsx,Prisskjema,168,Paliperidone,G02AB01,Metylergometrin,"Methergin campus Injeksjonsvæske 0,2 mg/ml",false,unrelated_atc_in_workbook,,,no_confirmation
Paliperidone__LIS_2301d/2301d Vedlegg 03 Prisskjema legem versj1.xlsx,Prisskjema,169,Paliperidone,G02AB01,Metylergometrin,"Methergin Injeksjonsvæske, oppløsning 0,2 mg/ml",false,unrelated_atc_in_workbook,,,no_confirmation
Paliperidone__LIS_2301d/2301d Vedlegg 03 Prisskjema legem versj1.xlsx,Prisskjema,170,Paliperidone,G02AB01,Metylergometrin,"Methergin specific Injeksjonsvæske 0,2 mg/ml",false,unrelated_atc_in_workbook,,,no_confirmation
Paliperidone__LIS_2301d/2301d Vedlegg 03 Prisskjema legem versj1.xlsx,Prisskjema,171,Paliperidone,G02AD02,Dinoproston,"Minprostin Vaginalgel 1 mg/2,5 ml",false,unrelated_atc_in_workbook,,,no_confirmation
Paliperidone__LIS_2301d/2301d Vedlegg 03 Prisskjema legem versj1.xlsx,Prisskjema,172,Paliperidone,G02AD02,Dinoproston,Minprostin Vagitorie 3 mg,false,unrelated_atc_in_workbook,,,no_confirmation
Paliperidone__LIS_2301d/2301d Vedlegg 03 Prisskjema legem versj1.xlsx,Prisskjema,173,Paliperidone,G02AD02,Dinoproston,Prostin E2 Vagitorie 3 mg,false,unrelated_atc_in_workbook,,,no_confirmation
Paliperidone__LIS_2301d/2301d Vedlegg 03 Prisskjema legem versj1.xlsx,Prisskjema,174,Paliperidone,G02AD02,Dinoproston,Prostin E2 Vaginaltablett 3 mg,false,unrelated_atc_in_workbook,,,no_confirmation
Paliperidone__LIS_2301d/2301d Vedlegg 03 Prisskjema legem versj1.xlsx,Prisskjema,175,Paliperidone,G02AD04,Karboprost,"Prostinfenem Injeksjonsvæske 0,25 mg/ml",false,unrelated_atc_in_workbook,,,no_confirmation
Paliperidone__LIS_2301d/2301d Vedlegg 03 Prisskjema legem versj1.xlsx,Prisskjema,176,Paliperidone,G02AD04,Karboprost,"Prostin 15M Injeksjonsvæske, oppløsning 0,25 mg/ml",false,unrelated_atc_in_workbook,,,no_confirmation
Paliperidone__LIS_2301d/2301d Vedlegg 03 Prisskjema legem versj1.xlsx,Prisskjema,177,Paliperidone,G02AD04,Karboprost,Prostin 15M 2care4 Injeksjonsvæske 250 mikrog/ml,false,unrelated_atc_in_workbook,,,no_confirmation
Paliperidone__LIS_2301d/2301d Vedlegg 03 Prisskjema legem versj1.xlsx,Prisskjema,178,Paliperidone,G02AD04,Karboprost,"Prostin 15M orifarm Injeksjonsvæske 0,25 mg/ml",false,unrelated_atc_in_workbook,,,no_confirmation
Paliperidone__LIS_2301d/2301d Vedlegg 03 Prisskjema legem versj1.xlsx,Prisskjema,179,Paliperidone,G04BX,Hyaluronsyre,Cystistat Injeksjonsvæske 40 mg/50 ml,false,unrelated_atc_in_workbook,,,no_confirmation
Paliperidone__LIS_2301d/2301d Vedlegg 03 Prisskjema legem versj1.xlsx,Prisskjema,180,Paliperidone,H02AB01,Betametason,Betapred Injeksjonsvæske 4 mg/ml,false,unrelated_atc_in_workbook,,,no_confirmation
Paliperidone__LIS_2301d/2301d Vedlegg 03 Prisskjema legem versj1.xlsx,Prisskjema,181,Paliperidone,H02AB04,Metylprednisolon,Medrol unimedic Tablett 100 mg,false,unrelated_atc_in_workbook,,,no_confirmation
Paliperidone__LIS_2301d/2301d Vedlegg 03 Prisskjema legem versj1.xlsx,Prisskjema,182,Paliperidone,H02AB04,Metylprednisolon,Medrol specific Tablett 100 mg,false,unrelated_atc_in_workbook,,,no_confirmation
Paliperidone__LIS_2301d/2301d Vedlegg 03 Prisskjema legem versj1.xlsx,Prisskjema,183,Paliperidone,H02AB04,Metylprednisolon,Medrone specific Tablett 100 mg,false,unrelated_atc_in_workbook,,,no_confirmation
Paliperidone__LIS_2301d/2301d Vedlegg 03 Prisskjema legem versj1.xlsx,Prisskjema,184,Paliperidone,H02AB04,Metylprednisolon,Medrol nmd Tablett 100 mg,false,unrelated_atc_in_workbook,,,no_confirmation
Paliperidone__LIS_2301d/2301d Vedlegg 03 Prisskjema legem versj1.xlsx,Prisskjema,185,Paliperidone,H02AB04,Metylprednisolon,Medrol Tablett 100 mg,false,unrelated_atc_in_workbook,,,no_confirmation
Paliperidone__LIS_2301d/2301d Vedlegg 03 Prisskjema legem versj1.xlsx,Prisskjema,186,Paliperidone,H02AB06,Prednisolon,Prednisolone nmd Oppløselig tablett 5 mg,false,unrelated_atc_in_workbook,,,no_confirmation
Paliperidone__LIS_2301d/2301d Vedlegg 03 Prisskjema legem versj1.xlsx,Prisskjema,187,Paliperidone,H02AB06,Prednisolon,Prednisolone specific Oppløselig tablett 5 mg,false,unrelated_atc_in_workbook,,,no_confirmation
Paliperidone__LIS_2301d/2301d Vedlegg 03 Prisskjema legem versj1.xlsx,Prisskjema,188,Paliperidone,H02AB06,Prednisolon,Prednisolone abacus Oppløselig tablett 5 mg,false,unrelated_atc_in_workbook,,,no_confirmation
Paliperidone__LIS_2301d/2301d Vedlegg 03 Prisskjema legem versj1.xlsx,Prisskjema,189,Paliperidone,H02AB06,Prednisolon,Prednisolone Oppløselig tablett 5 mg,false,unrelated_atc_in_workbook,,,no_confirmation
Paliperidone__LIS_2301d/2301d Vedlegg 03 Prisskjema legem versj1.xlsx,Prisskjema,190,Paliperidone,H02AB09,Hydrokortison,Hydrokortison orion Tablett 10 mg,false,unrelated_atc_in_workbook,,,no_confirmation
Paliperidone__LIS_2301d/2301d Vedlegg 03 Prisskjema legem versj1.xlsx,Prisskjema,191,Paliperidone,H02AB09,Hydrokortison,Hydrocortisone specific Tablett 10 mg,false,unrelated_atc_in_workbook,,,no_confirmation
Paliperidone__LIS_2301d/2301d Vedlegg 03 Prisskjema legem versj1.xlsx,Prisskjema,192,Paliperidone,H02AB09,Hydrokortison,Hydrocortisone alissa Tablett 10 mg,false,unrelated_atc_in_workbook,,,no_confirmation
Paliperidone__LIS_2301d/2301d Vedlegg 03 Prisskjema legem versj1.xlsx,Prisskjema,193,Paliperidone,H02AB09,Hydrokortison,Hidroaltesona Tablett 20 mg,false,unrelated_atc_in_workbook,,,no_confirmation
Paliperidone__LIS_2301d/2301d Vedlegg 03 Prisskjema legem versj1.xlsx,Prisskjema,194,Paliperidone,H02AB09,Hydrokortison,Hydrocortisone auden Tablett 10 mg,false,unrelated_atc_in_workbook,,,no_confirmation
Paliperidone__LIS_2301d/2301d Vedlegg 03 Prisskjema legem versj1.xlsx,Prisskjema,195,Paliperidone,H02AB09,Hydrokortison,Cortef euromedica Tablett 5 mg,false,unrelated_atc_in_workbook,,,no_confirmation
Paliperidone__LIS_2301d/2301d Vedlegg 03 Prisskjema legem versj1.xlsx,Prisskjema,196,Paliperidone,H02AB09,Hydrokortison,Hydrocortisone nmd Tablett 10 mg,false,unrelated_atc_in_workbook,,,no_confirmation
Paliperidone__LIS_2301d/2301d Vedlegg 03 Prisskjema legem versj1.xlsx,Prisskjema,197,Paliperidone,H02AB09,Hydrokortison,Hydrokortison orion Tablett 10 mg,false,unrelated_atc_in_workbook,,,no_confirmation
Paliperidone__LIS_2301d/2301d Vedlegg 03 Prisskjema legem versj1.xlsx,Prisskjema,198,Paliperidone,H02AB09,Hydrokortison,Hydrocortisone accord Tablett 10 mg,false,unrelated_atc_in_workbook,,,no_confirmation
Paliperidone__LIS_2301d/2301d Vedlegg 03 Prisskjema legem versj1.xlsx,Prisskjema,199,Paliperidone,H02AB09,Hydrokortison,Hydrokortison takeda Tablett 20 mg,false,unrelated_atc_in_workbook,,,no_confirmation
Paliperidone__LIS_2301d/2301d Vedlegg 03 Prisskjema legem versj1.xlsx,Prisskjema,200,Paliperidone,H02AB09,Hydrokortison,Cortef Tablett 5 mg,false,unrelated_atc_in_workbook,,,no_confirmation
Paliperidone__LIS_2301d/2301d Vedlegg 03 Prisskjema legem versj1.xlsx,Prisskjema,201,Paliperidone,H02AB09,Hydrokortison,Hydrocortisone Tablett 10 mg,false,unrelated_atc_in_workbook,,,no_confirmation
Paliperidone__LIS_2301d/2301d Vedlegg 03 Prisskjema legem versj1.xlsx,Prisskjema,202,Paliperidone,H02AB09,Hydrokortison,Hydventia Tablett 10 mg,false,unrelated_atc_in_workbook,,,no_confirmation
Paliperidone__LIS_2301d/2301d Vedlegg 03 Prisskjema legem versj1.xlsx,Prisskjema,203,Paliperidone,H03AA01,Levotyroksin,"L-Thyroxine 2care4 Injeksjonsvæske 0,2 mg/ml",false,unrelated_atc_in_workbook,,,no_confirmation
Paliperidone__LIS_2301d/2301d Vedlegg 03 Prisskjema legem versj1.xlsx,Prisskjema,204,Paliperidone,H03AA01,Levotyroksin,L-Thyroxine serb Injeksjonsvæske 200 mikrog/ml,false,unrelated_atc_in_workbook,,,no_confirmation
Paliperidone__LIS_2301d/2301d Vedlegg 03 Prisskjema legem versj1.xlsx,Prisskjema,205,Paliperidone,H03AA01,Levotyroksin,L-Thyroxine campus Injeksjonsvæske 200 mikrog/ml,false,unrelated_atc_in_workbook,,,no_confirmation
Paliperidone__LIS_2301d/2301d Vedlegg 03 Prisskjema legem versj1.xlsx,Prisskjema,206,Paliperidone,J01AA02,Doksysyklin,Doxyferm Konsentrat til infusjonsvæske 20 mg/ml,false,unrelated_atc_in_workbook,,,no_confirmation
Paliperidone__LIS_2301d/2301d Vedlegg 03 Prisskjema legem versj1.xlsx,Prisskjema,207,Paliperidone,J01BA01,Kloramfenikol,Cloramfenicolo 2care4 Pulver og væske til injeksjonsvæske 1 g,false,unrelated_atc_in_workbook,,,no_confirmation
Paliperidone__LIS_2301d/2301d Vedlegg 03 Prisskjema legem versj1.xlsx,Prisskjema,208,Paliperidone,J01BA01,Kloramfenikol,Kemicetine specific Pulver til injeksjonsvæske 1 g,false,unrelated_atc_in_workbook,,,no_confirmation
Paliperidone__LIS_2301d/2301d Vedlegg 03 Prisskjema legem versj1.xlsx,Prisskjema,209,Paliperidone,J01BA01,Kloramfenikol,Kemicetine Succinate Pulver til injeksjonsvæske 1 g,false,unrelated_atc_in_workbook,,,no_confirmation
Paliperidone__LIS_2301d/2301d Vedlegg 03 Prisskjema legem versj1.xlsx,Prisskjema,210,Paliperidone,J01BA01,Kloramfenikol,Kemicetine nmd Pulver til injeksjonsvæske 1 g,false,unrelated_atc_in_workbook,,,no_confirmation
Paliperidone__LIS_2301d/2301d Vedlegg 03 Prisskjema legem versj1.xlsx,Prisskjema,211,Paliperidone,J01BA01,Kloramfenikol,Chloromycetin Pulver til injeksjonsvæske 1 g,false,unrelated_atc_in_workbook,,,no_confirmation
Paliperidone__LIS_2301d/2301d Vedlegg 03 Prisskjema legem versj1.xlsx,Prisskjema,212,Paliperidone,J01BA01,Kloramfenikol,Chloramphenicol Pulver til injeksjonsvæske 1 g,false,unrelated_atc_in_workbook,,,no_confirmation
Paliperidone__LIS_2301d/2301d Vedlegg 03 Prisskjema legem versj1.xlsx,Prisskjema,213,Paliperidone,J01BA01,Kloramfenikol,Chloramphenicol vuab abboxia Pulver til injeksjonsvæske 1 g,false,unrelated_atc_in_workbook,,,no_confirmation
Paliperidone__LIS_2301d/2301d Vedlegg 03 Prisskjema legem versj1.xlsx,Prisskjema,214,Paliperidone,J01BA01,Kloramfenikol,Chloramphenicol Pulver til injeksjonsvæske 1 g,false,unrelated_atc_in_workbook,,,no_confirmation
Paliperidone__LIS_2301d/2301d Vedlegg 03 Prisskjema legem versj1.xlsx,Prisskjema,215,Paliperidone,J01BA01,Kloramfenikol,Cloramfenicolo life Pulver og væske til injeksjonsvæske 1 g,false,unrelated_atc_in_workbook,,,no_confirmation
Paliperidone__LIS_2301d/2301d Vedlegg 03 Prisskjema legem versj1.xlsx,Prisskjema,216,Paliperidone,J01CE08,Benzylpenicillinbenzatin,"Tardocillin 1200 macure Injeksjonsvæske 1,2 mill E",false,unrelated_atc_in_workbook,,,no_confirmation
Paliperidone__LIS_2301d/2301d Vedlegg 03 Prisskjema legem versj1.xlsx,Prisskjema,217,Paliperidone,J01CE08,Benzylpenicillinbenzatin,"Tardocillin 1200 unimedic Injeksjonsvæske 1,2 mill E",false,unrelated_atc_in_workbook,,,no_confirmation
Paliperidone__LIS_2301d/2301d Vedlegg 03 Prisskjema legem versj1.xlsx,Prisskjema,218,Paliperidone,J01CE08,Benzylpenicillinbenzatin,"Tardocillin 1200 campus Injeksjonsvæske 1,2 mill IE",false,unrelated_atc_in_workbook,,,no_confirmation
Paliperidone__LIS_2301d/2301d Vedlegg 03 Prisskjema legem versj1.xlsx,Prisskjema,219,Paliperidone,J01CE08,Benzylpenicillinbenzatin,Tardocillin 1200 Injeksjonsvæske 1 200 mg,false,unrelated_atc_in_workbook,,,no_confirmation
Paliperidone__LIS_2301d/2301d Vedlegg 03 Prisskjema legem versj1.xlsx,Prisskjema,220,Paliperidone,J01CE08,Benzylpenicillinbenzatin,Bicillin L-A Injeksjonsvæske 1 200 000 E/2 ml,false,unrelated_atc_in_workbook,,,no_confirmation
Paliperidone__LIS_2301d/2301d Vedlegg 03 Prisskjema legem versj1.xlsx,Prisskjema,221,Paliperidone,J01CE08,Benzylpenicillinbenzatin,"Tardocillin 1200 specific Injeksjonsvæske 1,2 mill E",false,unrelated_atc_in_workbook,,,no_confirmation
Paliperidone__LIS_2301d/2301d Vedlegg 03 Prisskjema legem versj1.xlsx,Prisskjema,222,Paliperidone,J01EE01,"Trimetoprim, Sulfametoksazol",Eusaprim aspen Konsentrat til infusjonsvæske 16 mg/ml/80 mg/ml,false,unrelated_atc_in_workbook,,,no_confirmation
Paliperidone__LIS_2301d/2301d Vedlegg 03 Prisskjema legem versj1.xlsx,Prisskjema,223,Paliperidone,J01EE01,"Trimetoprim, Sulfametoksazol","Trimesolphar macure Konsentrat til infusjonsvæske, oppløsning 80 mg/ml/16 mg/ml",false,unrelated_atc_in_workbook,,,no_confirmation
Paliperidone__LIS_2301d/2301d Vedlegg 03 Prisskjema legem versj1.xlsx,Prisskjema,224,Paliperidone,J01EE01,"Trimetoprim, Sulfametoksazol",Septrin nmd Konsentrat til infusjonsvæske 80 mg/5 ml/400 mg/5 ml,false,unrelated_atc_in_workbook,,,no_confirmation
Paliperidone__LIS_2301d/2301d Vedlegg 03 Prisskjema legem versj1.xlsx,Prisskjema,225,Paliperidone,J01EE01,"Trimetoprim, Sulfametoksazol",Bactrim nmd Konsentrat til infusjonsvæske 80 mg/5 ml/400 mg/5 ml,false,unrelated_atc_in_workbook,,,no_confirmation
Paliperidone__LIS_2301d/2301d Vedlegg 03 Prisskjema legem versj1.xlsx,Prisskjema,226,Paliperidone,J01EE01,"Trimetoprim, Sulfametoksazol",Septrin Konsentrat til infusjonsvæske 16 mg/ml/80 mg/ml,false,unrelated_atc_in_workbook,,,no_confirmation
Paliperidone__LIS_2301d/2301d Vedlegg 03 Prisskjema legem versj1.xlsx,Prisskjema,227,Paliperidone,J01EE01,"Trimetoprim, Sulfametoksazol",Cotrim-ratiopharm specific Konsentrat til infusjonsvæske 400 mg/5 ml/80 mg/5 ml,false,unrelated_atc_in_workbook,,,no_confirmation
Paliperidone__LIS_2301d/2301d Vedlegg 03 Prisskjema legem versj1.xlsx,Prisskjema,228,Paliperidone,J01EE01,"Trimetoprim, Sulfametoksazol",Bactrim campus Konsentrat til infusjonsvæske 400 mg/5 ml/80 mg/5 ml,false,unrelated_atc_in_workbook,,,no_confirmation
Paliperidone__LIS_2301d/2301d Vedlegg 03 Prisskjema legem versj1.xlsx,Prisskjema,229,Paliperidone,J01EE01,"Trimetoprim, Sulfametoksazol",Cotrim campus Konsentrat til infusjonsvæske 400 mg/5 ml/80 mg/5 ml,false,unrelated_atc_in_workbook,,,no_confirmation
Paliperidone__LIS_2301d/2301d Vedlegg 03 Prisskjema legem versj1.xlsx,Prisskjema,230,Paliperidone,J01EE01,"Trimetoprim, Sulfametoksazol",Bactrimel specific Konsentrat til infusjonsvæske 400 mg/5 ml/80 mg/5 ml,false,unrelated_atc_in_workbook,,,no_confirmation
Paliperidone__LIS_2301d/2301d Vedlegg 03 Prisskjema legem versj1.xlsx,Prisskjema,231,Paliperidone,J01EE01,"Trimetoprim, Sulfametoksazol",Bactrim specific Konsentrat til infusjonsvæske 400 mg/5 ml/80 mg/5 ml,false,unrelated_atc_in_workbook,,,no_confirmation
Paliperidone__LIS_2301d/2301d Vedlegg 03 Prisskjema legem versj1.xlsx,Prisskjema,232,Paliperidone,J01EE01,"Trimetoprim, Sulfametoksazol",Bactrim Konsentrat til infusjonsvæske 80 mg/5 ml/400 mg/5 ml,false,unrelated_atc_in_workbook,,,no_confirmation
Paliperidone__LIS_2301d/2301d Vedlegg 03 Prisskjema legem versj1.xlsx,Prisskjema,233,Paliperidone,J01EE01,"Trimetoprim, Sulfametoksazol",Bactrimel inf kon 400+80mg/5ml,false,unrelated_atc_in_workbook,,,no_confirmation
Paliperidone__LIS_2301d/2301d Vedlegg 03 Prisskjema legem versj1.xlsx,Prisskjema,234,Paliperidone,J01FA10,Azitromycin,Azithromycin life Pulver til konsentrat til infusjonsvæske 500 mg,false,unrelated_atc_in_workbook,,,no_confirmation
Paliperidone__LIS_2301d/2301d Vedlegg 03 Prisskjema legem versj1.xlsx,Prisskjema,235,Paliperidone,J01FA10,Azitromycin,"Azithromycin life Pulver til infusjonsvæske, oppløsning 500 mg",false,unrelated_atc_in_workbook,,,no_confirmation
Paliperidone__LIS_2301d/2301d Vedlegg 03 Prisskjema legem versj1.xlsx,Prisskjema,236,Paliperidone,J01FA10,Azitromycin,Zitromax Pulver til infusjonsvæske 500 mg,false,unrelated_atc_in_workbook,,,no_confirmation
Paliperidone__LIS_2301d/2301d Vedlegg 03 Prisskjema legem versj1.xlsx,Prisskjema,237,Paliperidone,J01FA10,Azitromycin,Azitromax Pulver til konsentrat til infusjonsvæske 500 mg,false,unrelated_atc_in_workbook,,,no_confirmation
Paliperidone__LIS_2301d/2301d Vedlegg 03 Prisskjema legem versj1.xlsx,Prisskjema,238,Paliperidone,J01FA10,Azitromycin,Zitromax Pulver til konsentrat til infusjonsvæske 500 mg,false,unrelated_atc_in_workbook,,,no_confirmation
Paliperidone__LIS_2301d/2301d Vedlegg 03 Prisskjema legem versj1.xlsx,Prisskjema,239,Paliperidone,J01FA10,Azitromycin,Azitromicina altan macure Pulver til konsentrat til infusjonsvæske 500 mg,false,unrelated_atc_in_workbook,,,no_confirmation
Paliperidone__LIS_2301d/2301d Vedlegg 03 Prisskjema legem versj1.xlsx,Prisskjema,240,Paliperidone,J01FA10,Azitromycin,"Azithromycin eberth Pulver til infusjonsvæske, oppløsning 500 mg",false,unrelated_atc_in_workbook,,,no_confirmation
Paliperidone__LIS_2301d/2301d Vedlegg 03 Prisskjema legem versj1.xlsx,Prisskjema,241,Paliperidone,J01FA10,Azitromycin,Zedbac life Pulver til infusjonsvæske 500 mg,false,unrelated_atc_in_workbook,,,no_confirmation
Paliperidone__LIS_2301d/2301d Vedlegg 03 Prisskjema legem versj1.xlsx,Prisskjema,242,Paliperidone,J01FA10,Azitromycin,Azithromycin Pulver til konsentrat til infusjonsvæske 500 mg,false,unrelated_atc_in_workbook,,,no_confirmation
Paliperidone__LIS_2301d/2301d Vedlegg 03 Prisskjema legem versj1.xlsx,Prisskjema,243,Paliperidone,J01GB03,Gentamicin,"Septopal-30er-Kette Kjede til implantasjon 4,5 mg/kule",false,unrelated_atc_in_workbook,,,no_confirmation
Paliperidone__LIS_2301d/2301d Vedlegg 03 Prisskjema legem versj1.xlsx,Prisskjema,244,Paliperidone,J01GB03,Gentamicin,"Septopal-20er-Minikette specific Kjede til implantasjon 1,7 mg/kule",false,unrelated_atc_in_workbook,,,no_confirmation
Paliperidone__LIS_2301d/2301d Vedlegg 03 Prisskjema legem versj1.xlsx,Prisskjema,245,Paliperidone,J01GB03,Gentamicin,"Septopal-10er-Kette Kjede til implantasjon 4,5 mg/kule",false,unrelated_atc_in_workbook,,,no_confirmation
Paliperidone__LIS_2301d/2301d Vedlegg 03 Prisskjema legem versj1.xlsx,Prisskjema,246,Paliperidone,J01GB03,Gentamicin,"Septopal-20er-Minikette Kjede til implantasjon 1,7 mg/kule",false,unrelated_atc_in_workbook,,,no_confirmation
Paliperidone__LIS_2301d/2301d Vedlegg 03 Prisskjema legem versj1.xlsx,Prisskjema,247,Paliperidone,J01GB03,Gentamicin,"Septopal-30er-Kette specific Kjede til implantasjon 4,5 mg/kule",false,unrelated_atc_in_workbook,,,no_confirmation
Paliperidone__LIS_2301d/2301d Vedlegg 03 Prisskjema legem versj1.xlsx,Prisskjema,248,Paliperidone,J01GB03,Gentamicin,"Septopal-10er-Kette specific Kjede til implantasjon 4,5 mg/kule",false,unrelated_atc_in_workbook,,,no_confirmation
Paliperidone__LIS_2301d/2301d Vedlegg 03 Prisskjema legem versj1.xlsx,Prisskjema,249,Paliperidone,J01GB03,Gentamicin,Cidomycin Paediatric 2care4 Injeksjonsvæske 20 mg/2 ml,false,unrelated_atc_in_workbook,,,no_confirmation
Paliperidone__LIS_2301d/2301d Vedlegg 03 Prisskjema legem versj1.xlsx,Prisskjema,250,Paliperidone,J01GB03,Gentamicin,Gentamicin Paediatric life Injeksjonsvæske 20 mg/2 ml,false,unrelated_atc_in_workbook,,,no_confirmation
Paliperidone__LIS_2301d/2301d Vedlegg 03 Prisskjema legem versj1.xlsx,Prisskjema,251,Paliperidone,J01GB03,Gentamicin,Gentamicin Paediatric Injeksjonsvæske 20 mg/2 ml,false,unrelated_atc_in_workbook,,,no_confirmation
Paliperidone__LIS_2301d/2301d Vedlegg 03 Prisskjema legem versj1.xlsx,Prisskjema,252,Paliperidone,J01GB03,Gentamicin,Gentamicin Paediatric campus Injeksjonsvæske 20 mg/2 ml,false,unrelated_atc_in_workbook,,,no_confirmation
Paliperidone__LIS_2301d/2301d Vedlegg 03 Prisskjema legem versj1.xlsx,Prisskjema,253,Paliperidone,J01GB03,Gentamicin,Gentamicin Paediatric 2care4 Injeksjonsvæske 20 mg/2 ml,false,unrelated_atc_in_workbook,,,no_confirmation
Paliperidone__LIS_2301d/2301d Vedlegg 03 Prisskjema legem versj1.xlsx,Prisskjema,254,Paliperidone,J01GB06,Amikacin,Amikacin braun Infusjonsvæske 5 mg/ml,false,unrelated_atc_in_workbook,,,no_confirmation
Paliperidone__LIS_2301d/2301d Vedlegg 03 Prisskjema legem versj1.xlsx,Prisskjema,255,Paliperidone,J01GB06,Amikacin,"Amikacin braun Infusjonsvæske 2,5 mg/ml",false,unrelated_atc_in_workbook,,,no_confirmation
Paliperidone__LIS_2301d/2301d Vedlegg 03 Prisskjema legem versj1.xlsx,Prisskjema,256,Paliperidone,J01MA12,Levofloksacin,Tavanic orifarm Infusjonsvæske 5 mg/ml,false,unrelated_atc_in_workbook,,,no_confirmation
Paliperidone__LIS_2301d/2301d Vedlegg 03 Prisskjema legem versj1.xlsx,Prisskjema,257,Paliperidone,J01MA12,Levofloksacin,Levofloxacin specific Infusjonsvæske 5 mg/ml,false,unrelated_atc_in_workbook,,,no_confirmation
Paliperidone__LIS_2301d/2301d Vedlegg 03 Prisskjema legem versj1.xlsx,Prisskjema,258,Paliperidone,J01MA12,Levofloksacin,Levofloxacin Infusjonsvæske 5 mg/ml,false,unrelated_atc_in_workbook,,,no_confirmation
Paliperidone__LIS_2301d/2301d Vedlegg 03 Prisskjema legem versj1.xlsx,Prisskjema,259,Paliperidone,J04AB01,Sykloserin,Cycloserine specific Kapsel 250 mg,false,unrelated_atc_in_workbook,,,no_confirmation
Paliperidone__LIS_2301d/2301d Vedlegg 03 Prisskjema legem versj1.xlsx,Prisskjema,260,Paliperidone,J04AB01,Sykloserin,Cycloserine Kapsel 250 mg,false,unrelated_atc_in_workbook,,,no_confirmation
Paliperidone__LIS_2301d/2301d Vedlegg 03 Prisskjema legem versj1.xlsx,Prisskjema,261,Paliperidone,J04AB01,Sykloserin,Cicloserina specific Kapsel 250 mg,false,unrelated_atc_in_workbook,,,no_confirmation
Paliperidone__LIS_2301d/2301d Vedlegg 03 Prisskjema legem versj1.xlsx,Prisskjema,262,Paliperidone,J04AB02,Rifampicin,Eremfat life Pulver til infusjonsvæske 300 mg,false,unrelated_atc_in_workbook,,,no_confirmation
Paliperidone__LIS_2301d/2301d Vedlegg 03 Prisskjema legem versj1.xlsx,Prisskjema,263,Paliperidone,J04AB02,Rifampicin,Eremfat Pulver til infusjonsvæske 300 mg,false,unrelated_atc_in_workbook,,,no_confirmation
Paliperidone__LIS_2301d/2301d Vedlegg 03 Prisskjema legem versj1.xlsx,Prisskjema,264,Paliperidone,J04AB02,Rifampicin,"Eremfat Pulver og væske til infusjonsvæske, oppløsning 300 mg",false,unrelated_atc_in_workbook,,,no_confirmation
Paliperidone__LIS_2301d/2301d Vedlegg 03 Prisskjema legem versj1.xlsx,Prisskjema,265,Paliperidone,J04AB02,Rifampicin,Eremfat specific Pulver til infusjonsvæske 300 mg,false,unrelated_atc_in_workbook,,,no_confirmation
Paliperidone__LIS_2301d/2301d Vedlegg 03 Prisskjema legem versj1.xlsx,Prisskjema,266,Paliperidone,J04AB02,Rifampicin,Eremfat macure Pulver til infusjonsvæske 300 mg,false,unrelated_atc_in_workbook,,,no_confirmation
Paliperidone__LIS_2301d/2301d Vedlegg 03 Prisskjema legem versj1.xlsx,Prisskjema,267,Paliperidone,J04AB02,Rifampicin,Eremfat nmd Pulver til infusjonsvæske 300 mg,false,unrelated_atc_in_workbook,,,no_confirmation
Paliperidone__LIS_2301d/2301d Vedlegg 03 Prisskjema legem versj1.xlsx,Prisskjema,268,Paliperidone,J05AB12,Sidofovir,Cidofovir specific Konsentrat til infusjonsvæske 75 mg/ml,false,unrelated_atc_in_workbook,,,no_confirmation
Paliperidone__LIS_2301d/2301d Vedlegg 03 Prisskjema legem versj1.xlsx,Prisskjema,269,Paliperidone,J05AB12,Sidofovir,Cidofovir Konsentrat til infusjonsvæske 75 mg/ml,false,unrelated_atc_in_workbook,,,no_confirmation
Paliperidone__LIS_2301d/2301d Vedlegg 03 Prisskjema legem versj1.xlsx,Prisskjema,270,Paliperidone,J05AB12,Sidofovir,Cidofovir tillo mac infko 75mg,false,unrelated_atc_in_workbook,,,no_confirmation
Paliperidone__LIS_2301d/2301d Vedlegg 03 Prisskjema legem versj1.xlsx,Prisskjema,271,Paliperidone,J05AB12,Sidofovir,Cidofovir macure Konsentrat til infusjonsvæske 75 mg/ml,false,unrelated_atc_in_workbook,,,no_confirmation
Paliperidone__LIS_2301d/2301d Vedlegg 03 Prisskjema legem versj1.xlsx,Prisskjema,272,Paliperidone,J05AD01,Foskarnet,Foscavir Infusjonsvæske 24 mg/ml,false,unrelated_atc_in_workbook,,,no_confirmation
Paliperidone__LIS_2301d/2301d Vedlegg 03 Prisskjema legem versj1.xlsx,Prisskjema,273,Paliperidone,J05AD01,Foskarnet,Foscavir farma mondo Infusjonsvæske 24 mg/ml,false,unrelated_atc_in_workbook,,,no_confirmation
Paliperidone__LIS_2301d/2301d Vedlegg 03 Prisskjema legem versj1.xlsx,Prisskjema,274,Paliperidone,J05AD01,Foskarnet,Foscavir campus Infusjonsvæske 24 mg/ml,false,unrelated_atc_in_workbook,,,no_confirmation
Paliperidone__LIS_2301d/2301d Vedlegg 03 Prisskjema legem versj1.xlsx,Prisskjema,275,Paliperidone,J05AD01,Foskarnet,Foscavir specific Infusjonsvæske 24 mg/ml,false,unrelated_atc_in_workbook,,,no_confirmation
Paliperidone__LIS_2301d/2301d Vedlegg 03 Prisskjema legem versj1.xlsx,Prisskjema,276,Paliperidone,J05AD01,Foskarnet,Foscavir specific Infusjonsvæske 24 mg/ml,false,unrelated_atc_in_workbook,,,no_confirmation
Paliperidone__LIS_2301d/2301d Vedlegg 03 Prisskjema legem versj1.xlsx,Prisskjema,277,Paliperidone,J05AD01,Foskarnet,Foscavir Infusjonsvæske 24 mg/ml,false,unrelated_atc_in_workbook,,,no_confirmation
Paliperidone__LIS_2301d/2301d Vedlegg 03 Prisskjema legem versj1.xlsx,Prisskjema,278,Paliperidone,J05AD01,Foskarnet,Foscavir campus Infusjonsvæske 24 mg/ml,false,unrelated_atc_in_workbook,,,no_confirmation
Paliperidone__LIS_2301d/2301d Vedlegg 03 Prisskjema legem versj1.xlsx,Prisskjema,279,Paliperidone,J05AF01,Zidovudin,Zidovudine Tablett 300 mg,false,unrelated_atc_in_workbook,,,no_confirmation
Paliperidone__LIS_2301d/2301d Vedlegg 03 Prisskjema legem versj1.xlsx,Prisskjema,280,Paliperidone,J05AF01,Zidovudin,Retrovir Kapsel 100 mg,false,unrelated_atc_in_workbook,,,no_confirmation
Paliperidone__LIS_2301d/2301d Vedlegg 03 Prisskjema legem versj1.xlsx,Prisskjema,281,Paliperidone,J07BK03,"Varicella zoster-virus glykoprotein E antigen, rekombinant","Shingrix Pulver og suspensjon til injeksjonsvæske, suspensjon",false,unrelated_atc_in_workbook,,,no_confirmation
Paliperidone__LIS_2301d/2301d Vedlegg 03 Prisskjema legem versj1.xlsx,Prisskjema,282,Paliperidone,L04AA03,Immunglobulin anti,Atgam Konsentrat til infusjonsvæske 50 mg/ml,false,unrelated_atc_in_workbook,,,no_confirmation
Paliperidone__LIS_2301d/2301d Vedlegg 03 Prisskjema legem versj1.xlsx,Prisskjema,283,Paliperidone,L04AA03,Immunglobulin anti,Atgam unimedic Konsentrat til infusjonsvæske 50 mg/ml,false,unrelated_atc_in_workbook,,,no_confirmation
Paliperidone__LIS_2301d/2301d Vedlegg 03 Prisskjema legem versj1.xlsx,Prisskjema,284,Paliperidone,L04AA03,Immunglobulin anti,Atgam campus Konsentrat til infusjonsvæske 50 mg/ml,false,unrelated_atc_in_workbook,,,no_confirmation
Paliperidone__LIS_2301d/2301d Vedlegg 03 Prisskjema legem versj1.xlsx,Prisskjema,285,Paliperidone,L04AA04,Immunglobulin anti,Grafalon Konsentrat til infusjonsvæske 20 mg/ml,false,unrelated_atc_in_workbook,,,no_confirmation
Paliperidone__LIS_2301d/2301d Vedlegg 03 Prisskjema legem versj1.xlsx,Prisskjema,286,Paliperidone,M01AE01,Ibuprofen,Nurofen Junior campus Stikkpille 125 mg,false,unrelated_atc_in_workbook,,,no_confirmation
Paliperidone__LIS_2301d/2301d Vedlegg 03 Prisskjema legem versj1.xlsx,Prisskjema,287,Paliperidone,M01AE01,Ibuprofen,Nurofen Junior unimedic Stikkpille 60 mg,false,unrelated_atc_in_workbook,,,no_confirmation
Paliperidone__LIS_2301d/2301d Vedlegg 03 Prisskjema legem versj1.xlsx,Prisskjema,288,Paliperidone,M01AE01,Ibuprofen,Nurofen Junior specific Stikkpille 60 mg,false,unrelated_atc_in_workbook,,,no_confirmation
Paliperidone__LIS_2301d/2301d Vedlegg 03 Prisskjema legem versj1.xlsx,Prisskjema,289,Paliperidone,M01AE01,Ibuprofen,Burana Stikkpille 125 mg,false,unrelated_atc_in_workbook,,,no_confirmation
Paliperidone__LIS_2301d/2301d Vedlegg 03 Prisskjema legem versj1.xlsx,Prisskjema,290,Paliperidone,M01AE01,Ibuprofen,Nurofen Junior Stikkpille 60 mg,false,unrelated_atc_in_workbook,,,no_confirmation
Paliperidone__LIS_2301d/2301d Vedlegg 03 Prisskjema legem versj1.xlsx,Prisskjema,291,Paliperidone,M01AE01,Ibuprofen,Nurofen Junior specific Stikkpille 125 mg,false,unrelated_atc_in_workbook,,,no_confirmation
Paliperidone__LIS_2301d/2301d Vedlegg 03 Prisskjema legem versj1.xlsx,Prisskjema,292,Paliperidone,M01AE01,Ibuprofen,Nurofen Junior nordic prime Stikkpille 125 mg,false,unrelated_atc_in_workbook,,,no_confirmation
Paliperidone__LIS_2301d/2301d Vedlegg 03 Prisskjema legem versj1.xlsx,Prisskjema,293,Paliperidone,M01AE01,Ibuprofen,Nurofen Junior Stikkpille 125 mg,false,unrelated_atc_in_workbook,,,no_confirmation
Paliperidone__LIS_2301d/2301d Vedlegg 03 Prisskjema legem versj1.xlsx,Prisskjema,294,Paliperidone,M01AE01,Ibuprofen,Nurofen Junior nordic prime Stikkpille 60 mg,false,unrelated_atc_in_workbook,,,no_confirmation
Paliperidone__LIS_2301d/2301d Vedlegg 03 Prisskjema legem versj1.xlsx,Prisskjema,295,Paliperidone,M03AC03,Vekuronium,Vecuronium nordic prime Pulver til injeksjonsvæske 10 mg,false,unrelated_atc_in_workbook,,,no_confirmation
Paliperidone__LIS_2301d/2301d Vedlegg 03 Prisskjema legem versj1.xlsx,Prisskjema,296,Paliperidone,M03AC03,Vekuronium,Vecuronium algol Pulver til injeksjonsvæske 10 mg,false,unrelated_atc_in_workbook,,,no_confirmation
Paliperidone__LIS_2301d/2301d Vedlegg 03 Prisskjema legem versj1.xlsx,Prisskjema,297,Paliperidone,M03AC03,Vekuronium,Vecuronium inresa Pulver til injeksjonsvæske 10 mg,false,unrelated_atc_in_workbook,,,no_confirmation
Paliperidone__LIS_2301d/2301d Vedlegg 03 Prisskjema legem versj1.xlsx,Prisskjema,298,Paliperidone,M04AA03,Febuksostat,Uloric Tablett 40 mg,false,unrelated_atc_in_workbook,,,no_confirmation
Paliperidone__LIS_2301d/2301d Vedlegg 03 Prisskjema legem versj1.xlsx,Prisskjema,299,Paliperidone,M04AA03,Febuksostat,Febuxostat novadoz Tablett 40 mg,false,unrelated_atc_in_workbook,,,no_confirmation
Paliperidone__LIS_2301d/2301d Vedlegg 03 Prisskjema legem versj1.xlsx,Prisskjema,300,Paliperidone,N01BA04,Klorprokain,Nesacaine-MPF nmd Injeksjonsvæske 3 %,false,unrelated_atc_in_workbook,,,no_confirmation
Paliperidone__LIS_2301d/2301d Vedlegg 03 Prisskjema legem versj1.xlsx,Prisskjema,301,Paliperidone,N01BA04,Klorprokain,Nesacaine-mpf Injeksjonsvæske 3 % w/v,false,unrelated_atc_in_workbook,,,no_confirmation
Paliperidone__LIS_2301d/2301d Vedlegg 03 Prisskjema legem versj1.xlsx,Prisskjema,302,Paliperidone,N01BA04,Klorprokain,Nesacaine-MPF Injeksjonsvæske 3 %,false,unrelated_atc_in_workbook,,,no_confirmation
Paliperidone__LIS_2301d/2301d Vedlegg 03 Prisskjema legem versj1.xlsx,Prisskjema,303,Paliperidone,N01BA04,Klorprokain,Chloroprocaine Hydrochloride Injeksjonsvæske 3 %,false,unrelated_atc_in_workbook,,,no_confirmation
Paliperidone__LIS_2301d/2301d Vedlegg 03 Prisskjema legem versj1.xlsx,Prisskjema,304,Paliperidone,N01BB02,Lidokain,Xylocain viskøs Mikstur 2 % w/v,false,unrelated_atc_in_workbook,,,no_confirmation
Paliperidone__LIS_2301d/2301d Vedlegg 03 Prisskjema legem versj1.xlsx,Prisskjema,305,Paliperidone,N01BB02,Lidokain,Lidocaine west-ward Mikstur 2 % w/v,false,unrelated_atc_in_workbook,,,no_confirmation
Paliperidone__LIS_2301d/2301d Vedlegg 03 Prisskjema legem versj1.xlsx,Prisskjema,306,Paliperidone,N01BB02,Lidokain,Lidocaine hi-tech Mikstur 20 mg/ml,false,unrelated_atc_in_workbook,,,no_confirmation
Paliperidone__LIS_2301d/2301d Vedlegg 03 Prisskjema legem versj1.xlsx,Prisskjema,307,Paliperidone,N01BB02,Lidokain,Lidocaine HCl ahn Oppløsning 2 % w/v,false,unrelated_atc_in_workbook,,,no_confirmation
Paliperidone__LIS_2301d/2301d Vedlegg 03 Prisskjema legem versj1.xlsx,Prisskjema,308,Paliperidone,N01BB02,Lidokain,Lidodan viskøs Mikstur 2 % w/v,false,unrelated_atc_in_workbook,,,no_confirmation
Paliperidone__LIS_2301d/2301d Vedlegg 03 Prisskjema legem versj1.xlsx,Prisskjema,309,Paliperidone,N01BB02,Lidokain,Lidocaine Oppløsning 4 % w/v,false,unrelated_atc_in_workbook,,,no_confirmation
Paliperidone__LIS_2301d/2301d Vedlegg 03 Prisskjema legem versj1.xlsx,Prisskjema,310,Paliperidone,N01BB02,Lidokain,Lidocaine HCl west-w munnv 4%,false,unrelated_atc_in_workbook,,,no_confirmation
Paliperidone__LIS_2301d/2301d Vedlegg 03 Prisskjema legem versj1.xlsx,Prisskjema,311,Paliperidone,N01BB02,Lidokain,Lidokain glostrup munngel 5%,false,unrelated_atc_in_workbook,,,no_confirmation
Paliperidone__LIS_2301d/2301d Vedlegg 03 Prisskjema legem versj1.xlsx,Prisskjema,312,Paliperidone,N01BB02,Lidokain,Lidokain apl Munnpasta 5 %,false,unrelated_atc_in_workbook,,,no_confirmation
Paliperidone__LIS_2301d/2301d Vedlegg 03 Prisskjema legem versj1.xlsx,Prisskjema,313,Paliperidone,N01BB03,Mepivakain,Carbocain Injeksjonsvæske 20 mg/ml,false,unrelated_atc_in_workbook,,,no_confirmation
Paliperidone__LIS_2301d/2301d Vedlegg 03 Prisskjema legem versj1.xlsx,Prisskjema,314,Paliperidone,N01BB03,Mepivakain,Carbocain specific Injeksjonsvæske 20 mg/ml,false,unrelated_atc_in_workbook,,,no_confirmation
Paliperidone__LIS_2301d/2301d Vedlegg 03 Prisskjema legem versj1.xlsx,Prisskjema,315,Paliperidone,N01BB03,Mepivakain,Carbocain aspen Injeksjonsvæske 20 mg/ml,false,unrelated_atc_in_workbook,,,no_confirmation
Paliperidone__LIS_2301d/2301d Vedlegg 03 Prisskjema legem versj1.xlsx,Prisskjema,316,Paliperidone,N01BB03,Mepivakain,Carbocain nmd Injeksjonsvæske 20 mg/ml,false,unrelated_atc_in_workbook,,,no_confirmation
Paliperidone__LIS_2301d/2301d Vedlegg 03 Prisskjema legem versj1.xlsx,Prisskjema,317,Paliperidone,N01BB52,"Lidokain, adrenalin","Xylocaine-Adrenaline campus Injeksjonsvæske, oppløsning 20 mg/ml/5 mikrog/ml",false,unrelated_atc_in_workbook,,,no_confirmation
Paliperidone__LIS_2301d/2301d Vedlegg 03 Prisskjema legem versj1.xlsx,Prisskjema,318,Paliperidone,N01BB52,"Lidokain, adrenalin","Xylocain-Adrenalin Injeksjonsvæske, oppløsning 20 mg/ml/5 mikrog/ml",false,unrelated_atc_in_workbook,,,no_confirmation
Paliperidone__LIS_2301d/2301d Vedlegg 03 Prisskjema legem versj1.xlsx,Prisskjema,319,Paliperidone,N01BB52,"Lidokain, adrenalin","Xylocaine Adrenaline Injeksjonsvæske, oppløsning 2 %",false,unrelated_atc_in_workbook,,,no_confirmation
Paliperidone__LIS_2301d/2301d Vedlegg 03 Prisskjema legem versj1.xlsx,Prisskjema,320,Paliperidone,N01BB52,"Lidokain, adrenalin","Xylocaine-Adrenaline specific Injeksjonsvæske, oppløsning 2 %/5 mikrog/ml",false,unrelated_atc_in_workbook,,,no_confirmation
Paliperidone__LIS_2301d/2301d Vedlegg 03 Prisskjema legem versj1.xlsx,Prisskjema,321,Paliperidone,N01BB52,"Lidokain, adrenalin","Xylocaine-Adrenaline life Injeksjonsvæske, oppløsning 2 %",false,unrelated_atc_in_workbook,,,no_confirmation
Paliperidone__LIS_2301d/2301d Vedlegg 03 Prisskjema legem versj1.xlsx,Prisskjema,322,Paliperidone,N01BB52,"Lidokain, adrenalin","Xylocain-Adrenalin aspen Injeksjonsvæske, oppløsning 20 mg/ml/0,005 mg/ml",false,unrelated_atc_in_workbook,,,no_confirmation
Paliperidone__LIS_2301d/2301d Vedlegg 03 Prisskjema legem versj1.xlsx,Prisskjema,323,Paliperidone,N01BB52,"Lidokain, adrenalin","Xylocaine-Adrenaline 2care4 Injeksjonsvæske, oppløsning 2 % w/v/5 mikrog/ml",false,unrelated_atc_in_workbook,,,no_confirmation
Paliperidone__LIS_2301d/2301d Vedlegg 03 Prisskjema legem versj1.xlsx,Prisskjema,324,Paliperidone,N01BB52,"Lidokain, adrenalin","Xylocain-Adrenalin euromedica Injeksjonsvæske, oppløsning 20 mg/ml/5 mikrog/ml",false,unrelated_atc_in_workbook,,,no_confirmation
Paliperidone__LIS_2301d/2301d Vedlegg 03 Prisskjema legem versj1.xlsx,Prisskjema,325,Paliperidone,N01BB52,"Lidokain, adrenalin","Xylocaine with adrenaline aspen Injeksjonsvæske, oppløsning 2 % w/v/ml/5 mikrog/ml",false,unrelated_atc_in_workbook,,,no_confirmation
Paliperidone__LIS_2301d/2301d Vedlegg 03 Prisskjema legem versj1.xlsx,Prisskjema,326,Paliperidone,N01BB52,"Lidokain, adrenalin","Xylocain-Adrenalin Injeksjonsvæske, oppløsning 20 mg/ml/5 mikrog/ml",false,unrelated_atc_in_workbook,,,no_confirmation
Paliperidone__LIS_2301d/2301d Vedlegg 03 Prisskjema legem versj1.xlsx,Prisskjema,327,Paliperidone,N02AA01,Morfin,Morfine HCI cf orifarm u/kons Injeksjonsvæske 10 mg/ml,false,unrelated_atc_in_workbook,,,no_confirmation
Paliperidone__LIS_2301d/2301d Vedlegg 03 Prisskjema legem versj1.xlsx,Prisskjema,328,Paliperidone,N02AA01,Morfin,Morfin Epidural Injeksjonsvæske 10 mg/ml,false,unrelated_atc_in_workbook,,,no_confirmation
Paliperidone__LIS_2301d/2301d Vedlegg 03 Prisskjema legem versj1.xlsx,Prisskjema,329,Paliperidone,N02AB02,Petidin,"Pethidin HCl Injeksjonsvæske, oppløsning 50 mg/ml",false,unrelated_atc_in_workbook,,,no_confirmation
Paliperidone__LIS_2301d/2301d Vedlegg 03 Prisskjema legem versj1.xlsx,Prisskjema,330,Paliperidone,N02BA01,Acetylsalisylsyre,Acetylsalicylsyre nmd Stikkpille 125 mg,false,unrelated_atc_in_workbook,,,no_confirmation
Paliperidone__LIS_2301d/2301d Vedlegg 03 Prisskjema legem versj1.xlsx,Prisskjema,331,Paliperidone,N02BA01,Acetylsalisylsyre,Acetylsalicylsyre Stikkpille 125 mg,false,unrelated_atc_in_workbook,,,no_confirmation
Paliperidone__LIS_2301d/2301d Vedlegg 03 Prisskjema legem versj1.xlsx,Prisskjema,332,Paliperidone,N02BA01,Acetylsalisylsyre,Acetylsalicylsyre nmd Stikkpille 250 mg,false,unrelated_atc_in_workbook,,,no_confirmation
Paliperidone__LIS_2301d/2301d Vedlegg 03 Prisskjema legem versj1.xlsx,Prisskjema,333,Paliperidone,N02BA01,Acetylsalisylsyre,Aspirin Stikkpille 300 mg,false,unrelated_atc_in_workbook,,,no_confirmation
Paliperidone__LIS_2301d/2301d Vedlegg 03 Prisskjema legem versj1.xlsx,Prisskjema,334,Paliperidone,N02BA01,Acetylsalisylsyre,Aspirin Stikkpille 150 mg,false,unrelated_atc_in_workbook,,,no_confirmation
Paliperidone__LIS_2301d/2301d Vedlegg 03 Prisskjema legem versj1.xlsx,Prisskjema,335,Paliperidone,N02BA01,Acetylsalisylsyre,Acetylsalicylsyre Stikkpille 250 mg,false,unrelated_atc_in_workbook,,,no_confirmation
Paliperidone__LIS_2301d/2301d Vedlegg 03 Prisskjema legem versj1.xlsx,Prisskjema,336,Paliperidone,N02BA01,Acetylsalisylsyre,Acetylsalicylsyre Stikkpille 60 mg,false,unrelated_atc_in_workbook,,,no_confirmation
Paliperidone__LIS_2301d/2301d Vedlegg 03 Prisskjema legem versj1.xlsx,Prisskjema,337,Paliperidone,N02BA01,Acetylsalisylsyre,Disprin specific Dispergerbar tablett 300 mg,false,unrelated_atc_in_workbook,,,no_confirmation
Paliperidone__LIS_2301d/2301d Vedlegg 03 Prisskjema legem versj1.xlsx,Prisskjema,338,Paliperidone,N02BA01,Acetylsalisylsyre,Disprin Dispergerbar tablett 300 mg,false,unrelated_atc_in_workbook,,,no_confirmation
Paliperidone__LIS_2301d/2301d Vedlegg 03 Prisskjema legem versj1.xlsx,Prisskjema,339,Paliperidone,N02BA01,Acetylsalisylsyre,Disprin abacus Dispergerbar tablett 300 mg,false,unrelated_atc_in_workbook,,,no_confirmation
Paliperidone__LIS_2301d/2301d Vedlegg 03 Prisskjema legem versj1.xlsx,Prisskjema,340,Paliperidone,N02BA01,Acetylsalisylsyre,Disprin Original Dispergerbar tablett 300 mg,false,unrelated_atc_in_workbook,,,no_confirmation
Paliperidone__LIS_2301d/2301d Vedlegg 03 Prisskjema legem versj1.xlsx,Prisskjema,341,Paliperidone,N02BA01,Acetylsalisylsyre,"Aspirin unimedic Pulver og væske til injeksjons-/infusjonsvæske, oppløsning 500 mg",false,unrelated_atc_in_workbook,,,no_confirmation
Paliperidone__LIS_2301d/2301d Vedlegg 03 Prisskjema legem versj1.xlsx,Prisskjema,342,Paliperidone,N02BA01,Acetylsalisylsyre,"Aspirin Pulver og væske til injeksjons-/infusjonsvæske, oppløsning 500 mg",false,unrelated_atc_in_workbook,,,no_confirmation
Paliperidone__LIS_2301d/2301d Vedlegg 03 Prisskjema legem versj1.xlsx,Prisskjema,343,Paliperidone,N02BA01,Acetylsalisylsyre,"Aspirin Pulver og væske til injeksjons-/infusjonsvæske, oppløsning 500 mg",false,unrelated_atc_in_workbook,,,no_confirmation
Paliperidone__LIS_2301d/2301d Vedlegg 03 Prisskjema legem versj1.xlsx,Prisskjema,344,Paliperidone,N02BA01,Acetylsalisylsyre,"Aspegic Pulver og væske til injeksjonsvæske 0,5 g",false,unrelated_atc_in_workbook,,,no_confirmation
Paliperidone__LIS_2301d/2301d Vedlegg 03 Prisskjema legem versj1.xlsx,Prisskjema,345,Paliperidone,N02BA01,Acetylsalisylsyre,"Aspirin nordic prime Pulver og væske til injeksjons-/infusjonsvæske, oppløsning 500 mg",false,unrelated_atc_in_workbook,,,no_confirmation
Paliperidone__LIS_2301d/2301d Vedlegg 03 Prisskjema legem versj1.xlsx,Prisskjema,346,Paliperidone,N02BA01,Acetylsalisylsyre,"Aspirin nmd Pulver og væske til injeksjons-/infusjonsvæske, oppløsning 500 mg",false,unrelated_atc_in_workbook,,,no_confirmation
Paliperidone__LIS_2301d/2301d Vedlegg 03 Prisskjema legem versj1.xlsx,Prisskjema,347,Paliperidone,N02BE01,Paracetamol,Calpol 6 Plus Mikstur 250 mg/5 ml,false,unrelated_atc_in_workbook,,,no_confirmation
Paliperidone__LIS_2301d/2301d Vedlegg 03 Prisskjema legem versj1.xlsx,Prisskjema,348,Paliperidone,N02BE01,Paracetamol,Calpol Six Plus Mikstur 250 mg/5 ml,false,unrelated_atc_in_workbook,,,no_confirmation
Paliperidone__LIS_2301d/2301d Vedlegg 03 Prisskjema legem versj1.xlsx,Prisskjema,349,Paliperidone,N02BE01,Paracetamol,Paracetamol-ratiopharm Mikstur 40 mg/ml,false,unrelated_atc_in_workbook,,,no_confirmation
Paliperidone__LIS_2301d/2301d Vedlegg 03 Prisskjema legem versj1.xlsx,Prisskjema,350,Paliperidone,N02BE01,Paracetamol,Paracetamol specific Mikstur 250 mg/5 ml,false,unrelated_atc_in_workbook,,,no_confirmation
Paliperidone__LIS_2301d/2301d Vedlegg 03 Prisskjema legem versj1.xlsx,Prisskjema,351,Paliperidone,N02BE01,Paracetamol,Paracetamol rosemont Mikstur 250 mg/5 ml,false,unrelated_atc_in_workbook,,,no_confirmation
Paliperidone__LIS_2301d/2301d Vedlegg 03 Prisskjema legem versj1.xlsx,Prisskjema,352,Paliperidone,N02BE01,Paracetamol,Paracetamol nmd Mikstur 250 mg/5 ml,false,unrelated_atc_in_workbook,,,no_confirmation
Paliperidone__LIS_2301d/2301d Vedlegg 03 Prisskjema legem versj1.xlsx,Prisskjema,353,Paliperidone,N02BE01,Paracetamol,Paracetamol euromedica Mikstur 250 mg/5 ml,false,unrelated_atc_in_workbook,,,no_confirmation
Paliperidone__LIS_2301d/2301d Vedlegg 03 Prisskjema legem versj1.xlsx,Prisskjema,354,Paliperidone,N02BG10,Cannabisekstrakt tilsvarende cannabidiol,"Bediol Blomst, tørret 6,3 %/8 %",false,unrelated_atc_in_workbook,,,no_confirmation
Paliperidone__LIS_2301d/2301d Vedlegg 03 Prisskjema legem versj1.xlsx,Prisskjema,355,Paliperidone,N02BG10,Cannabisekstrakt tilsvarende cannabidiol,"Bedrocan Blomst, tørret 22 %/<1 %",false,unrelated_atc_in_workbook,,,no_confirmation
Paliperidone__LIS_2301d/2301d Vedlegg 03 Prisskjema legem versj1.xlsx,Prisskjema,356,Paliperidone,N02BG10,Cannabisekstrakt tilsvarende cannabidiol,"Bedrobinol Blomst, tørret 13,5 %/1 %",false,unrelated_atc_in_workbook,,,no_confirmation
Paliperidone__LIS_2301d/2301d Vedlegg 03 Prisskjema legem versj1.xlsx,Prisskjema,357,Paliperidone,N02BG10,Cannabisekstrakt tilsvarende cannabidiol,"Bedrolite flos granul <1+7,5%",false,unrelated_atc_in_workbook,,,no_confirmation
Paliperidone__LIS_2301d/2301d Vedlegg 03 Prisskjema legem versj1.xlsx,Prisskjema,358,Paliperidone,N02BG10,Cannabisekstrakt tilsvarende cannabidiol,"Bedrocan Blomst, tørret 22 %/<1 %",false,unrelated_atc_in_workbook,,,no_confirmation
Paliperidone__LIS_2301d/2301d Vedlegg 03 Prisskjema legem versj1.xlsx,Prisskjema,359,Paliperidone,N02BG10,Cannabisekstrakt tilsvarende cannabidiol,"Bedica Blomst, tørret 14 %/1 %",false,unrelated_atc_in_workbook,,,no_confirmation
Paliperidone__LIS_2301d/2301d Vedlegg 03 Prisskjema legem versj1.xlsx,Prisskjema,360,Paliperidone,N02BG10,Cannabisekstrakt tilsvarende cannabidiol,"Bedica Blomst, tørret 14 %/1 %",false,unrelated_atc_in_workbook,,,no_confirmation
Paliperidone__LIS_2301d/2301d Vedlegg 03 Prisskjema legem versj1.xlsx,Prisskjema,361,Paliperidone,N02BG10,Cannabisekstrakt tilsvarende cannabidiol,"Bedrolite flos granul <1+7,5%",false,unrelated_atc_in_workbook,,,no_confirmation
Paliperidone__LIS_2301d/2301d Vedlegg 03 Prisskjema legem versj1.xlsx,Prisskjema,362,Paliperidone,N02BG10,Cannabisekstrakt tilsvarende cannabidiol,"Bedrocan Blomst, tørret 22 %/<1 %",false,unrelated_atc_in_workbook,,,no_confirmation
Paliperidone__LIS_2301d/2301d Vedlegg 03 Prisskjema legem versj1.xlsx,Prisskjema,363,Paliperidone,N02BG10,Cannabisekstrakt tilsvarende cannabidiol,"Bediol Blomst, tørret 6,3 %/8 %",false,unrelated_atc_in_workbook,,,no_confirmation
Paliperidone__LIS_2301d/2301d Vedlegg 03 Prisskjema legem versj1.xlsx,Prisskjema,364,Paliperidone,N02BG10,Cannabisekstrakt tilsvarende cannabidiol,"Bedrolite Blomst, tørret 1 %/9 %",false,unrelated_atc_in_workbook,,,no_confirmation
Paliperidone__LIS_2301d/2301d Vedlegg 03 Prisskjema legem versj1.xlsx,Prisskjema,365,Paliperidone,N02BG10,Cannabisekstrakt tilsvarende cannabidiol,"Bedrocan Blomst, tørret 19 %/<1 %",false,unrelated_atc_in_workbook,,,no_confirmation
Paliperidone__LIS_2301d/2301d Vedlegg 03 Prisskjema legem versj1.xlsx,Prisskjema,366,Paliperidone,N02BG10,Cannabisekstrakt tilsvarende cannabidiol,"Bedrolite Blomst, tørret 1 %/9 %",false,unrelated_atc_in_workbook,,,no_confirmation
Paliperidone__LIS_2301d/2301d Vedlegg 03 Prisskjema legem versj1.xlsx,Prisskjema,367,Paliperidone,N02CX02,Klonidin,Clonidine Tablett 25 mikrog,false,unrelated_atc_in_workbook,,,no_confirmation
Paliperidone__LIS_2301d/2301d Vedlegg 03 Prisskjema legem versj1.xlsx,Prisskjema,368,Paliperidone,N02CX02,Klonidin,"Clonidine Tablett 0,025 mg",false,unrelated_atc_in_workbook,,,no_confirmation
Paliperidone__LIS_2301d/2301d Vedlegg 03 Prisskjema legem versj1.xlsx,Prisskjema,369,Paliperidone,N02CX02,Klonidin,"Clonidine Tablett 0,025 mg",false,unrelated_atc_in_workbook,,,no_confirmation
Paliperidone__LIS_2301d/2301d Vedlegg 03 Prisskjema legem versj1.xlsx,Prisskjema,371,Paliperidone,N03AA02,Fenobarbital,Phenobarbital Injeksjonsvæske 10 %,false,unrelated_atc_in_workbook,,,no_confirmation
Paliperidone__LIS_2301d/2301d Vedlegg 03 Prisskjema legem versj1.xlsx,Prisskjema,372,Paliperidone,N03AE01,Klonazepam,"Rivotril specific Konsentrat og væske til injeksjonsvæske, oppløsning 1 mg/ml",false,unrelated_atc_in_workbook,,,no_confirmation
Paliperidone__LIS_2301d/2301d Vedlegg 03 Prisskjema legem versj1.xlsx,Prisskjema,373,Paliperidone,N03AE01,Klonazepam,"Rivotril nmd Konsentrat og væske til injeksjons-/infusjonsvæske, oppløsning 1 mg/ml",false,unrelated_atc_in_workbook,,,no_confirmation
Paliperidone__LIS_2301d/2301d Vedlegg 03 Prisskjema legem versj1.xlsx,Prisskjema,374,Paliperidone,N03AE01,Klonazepam,"Rivotril campus Konsentrat og væske til injeksjonsvæske, oppløsning 1 mg/ml",false,unrelated_atc_in_workbook,,,no_confirmation
Paliperidone__LIS_2301d/2301d Vedlegg 03 Prisskjema legem versj1.xlsx,Prisskjema,375,Paliperidone,N03AE01,Klonazepam,"Rivotril Konsentrat og væske til injeksjonsvæske, oppløsning 1 mg/ml",false,unrelated_atc_in_workbook,,,no_confirmation
Paliperidone__LIS_2301d/2301d Vedlegg 03 Prisskjema legem versj1.xlsx,Prisskjema,376,Paliperidone,N03AE01,Klonazepam,"Rivotril campus Konsentrat og væske til injeksjonsvæske, oppløsning 1 mg/ml",false,unrelated_atc_in_workbook,,,no_confirmation
Paliperidone__LIS_2301d/2301d Vedlegg 03 Prisskjema legem versj1.xlsx,Prisskjema,377,Paliperidone,N03AX12,Gabapentin,GabaLiquid GeriaSan Mikstur 50 mg/ml,false,unrelated_atc_in_workbook,,,no_confirmation
Paliperidone__LIS_2301d/2301d Vedlegg 03 Prisskjema legem versj1.xlsx,Prisskjema,378,Paliperidone,N03AX12,Gabapentin,GabaLiquid GeriSan specific Mikstur 50 mg/ml,false,unrelated_atc_in_workbook,,,no_confirmation
Paliperidone__LIS_2301d/2301d Vedlegg 03 Prisskjema legem versj1.xlsx,Prisskjema,379,Paliperidone,N03AX12,Gabapentin,Gabapentin specific Mikstur 50 mg/ml,false,unrelated_atc_in_workbook,,,no_confirmation
Paliperidone__LIS_2301d/2301d Vedlegg 03 Prisskjema legem versj1.xlsx,Prisskjema,380,Paliperidone,N03AX12,Gabapentin,GabaLiquid GeriaSan farma mondo Mikstur 50 mg/ml,false,unrelated_atc_in_workbook,,,no_confirmation
Paliperidone__LIS_2301d/2301d Vedlegg 03 Prisskjema legem versj1.xlsx,Prisskjema,381,Paliperidone,N03AX12,Gabapentin,Gabapentin rosemont Mikstur 50 mg/ml,false,unrelated_atc_in_workbook,,,no_confirmation
Paliperidone__LIS_2301d/2301d Vedlegg 03 Prisskjema legem versj1.xlsx,Prisskjema,382,Paliperidone,N05AA01,Klorpromazin,Largactil unimedic Tablett 100 mg,false,unrelated_atc_in_workbook,,,no_confirmation
Paliperidone__LIS_2301d/2301d Vedlegg 03 Prisskjema legem versj1.xlsx,Prisskjema,383,Paliperidone,N05AA01,Klorpromazin,Chlorpromazine nmd Tablett 100 mg,false,unrelated_atc_in_workbook,,,no_confirmation
Paliperidone__LIS_2301d/2301d Vedlegg 03 Prisskjema legem versj1.xlsx,Prisskjema,384,Paliperidone,N05AA01,Klorpromazin,Chlorpromazine Tablett 50 mg,false,unrelated_atc_in_workbook,,,no_confirmation
Paliperidone__LIS_2301d/2301d Vedlegg 03 Prisskjema legem versj1.xlsx,Prisskjema,385,Paliperidone,N05AA01,Klorpromazin,Chlorpromazine Tablett 50 mg,false,unrelated_atc_in_workbook,,,no_confirmation
Paliperidone__LIS_2301d/2301d Vedlegg 03 Prisskjema legem versj1.xlsx,Prisskjema,386,Paliperidone,N05AA01,Klorpromazin,Chlorpromazine euromedica Tablett 10 mg,false,unrelated_atc_in_workbook,,,no_confirmation
Paliperidone__LIS_2301d/2301d Vedlegg 03 Prisskjema legem versj1.xlsx,Prisskjema,387,Paliperidone,N05AA01,Klorpromazin,Largactil Tablett 25 mg,false,unrelated_atc_in_workbook,,,no_confirmation
Paliperidone__LIS_2301d/2301d Vedlegg 03 Prisskjema legem versj1.xlsx,Prisskjema,388,Paliperidone,N05AA01,Klorpromazin,Chlorpromazine Tablett 10 mg,false,unrelated_atc_in_workbook,,,no_confirmation
Paliperidone__LIS_2301d/2301d Vedlegg 03 Prisskjema legem versj1.xlsx,Prisskjema,389,Paliperidone,N05AA01,Klorpromazin,Chlorpromazine nmd Tablett 25 mg,false,unrelated_atc_in_workbook,,,no_confirmation
Paliperidone__LIS_2301d/2301d Vedlegg 03 Prisskjema legem versj1.xlsx,Prisskjema,390,Paliperidone,N05AA01,Klorpromazin,Largactil Tablett 100 mg,false,unrelated_atc_in_workbook,,,no_confirmation
Paliperidone__LIS_2301d/2301d Vedlegg 03 Prisskjema legem versj1.xlsx,Prisskjema,391,Paliperidone,N05AA01,Klorpromazin,Largactil unimedic Tablett 25 mg,false,unrelated_atc_in_workbook,,,no_confirmation
Paliperidone__LIS_2301d/2301d Vedlegg 03 Prisskjema legem versj1.xlsx,Prisskjema,392,Paliperidone,N05AA01,Klorpromazin,Largactil specific Tablett 100 mg,false,unrelated_atc_in_workbook,,,no_confirmation
Paliperidone__LIS_2301d/2301d Vedlegg 03 Prisskjema legem versj1.xlsx,Prisskjema,393,Paliperidone,N05AA01,Klorpromazin,Chlorpromazine euromedica Tablett 50 mg,false,unrelated_atc_in_workbook,,,no_confirmation
Paliperidone__LIS_2301d/2301d Vedlegg 03 Prisskjema legem versj1.xlsx,Prisskjema,394,Paliperidone,N05AA01,Klorpromazin,Chlorpromazine euromedica Tablett 100 mg,false,unrelated_atc_in_workbook,,,no_confirmation
Paliperidone__LIS_2301d/2301d Vedlegg 03 Prisskjema legem versj1.xlsx,Prisskjema,395,Paliperidone,N05AA01,Klorpromazin,Largactil Tablett 25 mg,false,unrelated_atc_in_workbook,,,no_confirmation
Paliperidone__LIS_2301d/2301d Vedlegg 03 Prisskjema legem versj1.xlsx,Prisskjema,396,Paliperidone,N05AA01,Klorpromazin,Largactil specific Tablett 25 mg,false,unrelated_atc_in_workbook,,,no_confirmation
Paliperidone__LIS_2301d/2301d Vedlegg 03 Prisskjema legem versj1.xlsx,Prisskjema,397,Paliperidone,N05AA01,Klorpromazin,Chlorpromazine nmd Tablett 10 mg,false,unrelated_atc_in_workbook,,,no_confirmation
Paliperidone__LIS_2301d/2301d Vedlegg 03 Prisskjema legem versj1.xlsx,Prisskjema,398,Paliperidone,N05AA01,Klorpromazin,Chlorpromazine Tablett 100 mg,false,unrelated_atc_in_workbook,,,no_confirmation
Paliperidone__LIS_2301d/2301d Vedlegg 03 Prisskjema legem versj1.xlsx,Prisskjema,399,Paliperidone,N05AA01,Klorpromazin,Chlorpromazine Tablett 100 mg,false,unrelated_atc_in_workbook,,,no_confirmation
Paliperidone__LIS_2301d/2301d Vedlegg 03 Prisskjema legem versj1.xlsx,Prisskjema,400,Paliperidone,N05AA01,Klorpromazin,Chlorpromazine euromedica Tablett 25 mg,false,unrelated_atc_in_workbook,,,no_confirmation
Paliperidone__LIS_2301d/2301d Vedlegg 03 Prisskjema legem versj1.xlsx,Prisskjema,401,Paliperidone,N05AA01,Klorpromazin,Chlorpromazine Tablett 25 mg,false,unrelated_atc_in_workbook,,,no_confirmation
Paliperidone__LIS_2301d/2301d Vedlegg 03 Prisskjema legem versj1.xlsx,Prisskjema,402,Paliperidone,N05AA01,Klorpromazin,Chlorpromazine Tablett 25 mg,false,unrelated_atc_in_workbook,,,no_confirmation
Paliperidone__LIS_2301d/2301d Vedlegg 03 Prisskjema legem versj1.xlsx,Prisskjema,403,Paliperidone,N05AA02,Levomepromazin,"Neurocil Injeksjonsvæske, oppløsning 25 mg/ml",false,unrelated_atc_in_workbook,,,no_confirmation
Paliperidone__LIS_2301d/2301d Vedlegg 03 Prisskjema legem versj1.xlsx,Prisskjema,404,Paliperidone,N05AA02,Levomepromazin,"Levomepromazin-neuraxpharm Injeksjonsvæske, oppløsning 25 mg/ml",false,unrelated_atc_in_workbook,,,no_confirmation
Paliperidone__LIS_2301d/2301d Vedlegg 03 Prisskjema legem versj1.xlsx,Prisskjema,405,Paliperidone,N05AA02,Levomepromazin,Nozinan Tablett 5 mg,false,unrelated_atc_in_workbook,,,no_confirmation
Paliperidone__LIS_2301d/2301d Vedlegg 03 Prisskjema legem versj1.xlsx,Prisskjema,406,Paliperidone,N05AA02,Levomepromazin,Nozinan Tablett 5 mg,false,unrelated_atc_in_workbook,,,no_confirmation
Paliperidone__LIS_2301d/2301d Vedlegg 03 Prisskjema legem versj1.xlsx,Prisskjema,407,Paliperidone,N05AA02,Levomepromazin,Levomepromazine orion Tablett 5 mg,false,unrelated_atc_in_workbook,,,no_confirmation
Paliperidone__LIS_2301d/2301d Vedlegg 03 Prisskjema legem versj1.xlsx,Prisskjema,408,Paliperidone,N05AA02,Levomepromazin,Methoprazine Tablett 5 mg,false,unrelated_atc_in_workbook,,,no_confirmation
Paliperidone__LIS_2301d/2301d Vedlegg 03 Prisskjema legem versj1.xlsx,Prisskjema,409,Paliperidone,N05AB03,Perfenazin,Trilafon abacus Tablett 4 mg,false,unrelated_atc_in_workbook,,,no_confirmation
Paliperidone__LIS_2301d/2301d Vedlegg 03 Prisskjema legem versj1.xlsx,Prisskjema,410,Paliperidone,N05AB03,Perfenazin,Perphenazin neuraxpharm Tablett 8 mg,false,unrelated_atc_in_workbook,,,no_confirmation
Paliperidone__LIS_2301d/2301d Vedlegg 03 Prisskjema legem versj1.xlsx,Prisskjema,411,Paliperidone,N05AB03,Perfenazin,Trilafon abacus Tablett 2 mg,false,unrelated_atc_in_workbook,,,no_confirmation
Paliperidone__LIS_2301d/2301d Vedlegg 03 Prisskjema legem versj1.xlsx,Prisskjema,412,Paliperidone,N05AB03,Perfenazin,Trilafon Tablett 8 mg,false,unrelated_atc_in_workbook,,,no_confirmation
Paliperidone__LIS_2301d/2301d Vedlegg 03 Prisskjema legem versj1.xlsx,Prisskjema,413,Paliperidone,N05AB03,Perfenazin,Peratsin Tablett 4 mg,false,unrelated_atc_in_workbook,,,no_confirmation
Paliperidone__LIS_2301d/2301d Vedlegg 03 Prisskjema legem versj1.xlsx,Prisskjema,414,Paliperidone,N05AB03,Perfenazin,Perphenazin unimedic Tablett 8 mg,false,unrelated_atc_in_workbook,,,no_confirmation
Paliperidone__LIS_2301d/2301d Vedlegg 03 Prisskjema legem versj1.xlsx,Prisskjema,415,Paliperidone,N05AB03,Perfenazin,Trilafon Tablett 2 mg,false,unrelated_atc_in_workbook,,,no_confirmation
Paliperidone__LIS_2301d/2301d Vedlegg 03 Prisskjema legem versj1.xlsx,Prisskjema,416,Paliperidone,N05AB03,Perfenazin,Trilafon specific Tablett 4 mg,false,unrelated_atc_in_workbook,,,no_confirmation
Paliperidone__LIS_2301d/2301d Vedlegg 03 Prisskjema legem versj1.xlsx,Prisskjema,417,Paliperidone,N05AB03,Perfenazin,Perphenazin specific Tablett 8 mg,false,unrelated_atc_in_workbook,,,no_confirmation
Paliperidone__LIS_2301d/2301d Vedlegg 03 Prisskjema legem versj1.xlsx,Prisskjema,418,Paliperidone,N05AB03,Perfenazin,Trilafon unimedic Tablett 4 mg,false,unrelated_atc_in_workbook,,,no_confirmation
Paliperidone__LIS_2301d/2301d Vedlegg 03 Prisskjema legem versj1.xlsx,Prisskjema,419,Paliperidone,N05AB03,Perfenazin,Peratsin Tablett 2 mg,false,unrelated_atc_in_workbook,,,no_confirmation
Paliperidone__LIS_2301d/2301d Vedlegg 03 Prisskjema legem versj1.xlsx,Prisskjema,420,Paliperidone,N05AB03,Perfenazin,Peratsin Tablett 8 mg,false,unrelated_atc_in_workbook,,,no_confirmation
Paliperidone__LIS_2301d/2301d Vedlegg 03 Prisskjema legem versj1.xlsx,Prisskjema,421,Paliperidone,N05AB03,Perfenazin,Trilafon specific Tablett 2 mg,false,unrelated_atc_in_workbook,,,no_confirmation
Paliperidone__LIS_2301d/2301d Vedlegg 03 Prisskjema legem versj1.xlsx,Prisskjema,422,Paliperidone,N05AB03,Perfenazin,Trilafon Tablett 4 mg,false,unrelated_atc_in_workbook,,,no_confirmation
Paliperidone__LIS_2301d/2301d Vedlegg 03 Prisskjema legem versj1.xlsx,Prisskjema,423,Paliperidone,N05AB03,Perfenazin,Trilafon unimedic Tablett 2 mg,false,unrelated_atc_in_workbook,,,no_confirmation
Paliperidone__LIS_2301d/2301d Vedlegg 03 Prisskjema legem versj1.xlsx,Prisskjema,424,Paliperidone,N05AB03,Perfenazin,Trilafon specific Tablett 8 mg,false,unrelated_atc_in_workbook,,,no_confirmation
Paliperidone__LIS_2301d/2301d Vedlegg 03 Prisskjema legem versj1.xlsx,Prisskjema,425,Paliperidone,N05AX13,Paliperidon,"Xeplion Depotinjeksjonsvæske, suspensjon 25 mg/sprøyte",true,,paliperidon,name_in_document,document_name_and_atc
Paliperidone__LIS_2301d/2301d Vedlegg 03 Prisskjema legem versj1.xlsx,Prisskjema,426,Paliperidone,N05AX13,Paliperidon,"Xeplion Depotinjeksjonsvæske, suspensjon 25 mg/sprøyte",true,,paliperidon,name_in_document,document_name_and_atc
Paliperidone__LIS_2301d/2301d Vedlegg 03 Prisskjema legem versj1.xlsx,Prisskjema,427,Paliperidone,N05BA06,Lorazepam,"Temesta Tablett 2,5 mg",false,unrelated_atc_in_workbook,,,no_confirmation
Paliperidone__LIS_2301d/2301d Vedlegg 03 Prisskjema legem versj1.xlsx,Prisskjema,428,Paliperidone,N05BA06,Lorazepam,"Lorazepam nmd Tablett 2,5 mg",false,unrelated_atc_in_workbook,,,no_confirmation
Paliperidone__LIS_2301d/2301d Vedlegg 03 Prisskjema legem versj1.xlsx,Prisskjema,429,Paliperidone,N05BA06,Lorazepam,Temesta Tablett 1 mg,false,unrelated_atc_in_workbook,,,no_confirmation
Paliperidone__LIS_2301d/2301d Vedlegg 03 Prisskjema legem versj1.xlsx,Prisskjema,430,Paliperidone,N05BA06,Lorazepam,Temesta Tablett 1 mg,false,unrelated_atc_in_workbook,,,no_confirmation
Paliperidone__LIS_2301d/2301d Vedlegg 03 Prisskjema legem versj1.xlsx,Prisskjema,431,Paliperidone,N05BA06,Lorazepam,Lorazepam nmd Tablett 1 mg,false,unrelated_atc_in_workbook,,,no_confirmation
Paliperidone__LIS_2301d/2301d Vedlegg 03 Prisskjema legem versj1.xlsx,Prisskjema,432,Paliperidone,N05BA06,Lorazepam,"Lorazepam Tablett 2,5 mg",false,unrelated_atc_in_workbook,,,no_confirmation
Paliperidone__LIS_2301d/2301d Vedlegg 03 Prisskjema legem versj1.xlsx,Prisskjema,433,Paliperidone,N05BA06,Lorazepam,"Temesta nmd Tablett 2,5 mg",false,unrelated_atc_in_workbook,,,no_confirmation
Paliperidone__LIS_2301d/2301d Vedlegg 03 Prisskjema legem versj1.xlsx,Prisskjema,434,Paliperidone,N05BA06,Lorazepam,Lorazepam aristo Tablett 1 mg,false,unrelated_atc_in_workbook,,,no_confirmation
Paliperidone__LIS_2301d/2301d Vedlegg 03 Prisskjema legem versj1.xlsx,Prisskjema,435,Paliperidone,N05BA06,Lorazepam,"Lorazepam neuraxpharm Tablett 2,5 mg",false,unrelated_atc_in_workbook,,,no_confirmation
Paliperidone__LIS_2301d/2301d Vedlegg 03 Prisskjema legem versj1.xlsx,Prisskjema,436,Paliperidone,N05BA06,Lorazepam,Lorazepam apotex orifarm Tablett 1 mg,false,unrelated_atc_in_workbook,,,no_confirmation
Paliperidone__LIS_2301d/2301d Vedlegg 03 Prisskjema legem versj1.xlsx,Prisskjema,437,Paliperidone,N05BA06,Lorazepam,Lorazepam aristo Tablett 1 mg,false,unrelated_atc_in_workbook,,,no_confirmation
Paliperidone__LIS_2301d/2301d Vedlegg 03 Prisskjema legem versj1.xlsx,Prisskjema,438,Paliperidone,N05BA06,Lorazepam,"Lorazepam neuraxpharm Tablett 2,5 mg",false,unrelated_atc_in_workbook,,,no_confirmation
Paliperidone__LIS_2301d/2301d Vedlegg 03 Prisskjema legem versj1.xlsx,Prisskjema,439,Paliperidone,N05BA06,Lorazepam,Lorazepam Tablett 1 mg,false,unrelated_atc_in_workbook,,,no_confirmation
Paliperidone__LIS_2301d/2301d Vedlegg 03 Prisskjema legem versj1.xlsx,Prisskjema,440,Paliperidone,N05BA06,Lorazepam,Temesta Tablett 1 mg,false,unrelated_atc_in_workbook,,,no_confirmation
Paliperidone__LIS_2301d/2301d Vedlegg 03 Prisskjema legem versj1.xlsx,Prisskjema,441,Paliperidone,N05BA06,Lorazepam,"Temesta Expidet nmd Smeltetablett 2,5 mg",false,unrelated_atc_in_workbook,,,no_confirmation
Paliperidone__LIS_2301d/2301d Vedlegg 03 Prisskjema legem versj1.xlsx,Prisskjema,442,Paliperidone,N05BA06,Lorazepam,Temesta Expidet campus Smeltetablett 1 mg,false,unrelated_atc_in_workbook,,,no_confirmation
Paliperidone__LIS_2301d/2301d Vedlegg 03 Prisskjema legem versj1.xlsx,Prisskjema,443,Paliperidone,N05BA06,Lorazepam,Temesta Expidet nmd Smeltetablett 1 mg,false,unrelated_atc_in_workbook,,,no_confirmation
Paliperidone__LIS_2301d/2301d Vedlegg 03 Prisskjema legem versj1.xlsx,Prisskjema,444,Paliperidone,N05BA06,Lorazepam,"Temesta Expidet Smeltetablett 2,5 mg",false,unrelated_atc_in_workbook,,,no_confirmation
Paliperidone__LIS_2301d/2301d Vedlegg 03 Prisskjema legem versj1.xlsx,Prisskjema,445,Paliperidone,N05BA06,Lorazepam,"Temesta Expidet campus Smeltetablett 2,5 mg",false,unrelated_atc_in_workbook,,,no_confirmation
Paliperidone__LIS_2301d/2301d Vedlegg 03 Prisskjema legem versj1.xlsx,Prisskjema,446,Paliperidone,N05BA06,Lorazepam,Temesta Expidet Smeltetablett 1 mg,false,unrelated_atc_in_workbook,,,no_confirmation
Paliperidone__LIS_2301d/2301d Vedlegg 03 Prisskjema legem versj1.xlsx,Prisskjema,447,Paliperidone,N05BA06,Lorazepam,Temesta Expidet Smeltetablett 1 mg,false,unrelated_atc_in_workbook,,,no_confirmation
Paliperidone__LIS_2301d/2301d Vedlegg 03 Prisskjema legem versj1.xlsx,Prisskjema,448,Paliperidone,N05CD02,Nitrazepam,"Nitrazepam essential Mikstur 2,5 mg/5 ml",false,unrelated_atc_in_workbook,,,no_confirmation
Paliperidone__LIS_2301d/2301d Vedlegg 03 Prisskjema legem versj1.xlsx,Prisskjema,449,Paliperidone,N05CD02,Nitrazepam,"Nitrazepam Mikstur 0,5 mg/ml",false,unrelated_atc_in_workbook,,,no_confirmation
Paliperidone__LIS_2301d/2301d Vedlegg 03 Prisskjema legem versj1.xlsx,Prisskjema,450,Paliperidone,N05CD08,Midazolam,Midazolam-ratiopharm orifarm Mikstur 2 mg/ml,false,unrelated_atc_in_workbook,,,no_confirmation
Paliperidone__LIS_2301d/2301d Vedlegg 03 Prisskjema legem versj1.xlsx,Prisskjema,451,Paliperidone,N05CD08,Midazolam,Midazolam Mikstur 2 mg/ml,false,unrelated_atc_in_workbook,,,no_confirmation
Paliperidone__LIS_2301d/2301d Vedlegg 03 Prisskjema legem versj1.xlsx,Prisskjema,452,Paliperidone,N05CD08,Midazolam,Midazolam Mikstur 2 mg/ml,false,unrelated_atc_in_workbook,,,no_confirmation
Paliperidone__LIS_2301d/2301d Vedlegg 03 Prisskjema legem versj1.xlsx,Prisskjema,453,Paliperidone,N05CD08,Midazolam,"Epistatus nmd Munnvann, oppløsning 10 mg/ml",false,unrelated_atc_in_workbook,,,no_confirmation
Paliperidone__LIS_2301d/2301d Vedlegg 03 Prisskjema legem versj1.xlsx,Prisskjema,454,Paliperidone,N05CD08,Midazolam,"Epistatus campus Munnvann, oppløsning 10 mg/ml",false,unrelated_atc_in_workbook,,,no_confirmation
Paliperidone__LIS_2301d/2301d Vedlegg 03 Prisskjema legem versj1.xlsx,Prisskjema,455,Paliperidone,N05CD08,Midazolam,"Epistatus Munnvann, oppløsning 10 mg/ml",false,unrelated_atc_in_workbook,,,no_confirmation
Paliperidone__LIS_2301d/2301d Vedlegg 03 Prisskjema legem versj1.xlsx,Prisskjema,456,Paliperidone,N05CD08,Midazolam,"Suptamid Munnvann, oppløsning 10 mg/ml",false,unrelated_atc_in_workbook,,,no_confirmation
Paliperidone__LIS_2301d/2301d Vedlegg 03 Prisskjema legem versj1.xlsx,Prisskjema,457,Paliperidone,N05CD08,Midazolam,"Consed Munnvann, oppløsning 10 mg/ml",false,unrelated_atc_in_workbook,,,no_confirmation
Paliperidone__LIS_2301d/2301d Vedlegg 03 Prisskjema legem versj1.xlsx,Prisskjema,458,Paliperidone,N05CD08,Midazolam,"Dormicum Tablett 7,5 mg",false,unrelated_atc_in_workbook,,,no_confirmation
Paliperidone__LIS_2301d/2301d Vedlegg 03 Prisskjema legem versj1.xlsx,Prisskjema,459,Paliperidone,N05CD08,Midazolam,"Dormicum Tablett 7,5 mg",false,unrelated_atc_in_workbook,,,no_confirmation
Paliperidone__LIS_2301d/2301d Vedlegg 03 Prisskjema legem versj1.xlsx,Prisskjema,460,Paliperidone,N05CD08,Midazolam,"Dormicum campus Tablett 7,5 mg",false,unrelated_atc_in_workbook,,,no_confirmation
Paliperidone__LIS_2301d/2301d Vedlegg 03 Prisskjema legem versj1.xlsx,Prisskjema,461,Paliperidone,N05CD08,Midazolam,"Dormicum specific Tablett 7,5 mg",false,unrelated_atc_in_workbook,,,no_confirmation
Paliperidone__LIS_2301d/2301d Vedlegg 03 Prisskjema legem versj1.xlsx,Prisskjema,462,Paliperidone,N05CD08,Midazolam,"Dormicum nmd Tablett 7,5 mg",false,unrelated_atc_in_workbook,,,no_confirmation
Paliperidone__LIS_2301d/2301d Vedlegg 03 Prisskjema legem versj1.xlsx,Prisskjema,463,Paliperidone,N06BA02,Deksamfetamin,"Dextroamphetamine Sulfate mayne Depotkapsel, hard 10 mg",false,unrelated_atc_in_workbook,,,no_confirmation
Paliperidone__LIS_2301d/2301d Vedlegg 03 Prisskjema legem versj1.xlsx,Prisskjema,464,Paliperidone,N06BA02,Deksamfetamin,"Dexedrine Spansule Depotkapsel, hard 15 mg",false,unrelated_atc_in_workbook,,,no_confirmation
Paliperidone__LIS_2301d/2301d Vedlegg 03 Prisskjema legem versj1.xlsx,Prisskjema,465,Paliperidone,N06BA02,Deksamfetamin,"Dexedrine Spansule Depotkapsel, hard 10 mg",false,unrelated_atc_in_workbook,,,no_confirmation
Paliperidone__LIS_2301d/2301d Vedlegg 03 Prisskjema legem versj1.xlsx,Prisskjema,466,Paliperidone,N06BA02,Deksamfetamin,"Dextroamphetamine Sulfate mayne Depotkapsel, hard 15 mg",false,unrelated_atc_in_workbook,,,no_confirmation
Paliperidone__LIS_2301d/2301d Vedlegg 03 Prisskjema legem versj1.xlsx,Prisskjema,467,Paliperidone,N06BC01,Koffein,Caffeine Citrate specific Mikstur 10 mg/ml,false,unrelated_atc_in_workbook,,,no_confirmation
Paliperidone__LIS_2301d/2301d Vedlegg 03 Prisskjema legem versj1.xlsx,Prisskjema,468,Paliperidone,N06BC01,Koffein,Caffeine Citrate martindale Mikstur 10 mg/ml,false,unrelated_atc_in_workbook,,,no_confirmation
Paliperidone__LIS_2301d/2301d Vedlegg 03 Prisskjema legem versj1.xlsx,Prisskjema,469,Paliperidone,N07XX02,Riluzol,Teglutik Mikstur 5 mg/ml,false,unrelated_atc_in_workbook,,,no_confirmation
Paliperidone__LIS_2301d/2301d Vedlegg 03 Prisskjema legem versj1.xlsx,Prisskjema,470,Paliperidone,P01AB06,Nimorazol,Nimox Tablett 500 mg,false,unrelated_atc_in_workbook,,,no_confirmation
Paliperidone__LIS_2301d/2301d Vedlegg 03 Prisskjema legem versj1.xlsx,Prisskjema,471,Paliperidone,P01AB06,Nimorazol,Nimoral Tablett 500 mg,false,unrelated_atc_in_workbook,,,no_confirmation
Paliperidone__LIS_2301d/2301d Vedlegg 03 Prisskjema legem versj1.xlsx,Prisskjema,472,Paliperidone,P01AB06,Nimorazol,Naxogin Tablett 500 mg,false,unrelated_atc_in_workbook,,,no_confirmation
Paliperidone__LIS_2301d/2301d Vedlegg 03 Prisskjema legem versj1.xlsx,Prisskjema,473,Paliperidone,P01AX11,Nitazoksanid,Alinia Tablett 500 mg,false,unrelated_atc_in_workbook,,,no_confirmation
Paliperidone__LIS_2301d/2301d Vedlegg 03 Prisskjema legem versj1.xlsx,Prisskjema,474,Paliperidone,P01BA03,Primakin,"Primaquine phosphate sanofi Tablett 26,3 mg",false,unrelated_atc_in_workbook,,,no_confirmation
Paliperidone__LIS_2301d/2301d Vedlegg 03 Prisskjema legem versj1.xlsx,Prisskjema,475,Paliperidone,P01BE03,Artesunat,Artesun campus Pulver og væske til injeksjonsvæske 60 mg,false,unrelated_atc_in_workbook,,,no_confirmation
Paliperidone__LIS_2301d/2301d Vedlegg 03 Prisskjema legem versj1.xlsx,Prisskjema,477,Paliperidone,P01BE03,Artesunat,Artesun ahn Pulver og væske til injeksjonsvæske 60 mg,false,unrelated_atc_in_workbook,,,no_confirmation
Paliperidone__LIS_2301d/2301d Vedlegg 03 Prisskjema legem versj1.xlsx,Prisskjema,479,Paliperidone,P01BE03,Artesunat,"Artesun Pulver og væske til injeksjonsvæske, oppløsning 60 mg",false,unrelated_atc_in_workbook,,,no_confirmation
Paliperidone__LIS_2301d/2301d Vedlegg 03 Prisskjema legem versj1.xlsx,Prisskjema,480,Paliperidone,P01CX01,Pentamidindiisetionat,NebuPent Pulver til inhalasjonsvæske til nebulisator 300 mg,false,unrelated_atc_in_workbook,,,no_confirmation
Paliperidone__LIS_2301d/2301d Vedlegg 03 Prisskjema legem versj1.xlsx,Prisskjema,481,Paliperidone,P01CX01,Pentamidindiisetionat,Pentamidine Isetionate pfizer Pulver til injeksjonsvæske 300 mg,false,unrelated_atc_in_workbook,,,no_confirmation
Paliperidone__LIS_2301d/2301d Vedlegg 03 Prisskjema legem versj1.xlsx,Prisskjema,482,Paliperidone,P01CX01,Pentamidindiisetionat,"Pentacarinat specific Pulver til injeksjons-/infusjons-/inhalasjonsvæske, oppløsning 300 mg",false,unrelated_atc_in_workbook,,,no_confirmation
Paliperidone__LIS_2301d/2301d Vedlegg 03 Prisskjema legem versj1.xlsx,Prisskjema,483,Paliperidone,P01CX01,Pentamidindiisetionat,Pentacarinat Pulver til injeksjonsvæske 300 mg,false,unrelated_atc_in_workbook,,,no_confirmation
Paliperidone__LIS_2301d/2301d Vedlegg 03 Prisskjema legem versj1.xlsx,Prisskjema,484,Paliperidone,P01CX01,Pentamidindiisetionat,"Pentacarinat Pulver til injeksjons-/infusjons-/inhalasjonsvæske, oppløsning 300 mg",false,unrelated_atc_in_workbook,,,no_confirmation
Paliperidone__LIS_2301d/2301d Vedlegg 03 Prisskjema legem versj1.xlsx,Prisskjema,485,Paliperidone,P01CX01,Pentamidindiisetionat,Pentam Pulver til injeksjonsvæske 300 mg,false,unrelated_atc_in_workbook,,,no_confirmation
Paliperidone__LIS_2301d/2301d Vedlegg 03 Prisskjema legem versj1.xlsx,Prisskjema,486,Paliperidone,P01CX01,Pentamidindiisetionat,Pentam nmd Pulver til injeksjonsvæske 300 mg,false,unrelated_atc_in_workbook,,,no_confirmation
Paliperidone__LIS_2301d/2301d Vedlegg 03 Prisskjema legem versj1.xlsx,Prisskjema,487,Paliperidone,P01CX04,Miltefosin,Impavido kaps 50mg,false,unrelated_atc_in_workbook,,,no_confirmation
Paliperidone__LIS_2301d/2301d Vedlegg 03 Prisskjema legem versj1.xlsx,Prisskjema,488,Paliperidone,P02BA01,Prazikvantel,Biltricide euromedica Tablett 600 mg,false,unrelated_atc_in_workbook,,,no_confirmation
Paliperidone__LIS_2301d/2301d Vedlegg 03 Prisskjema legem versj1.xlsx,Prisskjema,489,Paliperidone,P02BA01,Prazikvantel,Cesol Tablett 150 mg,false,unrelated_atc_in_workbook,,,no_confirmation
Paliperidone__LIS_2301d/2301d Vedlegg 03 Prisskjema legem versj1.xlsx,Prisskjema,490,Paliperidone,P02BA01,Prazikvantel,Biltricide nordic prime Tablett 600 mg,false,unrelated_atc_in_workbook,,,no_confirmation
Paliperidone__LIS_2301d/2301d Vedlegg 03 Prisskjema legem versj1.xlsx,Prisskjema,491,Paliperidone,P02BA01,Prazikvantel,Biltricide campus Tablett 600 mg,false,unrelated_atc_in_workbook,,,no_confirmation
Paliperidone__LIS_2301d/2301d Vedlegg 03 Prisskjema legem versj1.xlsx,Prisskjema,492,Paliperidone,P02BA01,Prazikvantel,Biltricide Tablett 600 mg,false,unrelated_atc_in_workbook,,,no_confirmation
Paliperidone__LIS_2301d/2301d Vedlegg 03 Prisskjema legem versj1.xlsx,Prisskjema,493,Paliperidone,R01AX06,Mupirocin,Bactroban Nasal Nesesalve 2 %,false,unrelated_atc_in_workbook,,,no_confirmation
Paliperidone__LIS_2301d/2301d Vedlegg 03 Prisskjema legem versj1.xlsx,Prisskjema,494,Paliperidone,R01AX06,Mupirocin,Bactroban nasal nordic prime Nesesalve 20 mg/g,false,unrelated_atc_in_workbook,,,no_confirmation
Paliperidone__LIS_2301d/2301d Vedlegg 03 Prisskjema legem versj1.xlsx,Prisskjema,495,Paliperidone,R01AX06,Mupirocin,Turixin Nesesalve 2 %,false,unrelated_atc_in_workbook,,,no_confirmation
Paliperidone__LIS_2301d/2301d Vedlegg 03 Prisskjema legem versj1.xlsx,Prisskjema,496,Paliperidone,R03AA01,Adrenalin,"S2 Racepinephrine Inhalasjonsvæske til nebulisator, oppløsning 2,25 %",false,unrelated_atc_in_workbook,,,no_confirmation
Paliperidone__LIS_2301d/2301d Vedlegg 03 Prisskjema legem versj1.xlsx,Prisskjema,497,Paliperidone,R03AA01,Adrenalin,"Micronefrin Inhalasjonsvæske til nebulisator, oppløsning 22,5 mg/ml",false,unrelated_atc_in_workbook,,,no_confirmation
Paliperidone__LIS_2301d/2301d Vedlegg 03 Prisskjema legem versj1.xlsx,Prisskjema,498,Paliperidone,R03AA01,Adrenalin,"S2 Racepinephrine Inhalasjonsvæske til nebulisator, oppløsning 2,25 %",false,unrelated_atc_in_workbook,,,no_confirmation
Paliperidone__LIS_2301d/2301d Vedlegg 03 Prisskjema legem versj1.xlsx,Prisskjema,499,Paliperidone,R03AA01,Adrenalin,"S2 Racepinephrine life Inhalasjonsvæske til nebulisator, oppløsning 2,25 %",false,unrelated_atc_in_workbook,,,no_confirmation
Paliperidone__LIS_2301d/2301d Vedlegg 03 Prisskjema legem versj1.xlsx,Prisskjema,500,Paliperidone,R03AA01,Adrenalin,"S2 Racepinephrine specific Inhalasjonsvæske, oppløsning 2,25 % w/v",false,unrelated_atc_in_workbook,,,no_confirmation
Paliperidone__LIS_2301d/2301d Vedlegg 03 Prisskjema legem versj1.xlsx,Prisskjema,501,Paliperidone,R06AB02,Deksklorfeniramin,Polaramine orifarm Injeksjonsvæske 5 mg/ml,false,unrelated_atc_in_workbook,,,no_confirmation
Paliperidone__LIS_2301d/2301d Vedlegg 03 Prisskjema legem versj1.xlsx,Prisskjema,502,Paliperidone,R06AB02,Deksklorfeniramin,Polaramine specific Injeksjonsvæske 5 mg/ml,false,unrelated_atc_in_workbook,,,no_confirmation
Paliperidone__LIS_2301d/2301d Vedlegg 03 Prisskjema legem versj1.xlsx,Prisskjema,503,Paliperidone,R06AB02,Deksklorfeniramin,Polaramine Injeksjonsvæske 5 mg/ml,false,unrelated_atc_in_workbook,,,no_confirmation
Paliperidone__LIS_2301d/2301d Vedlegg 03 Prisskjema legem versj1.xlsx,Prisskjema,504,Paliperidone,R06AB02,Deksklorfeniramin,Polaramine 2care4 Injeksjonsvæske 5 mg/ml,false,unrelated_atc_in_workbook,,,no_confirmation
Paliperidone__LIS_2301d/2301d Vedlegg 03 Prisskjema legem versj1.xlsx,Prisskjema,505,Paliperidone,R06AB02,Deksklorfeniramin,Polaramine Tablett 2 mg,false,unrelated_atc_in_workbook,,,no_confirmation
Paliperidone__LIS_2301d/2301d Vedlegg 03 Prisskjema legem versj1.xlsx,Prisskjema,506,Paliperidone,R06AB02,Deksklorfeniramin,Polaramine rovi Tablett 2 mg,false,unrelated_atc_in_workbook,,,no_confirmation
Paliperidone__LIS_2301d/2301d Vedlegg 03 Prisskjema legem versj1.xlsx,Prisskjema,507,Paliperidone,R06AB02,Deksklorfeniramin,Polaramine bayer Tablett 2 mg,false,unrelated_atc_in_workbook,,,no_confirmation
Paliperidone__LIS_2301d/2301d Vedlegg 03 Prisskjema legem versj1.xlsx,Prisskjema,508,Paliperidone,R06AB02,Deksklorfeniramin,Polaramine Tablett 2 mg,false,unrelated_atc_in_workbook,,,no_confirmation
Paliperidone__LIS_2301d/2301d Vedlegg 03 Prisskjema legem versj1.xlsx,Prisskjema,509,Paliperidone,R06AB02,Deksklorfeniramin,Polaramine rovi nordic prime Tablett 2 mg,false,unrelated_atc_in_workbook,,,no_confirmation
Paliperidone__LIS_2301d/2301d Vedlegg 03 Prisskjema legem versj1.xlsx,Prisskjema,510,Paliperidone,R06AB02,Deksklorfeniramin,Polaramin Tablett med modifisert frisetting 6 mg,false,unrelated_atc_in_workbook,,,no_confirmation
Paliperidone__LIS_2301d/2301d Vedlegg 03 Prisskjema legem versj1.xlsx,Prisskjema,511,Paliperidone,R06AD02,Prometazin,"Phenergan Injeksjonsvæske, oppløsning 25 mg/ml",false,unrelated_atc_in_workbook,,,no_confirmation
Paliperidone__LIS_2301d/2301d Vedlegg 03 Prisskjema legem versj1.xlsx,Prisskjema,512,Paliperidone,R06AD02,Prometazin,"Promethazin-neuraxpharm Injeksjonsvæske, oppløsning 50 mg/2 ml",false,unrelated_atc_in_workbook,,,no_confirmation
Paliperidone__LIS_2301d/2301d Vedlegg 03 Prisskjema legem versj1.xlsx,Prisskjema,513,Paliperidone,R06AD02,Prometazin,Phenergan euromedica Injeksjonsvæske 25 mg/ml,false,unrelated_atc_in_workbook,,,no_confirmation
Paliperidone__LIS_2301d/2301d Vedlegg 03 Prisskjema legem versj1.xlsx,Prisskjema,514,Paliperidone,R06AE03,Syklizin,Valoid Injeksjonsvæske 50 mg/ml,false,unrelated_atc_in_workbook,,,no_confirmation
Paliperidone__LIS_2301d/2301d Vedlegg 03 Prisskjema legem versj1.xlsx,Prisskjema,515,Paliperidone,R06AE03,Syklizin,Cyclizine Injeksjonsvæske 50 mg/ml,false,unrelated_atc_in_workbook,,,no_confirmation
Paliperidone__LIS_2301d/2301d Vedlegg 03 Prisskjema legem versj1.xlsx,Prisskjema,516,Paliperidone,R06AE03,Syklizin,"Valoid euromedica Injeksjonsvæske, oppløsning 50 mg/ml",false,unrelated_atc_in_workbook,,,no_confirmation
Paliperidone__LIS_2301d/2301d Vedlegg 03 Prisskjema legem versj1.xlsx,Prisskjema,517,Paliperidone,R06AE03,Syklizin,Cyclizine specific Injeksjonsvæske 50 mg/ml,false,unrelated_atc_in_workbook,,,no_confirmation
Paliperidone__LIS_2301d/2301d Vedlegg 03 Prisskjema legem versj1.xlsx,Prisskjema,518,Paliperidone,R06AE03,Syklizin,Cyclizine amdipharm Injeksjonsvæske 50 mg/ml,false,unrelated_atc_in_workbook,,,no_confirmation
Paliperidone__LIS_2301d/2301d Vedlegg 03 Prisskjema legem versj1.xlsx,Prisskjema,519,Paliperidone,S01AX18,"Povidon, jodert",Povidone Iodine Minims bausch & lomb Øyedråper 5 % w/v,false,unrelated_atc_in_workbook,,,no_confirmation
Paliperidone__LIS_2301d/2301d Vedlegg 03 Prisskjema legem versj1.xlsx,Prisskjema,520,Paliperidone,S01AX18,"Povidon, jodert",Betadine sterile ophtalmic sol Oppløsning 5 %,false,unrelated_atc_in_workbook,,,no_confirmation
Paliperidone__LIS_2301d/2301d Vedlegg 03 Prisskjema legem versj1.xlsx,Prisskjema,521,Paliperidone,S01AX18,"Povidon, jodert",Betadine sterile ophtalmic sol campus Oppløsning 5 % w/v,false,unrelated_atc_in_workbook,,,no_confirmation
Paliperidone__LIS_2301d/2301d Vedlegg 03 Prisskjema legem versj1.xlsx,Prisskjema,522,Paliperidone,S01EA03,Apraklonidin,"Iopidine specific Øyedråper, oppløsning 1 % w/v",false,unrelated_atc_in_workbook,,,no_confirmation
Paliperidone__LIS_2301d/2301d Vedlegg 03 Prisskjema legem versj1.xlsx,Prisskjema,523,Paliperidone,S01EA03,Apraklonidin,Iopidine Øyedråper 1 % w/v,false,unrelated_atc_in_workbook,,,no_confirmation
Paliperidone__LIS_2301d/2301d Vedlegg 03 Prisskjema legem versj1.xlsx,Prisskjema,524,Paliperidone,S01EB09,Acetylkolin,"Miochol-E specific Pulver og væske til intraokulær instillasjonsvæske, oppløsning 20 mg",false,unrelated_atc_in_workbook,,,no_confirmation
Paliperidone__LIS_2301d/2301d Vedlegg 03 Prisskjema legem versj1.xlsx,Prisskjema,525,Paliperidone,S01EB09,Acetylkolin,"Miochol-E Pulver og væske til intraokulær instillasjonsvæske, oppløsning 20 mg",false,unrelated_atc_in_workbook,,,no_confirmation
Paliperidone__LIS_2301d/2301d Vedlegg 03 Prisskjema legem versj1.xlsx,Prisskjema,526,Paliperidone,S01EC01,Acetazolamid,Diamox specific Lyofilisat til injeksjonsvæske 500 mg,false,unrelated_atc_in_workbook,,,no_confirmation
Paliperidone__LIS_2301d/2301d Vedlegg 03 Prisskjema legem versj1.xlsx,Prisskjema,527,Paliperidone,S01EC01,Acetazolamid,"Diamox Pulver til injeksjonsvæske, oppløsning 500 mg",false,unrelated_atc_in_workbook,,,no_confirmation
Paliperidone__LIS_2301d/2301d Vedlegg 03 Prisskjema legem versj1.xlsx,Prisskjema,528,Paliperidone,S01EC01,Acetazolamid,"Diamox specific Pulver til injeksjonsvæske, oppløsning 500 mg",false,unrelated_atc_in_workbook,,,no_confirmation
Paliperidone__LIS_2301d/2301d Vedlegg 03 Prisskjema legem versj1.xlsx,Prisskjema,529,Paliperidone,S01EC01,Acetazolamid,Diamox campus Lyofilisat til injeksjonsvæske 500 mg,false,unrelated_atc_in_workbook,,,no_confirmation
Paliperidone__LIS_2301d/2301d Vedlegg 03 Prisskjema legem versj1.xlsx,Prisskjema,530,Paliperidone,S01EC01,Acetazolamid,"Diamox amdipharm Pulver til injeksjonsvæske, oppløsning 500 mg",false,unrelated_atc_in_workbook,,,no_confirmation
Paliperidone__LIS_2301d/2301d Vedlegg 03 Prisskjema legem versj1.xlsx,Prisskjema,531,Paliperidone,S01EC01,Acetazolamid,Diamox Lyofilisat til injeksjonsvæske 500 mg,false,unrelated_atc_in_workbook,,,no_confirmation
Paliperidone__LIS_2301d/2301d Vedlegg 03 Prisskjema legem versj1.xlsx,Prisskjema,532,Paliperidone,S01EC02,Diklofenamid,Keveyis Tablett 50 mg,false,unrelated_atc_in_workbook,,,no_confirmation
Paliperidone__LIS_2301d/2301d Vedlegg 03 Prisskjema legem versj1.xlsx,Prisskjema,533,Paliperidone,S01FA54,"Fenylefrin, syklopentolat","Cyklopentolat-fenylefrin Øyedråper 0,5 %/0,5 %",false,unrelated_atc_in_workbook,,,no_confirmation
Paliperidone__LIS_2301d/2301d Vedlegg 03 Prisskjema legem versj1.xlsx,Prisskjema,534,Paliperidone,S01HA04,Proksymetakain,"Proxymetacaine Minims bausch & lomb Øyedråper 0,5 % w/v",false,unrelated_atc_in_workbook,,,no_confirmation
Paliperidone__LIS_2301d/2301d Vedlegg 03 Prisskjema legem versj1.xlsx,Prisskjema,535,Paliperidone,S01HA04,Proksymetakain,"Proxymetacaine Minims Øyedråper 0,5 % w/v",false,unrelated_atc_in_workbook,,,no_confirmation
Paliperidone__LIS_2301d/2301d Vedlegg 03 Prisskjema legem versj1.xlsx,Prisskjema,536,Paliperidone,S01JA51,"Fluorescein, lidokain","Lidocaine & Fluoresecein Minims specific Øyedråper 4 % w/v/0,25 % w/v",false,unrelated_atc_in_workbook,,,no_confirmation
Paliperidone__LIS_2301d/2301d Vedlegg 03 Prisskjema legem versj1.xlsx,Prisskjema,537,Paliperidone,S01JA51,"Fluorescein, lidokain",Lidocaine & Fluorescein Minims Øyedråper,false,unrelated_atc_in_workbook,,,no_confirmation
Paliperidone__LIS_2301d/2301d Vedlegg 03 Prisskjema legem versj1.xlsx,Prisskjema,538,Paliperidone,S01XA20,Hydroksypropylmetylcellulose,Methocel Øyedråper 2 % w/v,false,unrelated_atc_in_workbook,,,no_confirmation
Paliperidone__LIS_2301d/2301d Vedlegg 03 Prisskjema legem versj1.xlsx,Prisskjema,539,Paliperidone,S01XA20,Hydroksypropylmetylcellulose,Methocel Øyedråper 2 % w/v,false,unrelated_atc_in_workbook,,,no_confirmation
Paliperidone__LIS_2301d/2301d Vedlegg 03 Prisskjema legem versj1.xlsx,Prisskjema,540,Paliperidone,S01XA20,Hydroksypropylmetylcellulose,Methocel steril Øyedråper 2 %,false,unrelated_atc_in_workbook,,,no_confirmation
Paliperidone__LIS_2301d/2301d Vedlegg 03 Prisskjema legem versj1.xlsx,Prisskjema,541,Paliperidone,S01XA20,Hydroksypropylmetylcellulose,Methocel specific Øyedråper 2 % w/v,false,unrelated_atc_in_workbook,,,no_confirmation
Paliperidone__LIS_2301d/2301d Vedlegg 03 Prisskjema legem versj1.xlsx,Prisskjema,542,Paliperidone,V01AA03,"Allergen av dermatophagoides farinae, Allergen av dermatophagoides pteronyssinus",Alutard SQ Husstøvmidd mix Injeksjonsvæske 100 000 SQ-E/ml/100 000 SQ-E/ml,false,unrelated_atc_in_workbook,,,no_confirmation
Paliperidone__LIS_2301d/2301d Vedlegg 03 Prisskjema legem versj1.xlsx,Prisskjema,543,Paliperidone,V01AA03,"Allergen av dermatophagoides farinae, Allergen av dermatophagoides pteronyssinus",Alutard SQ Husstøvmidd mix start  <multi>,false,unrelated_atc_in_workbook,,,no_confirmation
Paliperidone__LIS_2301d/2301d Vedlegg 03 Prisskjema legem versj1.xlsx,Prisskjema,544,Paliperidone,V01AA03,Allergen av Dermatophagoides pteronyssinus,Alustal midd mix Injeksjonsvæske 10 IR/ml,false,unrelated_atc_in_workbook,,,no_confirmation
Paliperidone__LIS_2301d/2301d Vedlegg 03 Prisskjema legem versj1.xlsx,Prisskjema,545,Paliperidone,V01AA03,Allergen av Dermatophagoides pteronyssinus,Alutard SQ Dermatophagoid pteronyssinus Injeksjonsvæske,false,unrelated_atc_in_workbook,,,no_confirmation
Paliperidone__LIS_2301d/2301d Vedlegg 03 Prisskjema legem versj1.xlsx,Prisskjema,546,Paliperidone,V01AA03,Allergen av Dermatophagoides pteronyssinus,Alutard SQ Dermatophagoid pteronyssinus Injeksjonsvæske 100 000 SQ-E/ml,false,unrelated_atc_in_workbook,,,no_confirmation
Paliperidone__LIS_2301d/2301d Vedlegg 03 Prisskjema legem versj1.xlsx,Prisskjema,547,Paliperidone,V01AA03,Allergen av Dermatophagoides pteronyssinus,Alustal D pteronyssinus start  <multi>,false,unrelated_atc_in_workbook,,,no_confirmation
Paliperidone__LIS_2301d/2301d Vedlegg 03 Prisskjema legem versj1.xlsx,Prisskjema,548,Paliperidone,V01AA03,Allergen av Dermatophagoides pteronyssinus,Alustal midd mix start  <multi>,false,unrelated_atc_in_workbook,,,no_confirmation
Paliperidone__LIS_2301d/2301d Vedlegg 03 Prisskjema legem versj1.xlsx,Prisskjema,549,Paliperidone,V01AA11,Allergen av hundehår,Alutard SQ Hundehår Injeksjonsvæske,false,unrelated_atc_in_workbook,,,no_confirmation
Paliperidone__LIS_2301d/2301d Vedlegg 03 Prisskjema legem versj1.xlsx,Prisskjema,550,Paliperidone,V01AA11,Allergen av hundehår,Alutard SQ Hundehår Injeksjonsvæske 100 000 SQ-E/ml,false,unrelated_atc_in_workbook,,,no_confirmation
Paliperidone__LIS_2301d/2301d Vedlegg 03 Prisskjema legem versj1.xlsx,Prisskjema,551,Paliperidone,V01AA11,Allergen av kattehår,Alutard SQ Kattehår Injeksjonsvæske,false,unrelated_atc_in_workbook,,,no_confirmation
Paliperidone__LIS_2301d/2301d Vedlegg 03 Prisskjema legem versj1.xlsx,Prisskjema,552,Paliperidone,V01AA11,Allergen av kattehår,Alutard SQ Kattehår Injeksjonsvæske 100 000 SQ-E/ml,false,unrelated_atc_in_workbook,,,no_confirmation
Paliperidone__LIS_2301d/2301d Vedlegg 03 Prisskjema legem versj1.xlsx,Prisskjema,553,Paliperidone,V03AB13,Obidoksimklorid,Toxogonin Injeksjonsvæske 250 mg/ml,false,unrelated_atc_in_workbook,,,no_confirmation
Paliperidone__LIS_2301d/2301d Vedlegg 03 Prisskjema legem versj1.xlsx,Prisskjema,554,Paliperidone,V03AB13,Obidoksimklorid,"Toxogonin campus Injeksjonsvæske 0,25 g/ml",false,unrelated_atc_in_workbook,,,no_confirmation
Paliperidone__LIS_2301d/2301d Vedlegg 03 Prisskjema legem versj1.xlsx,Prisskjema,555,Paliperidone,V03AB13,Obidoksimklorid,"Toxogonin specific Injeksjonsvæske 0,25 g/ml",false,unrelated_atc_in_workbook,,,no_confirmation
Paliperidone__LIS_2301d/2301d Vedlegg 03 Prisskjema legem versj1.xlsx,Prisskjema,556,Paliperidone,V03AB16,Etanol,Dehydrated Alcohol Injeksjonsvæske 100 %,false,unrelated_atc_in_workbook,,,no_confirmation
Paliperidone__LIS_2301d/2301d Vedlegg 03 Prisskjema legem versj1.xlsx,Prisskjema,557,Paliperidone,V03AB16,Etanol,Dehydrated Alcohol Injeksjonsvæske 100 % v/v,false,unrelated_atc_in_workbook,,,no_confirmation
Paliperidone__LIS_2301d/2301d Vedlegg 03 Prisskjema legem versj1.xlsx,Prisskjema,558,Paliperidone,V03AB16,Etanol,Alkohol-Konzentrat br infk 95%,false,unrelated_atc_in_workbook,,,no_confirmation
Paliperidone__LIS_2301d/2301d Vedlegg 03 Prisskjema legem versj1.xlsx,Prisskjema,559,Paliperidone,V03AG05,Dinatriumfosfat,Phosphate-sandoz specific Brusetablett 500 mg,false,unrelated_atc_in_workbook,,,no_confirmation
Paliperidone__LIS_2301d/2301d Vedlegg 03 Prisskjema legem versj1.xlsx,Prisskjema,560,Paliperidone,V03AG05,Dinatriumfosfat,Phosphate-sandoz Brusetablett 500 mg,false,unrelated_atc_in_workbook,,,no_confirmation
Paliperidone__LIS_2301d/2301d Vedlegg 03 Prisskjema legem versj1.xlsx,Prisskjema,561,Paliperidone,V03AG05,Dinatriumfosfat,Phosphate-sandoz euromedica Brusetablett 500 mg,false,unrelated_atc_in_workbook,,,no_confirmation
Paliperidone__LIS_2301d/2301d Vedlegg 03 Prisskjema legem versj1.xlsx,Prisskjema,562,Paliperidone,V04CD04,Kortikorelin,CRH Ferring campus Pulver og væske til injeksjonsvæske 100 mikrog,false,unrelated_atc_in_workbook,,,no_confirmation
Paliperidone__LIS_2301d/2301d Vedlegg 03 Prisskjema legem versj1.xlsx,Prisskjema,563,Paliperidone,V04CD04,Kortikorelin,"CRH ferring Pulver og væske til injeksjonsvæske, oppløsning 100 mikrog",false,unrelated_atc_in_workbook,,,no_confirmation
Paliperidone__LIS_2301d/2301d Vedlegg 03 Prisskjema legem versj1.xlsx,Prisskjema,564,Paliperidone,V04CD04,Kortikorelin,"CRH Ferring Euromedica Pulver og væske til injeksjonsvæske, oppløsning 100 mikrog",false,unrelated_atc_in_workbook,,,no_confirmation
Paliperidone__LIS_2301d/2301d Vedlegg 03 Prisskjema legem versj1.xlsx,Prisskjema,565,Paliperidone,V04CH02,Indigokarmin,Indigocarmin ahn Injeksjonsvæske 20 mg/5 ml,false,unrelated_atc_in_workbook,,,no_confirmation
Paliperidone__LIS_2301d/2301d Vedlegg 03 Prisskjema legem versj1.xlsx,Prisskjema,566,Paliperidone,V04CH02,Indigokarmin,Indigocarmin Injeksjonsvæske 40 mg/5 ml,false,unrelated_atc_in_workbook,,,no_confirmation
Paliperidone__LIS_2301d/2301d Vedlegg 03 Prisskjema legem versj1.xlsx,Prisskjema,567,Paliperidone,V04CH02,Indigokarmin,Indigocarmin campus Injeksjonsvæske 20 mg/5 ml,false,unrelated_atc_in_workbook,,,no_confirmation
Paliperidone__LIS_2301d/2301d Vedlegg 03 Prisskjema legem versj1.xlsx,Prisskjema,568,Paliperidone,V04CL,Allergen av burot,Lofarma mugwort Oppløsning til prikktest,false,unrelated_atc_in_workbook,,,no_confirmation
Paliperidone__LIS_2301d/2301d Vedlegg 03 Prisskjema legem versj1.xlsx,Prisskjema,569,Paliperidone,V04CL,Allergen av burot,SPT 106 Mugwort Oppløsning til prikktest,false,unrelated_atc_in_workbook,,,no_confirmation
Paliperidone__LIS_2301d/2301d Vedlegg 03 Prisskjema legem versj1.xlsx,Prisskjema,570,Paliperidone,V04CL,Allergen av burot,SPT allergo mugwort nmd Oppløsning til prikktest,false,unrelated_atc_in_workbook,,,no_confirmation
Paliperidone__LIS_2301d/2301d Vedlegg 03 Prisskjema legem versj1.xlsx,Prisskjema,571,Paliperidone,V04CL,Allergen av burot,Alyostal burot Oppløsning til prikktest 100 IR/ml,false,unrelated_atc_in_workbook,,,no_confirmation
Paliperidone__LIS_2301d/2301d Vedlegg 03 Prisskjema legem versj1.xlsx,Prisskjema,572,Paliperidone,V04CL,Allergen av burot,Soluprick SQ Burot Oppløsning til prikktest 10 HEP,false,unrelated_atc_in_workbook,,,no_confirmation
Paliperidone__LIS_2301d/2301d Vedlegg 03 Prisskjema legem versj1.xlsx,Prisskjema,573,Paliperidone,V04CL,"Allergen av gjærsopp, cladosporium herbarum",SPT allergo cladosporium herbarum nmd Oppløsning til prikktest,false,unrelated_atc_in_workbook,,,no_confirmation
Paliperidone__LIS_2301d/2301d Vedlegg 03 Prisskjema legem versj1.xlsx,Prisskjema,574,Paliperidone,V04CL,"Allergen av gjærsopp, cladosporium herbarum",SPT 405 Cladosporium herbarum Oppløsning til prikktest,false,unrelated_atc_in_workbook,,,no_confirmation
Paliperidone__LIS_2301d/2301d Vedlegg 03 Prisskjema legem versj1.xlsx,Prisskjema,575,Paliperidone,V04CL,"Allergen av gjærsopp, cladosporium herbarum",Soluprick Cladosporium herbarum Oppløsning til prikktest,false,unrelated_atc_in_workbook,,,no_confirmation
Paliperidone__LIS_2301d/2301d Vedlegg 03 Prisskjema legem versj1.xlsx,Prisskjema,576,Paliperidone,V04CL,"Allergen av gjærsopp, cladosporium herbarum",Lofarma cladosporium Oppløsning til prikktest,false,unrelated_atc_in_workbook,,,no_confirmation
Paliperidone__LIS_2301d/2301d Vedlegg 03 Prisskjema legem versj1.xlsx,Prisskjema,577,Paliperidone,V04CL,Allergen av hundehår,Soluprick SQ Hundehår Oppløsning til prikktest 10 HEP,false,unrelated_atc_in_workbook,,,no_confirmation
Paliperidone__LIS_2301d/2301d Vedlegg 03 Prisskjema legem versj1.xlsx,Prisskjema,578,Paliperidone,V04CL,"Allergen av husstøvmidd, dermatophagoides farinae",Lofarma dermatophagoides farinae Oppløsning til prikktest,false,unrelated_atc_in_workbook,,,no_confirmation
Paliperidone__LIS_2301d/2301d Vedlegg 03 Prisskjema legem versj1.xlsx,Prisskjema,579,Paliperidone,V04CL,"Allergen av husstøvmidd, dermatophagoides farinae",Soluprick SQ Derm farinae Oppløsning til prikktest 10 HEP,false,unrelated_atc_in_workbook,,,no_confirmation
Paliperidone__LIS_2301d/2301d Vedlegg 03 Prisskjema legem versj1.xlsx,Prisskjema,580,Paliperidone,V04CL,"Allergen av husstøvmidd, dermatophagoides farinae",Alyostal D farinae Oppløsning til prikktest 100 E/ml,false,unrelated_atc_in_workbook,,,no_confirmation
Paliperidone__LIS_2301d/2301d Vedlegg 03 Prisskjema legem versj1.xlsx,Prisskjema,581,Paliperidone,V04CL,"Allergen av husstøvmidd, dermatophagoides farinae",SPT 708 Dermatophagoides farinae Oppløsning til prikktest,false,unrelated_atc_in_workbook,,,no_confirmation
Paliperidone__LIS_2301d/2301d Vedlegg 03 Prisskjema legem versj1.xlsx,Prisskjema,582,Paliperidone,V04CL,Allergen av hvetemel,Lofarma wheat flour Oppløsning til prikktest,false,unrelated_atc_in_workbook,,,no_confirmation
Paliperidone__LIS_2301d/2301d Vedlegg 03 Prisskjema legem versj1.xlsx,Prisskjema,583,Paliperidone,V04CL,Allergen av hvetemel,Soluprick Hvetemel Oppløsning til prikktest,false,unrelated_atc_in_workbook,,,no_confirmation
Paliperidone__LIS_2301d/2301d Vedlegg 03 Prisskjema legem versj1.xlsx,Prisskjema,584,Paliperidone,V04CL,Allergen av hvetemel,Alyostal hvetemel Oppløsning til prikktest 100 IC/ml,false,unrelated_atc_in_workbook,,,no_confirmation
Paliperidone__LIS_2301d/2301d Vedlegg 03 Prisskjema legem versj1.xlsx,Prisskjema,585,Paliperidone,V04CL,Allergen av hvetemel,SPT 599 Wheat flour Oppløsning til prikktest,false,unrelated_atc_in_workbook,,,no_confirmation
Paliperidone__LIS_2301d/2301d Vedlegg 03 Prisskjema legem versj1.xlsx,Prisskjema,586,Paliperidone,V04CL,Allergen av hvetemel,SPT allergo wheat flour nmd Oppløsning til prikktest,false,unrelated_atc_in_workbook,,,no_confirmation
Paliperidone__LIS_2301d/2301d Vedlegg 03 Prisskjema legem versj1.xlsx,Prisskjema,587,Paliperidone,V04CL,Allergen av kattehår,Soluprick SQ Kattehår Oppløsning til prikktest 10 HEP,false,unrelated_atc_in_workbook,,,no_confirmation
Paliperidone__LIS_2301d/2301d Vedlegg 03 Prisskjema legem versj1.xlsx,Prisskjema,588,Paliperidone,V04CL,"Allergen av kumelk, rå",Soluprick Kumelk rå Oppløsning til prikktest,false,unrelated_atc_in_workbook,,,no_confirmation
Paliperidone__LIS_2301d/2301d Vedlegg 03 Prisskjema legem versj1.xlsx,Prisskjema,589,Paliperidone,V04CL,Allergen av mandel,Soluprick Mandel Oppløsning til prikktest,false,unrelated_atc_in_workbook,,,no_confirmation
Paliperidone__LIS_2301d/2301d Vedlegg 03 Prisskjema legem versj1.xlsx,Prisskjema,590,Paliperidone,V04CL,Allergen av peanøtt,Soluprick Jordnøtt Oppløsning til prikktest,false,unrelated_atc_in_workbook,,,no_confirmation
Paliperidone__LIS_2301d/2301d Vedlegg 03 Prisskjema legem versj1.xlsx,Prisskjema,591,Paliperidone,V04CL,Allergen av peanøtt,Lofarma peanut Oppløsning til prikktest,false,unrelated_atc_in_workbook,,,no_confirmation
Paliperidone__LIS_2301d/2301d Vedlegg 03 Prisskjema legem versj1.xlsx,Prisskjema,592,Paliperidone,V04CL,Allergen av peanøtt,Alyostal peanøtt Oppløsning til prikktest 100 E/ml,false,unrelated_atc_in_workbook,,,no_confirmation
Paliperidone__LIS_2301d/2301d Vedlegg 03 Prisskjema legem versj1.xlsx,Prisskjema,593,Paliperidone,V04CL,Allergen av peanøtt,SPT allergo peanut nmd Oppløsning til prikktest,false,unrelated_atc_in_workbook,,,no_confirmation
Paliperidone__LIS_2301d/2301d Vedlegg 03 Prisskjema legem versj1.xlsx,Prisskjema,594,Paliperidone,V04CL,Allergen av peanøtt,SPT 538 Peanut Oppløsning til prikktest,false,unrelated_atc_in_workbook,,,no_confirmation
Paliperidone__LIS_2301d/2301d Vedlegg 03 Prisskjema legem versj1.xlsx,Prisskjema,595,Paliperidone,V04CL,Allergen av soyabønne,Alyostal soya Oppløsning til prikktest 100 E/ml,false,unrelated_atc_in_workbook,,,no_confirmation
Paliperidone__LIS_2301d/2301d Vedlegg 03 Prisskjema legem versj1.xlsx,Prisskjema,596,Paliperidone,V04CL,Allergen av soyabønne,Soluprick Soyabønne Oppløsning til prikktest,false,unrelated_atc_in_workbook,,,no_confirmation
Paliperidone__LIS_2301d/2301d Vedlegg 03 Prisskjema legem versj1.xlsx,Prisskjema,597,Paliperidone,V04CL,Allergen av torsk,SPT allergo cod nmd Oppløsning til prikktest,false,unrelated_atc_in_workbook,,,no_confirmation
Paliperidone__LIS_2301d/2301d Vedlegg 03 Prisskjema legem versj1.xlsx,Prisskjema,598,Paliperidone,V04CL,Allergen av torsk,Alyostal torsk Oppløsning til prikktest 100 IC/ml,false,unrelated_atc_in_workbook,,,no_confirmation
Paliperidone__LIS_2301d/2301d Vedlegg 03 Prisskjema legem versj1.xlsx,Prisskjema,599,Paliperidone,V04CL,Allergen av torsk,Lofarma cod Oppløsning til prikktest,false,unrelated_atc_in_workbook,,,no_confirmation
Paliperidone__LIS_2301d/2301d Vedlegg 03 Prisskjema legem versj1.xlsx,Prisskjema,600,Paliperidone,V04CL,Allergen av torsk,Soluprick Torsk Oppløsning til prikktest,false,unrelated_atc_in_workbook,,,no_confirmation
Paliperidone__LIS_2301d/2301d Vedlegg 03 Prisskjema legem versj1.xlsx,Prisskjema,601,Paliperidone,V04CL,Allergen av torsk,SPT 513 Cod Oppløsning til prikktest,false,unrelated_atc_in_workbook,,,no_confirmation
Paliperidone__LIS_2301d/2301d Vedlegg 03 Prisskjema legem versj1.xlsx,Prisskjema,602,Paliperidone,V04CL,Allergen av vepsegift,Soluprick SQ Vepsegift Oppløsning til prikktest 300 mikrog/ml,false,unrelated_atc_in_workbook,,,no_confirmation
Paliperidone__LIS_2301d/2301d Vedlegg 03 Prisskjema legem versj1.xlsx,Prisskjema,603,Paliperidone,V04CL,Allergen av vepsegift,Soluprick SQ Vepsegift Oppløsning til prikktest 10 mikrog/ml,false,unrelated_atc_in_workbook,,,no_confirmation
Paliperidone__LIS_2301d/2301d Vedlegg 03 Prisskjema legem versj1.xlsx,Prisskjema,604,Paliperidone,V04CL,Allergen av vepsegift,Soluprick SQ Vepsegift Oppløsning til prikktest 100 mikrog/ml,false,unrelated_atc_in_workbook,,,no_confirmation
Paliperidone__LIS_2301d/2301d Vedlegg 03 Prisskjema legem versj1.xlsx,Prisskjema,605,Paliperidone,V04CL,Diverse allergener (31 stk),European baseline series s-1000 Medisinert plaster (ikke angitt),false,unrelated_atc_in_workbook,,,no_confirmation
Paliperidone__LIS_2301d/2301d Vedlegg 03 Prisskjema legem versj1.xlsx,Prisskjema,606,Paliperidone,V04CL,Diverse allergener (31 stk),European standard s-1000 nmd Medisinert plaster,false,unrelated_atc_in_workbook,,,no_confirmation
Paliperidone__LIS_2301d/2301d Vedlegg 03 Prisskjema legem versj1.xlsx,Prisskjema,607,Paliperidone,V04CL,Diverse allergener (36 stk),True Test 36  Plaster til provokasjonstest (ikke angitt),false,unrelated_atc_in_workbook,,,no_confirmation
Paliperidone__LIS_2301d/2301d Vedlegg 03 Prisskjema legem versj1.xlsx,Prisskjema,608,Paliperidone,V04CL,Diverse allergener (36 stk),True Test 36  Plaster til provokasjonstest (ikke angitt),false,unrelated_atc_in_workbook,,,no_confirmation
Paliperidone__LIS_2301d/2301d Vedlegg 03 Prisskjema legem versj1.xlsx,Prisskjema,609,Paliperidone,V04CL,Diverse allergener (36 stk),True Test 36  Plaster til provokasjonstest (ikke angitt),false,unrelated_atc_in_workbook,,,no_confirmation
Paliperidone__LIS_2301d/2301d Vedlegg 03 Prisskjema legem versj1.xlsx,Prisskjema,610,Paliperidone,V04CL,Diverse allergener (36 stk),True Test 36 specific Plaster til provokasjonstest,false,unrelated_atc_in_workbook,,,no_confirmation
Paliperidone__LIS_2301d/2301d Vedlegg 03 Prisskjema legem versj1.xlsx,Prisskjema,611,Paliperidone,V04CX01,Indocyaningrønn,Verdye orifarm Pulver til injeksjonsvæske 25 mg,false,unrelated_atc_in_workbook,,,no_confirmation
Paliperidone__LIS_2301d/2301d Vedlegg 03 Prisskjema legem versj1.xlsx,Prisskjema,612,Paliperidone,V04CX01,Indocyaningrønn,Verdye specific Pulver til injeksjonsvæske 25 mg,false,unrelated_atc_in_workbook,,,no_confirmation
Paliperidone__LIS_2301d/2301d Vedlegg 03 Prisskjema legem versj1.xlsx,Prisskjema,613,Paliperidone,V04CX01,Indocyaningrønn,ICG-Pulsion Pulver til injeksjonsvæske 25 mg,false,unrelated_atc_in_workbook,,,no_confirmation
Paliperidone__LIS_2301d/2301d Vedlegg 03 Prisskjema legem versj1.xlsx,Prisskjema,614,Paliperidone,V04CX01,Indocyaningrønn,Verdye life Pulver til injeksjonsvæske 25 mg,false,unrelated_atc_in_workbook,,,no_confirmation
Paliperidone__LIS_2301d/2301d Vedlegg 03 Prisskjema legem versj1.xlsx,Prisskjema,615,Paliperidone,V04CX01,Indocyaningrønn,Verdye vingmed Pulver til injeksjonsvæske 25 mg,false,unrelated_atc_in_workbook,,,no_confirmation
Paliperidone__LIS_2301d/2301d Vedlegg 03 Prisskjema legem versj1.xlsx,Prisskjema,616,Paliperidone,V04CX01,Indocyaningrønn,ICG-Pulsion life Pulver til injeksjonsvæske 25 mg,false,unrelated_atc_in_workbook,,,no_confirmation
Paliperidone__LIS_2301d/2301d Vedlegg 03 Prisskjema legem versj1.xlsx,Prisskjema,617,Paliperidone,V04CX03,Metakolin,Provocholine Pulver til inhalasjonsvæske til nebulisator 100 mg,false,unrelated_atc_in_workbook,,,no_confirmation
Paliperidone__LIS_2301d/2301d Vedlegg 03 Prisskjema legem versj1.xlsx,Prisskjema,618,Paliperidone,V04CX03,Metakolin,"Methacholine omega Pulver til inhalasjonsvæske til nebulisator, oppløsning 100 mg",false,unrelated_atc_in_workbook,,,no_confirmation
Paliperidone__LIS_2301d/2301d Vedlegg 03 Prisskjema legem versj1.xlsx,Prisskjema,619,Paliperidone,V04CX09,Patentblå V,Bleu Patente V 2care4 Injeksjonsvæske 25 mg/ml,false,unrelated_atc_in_workbook,,,no_confirmation
Paliperidone__LIS_2301d/2301d Vedlegg 03 Prisskjema legem versj1.xlsx,Prisskjema,620,Paliperidone,V04CX09,Patentblå V,Bleu Patente V vingmed Injeksjonsvæske 25 mg/ml,false,unrelated_atc_in_workbook,,,no_confirmation
Paliperidone__LIS_2301d/2301d Vedlegg 03 Prisskjema legem versj1.xlsx,Prisskjema,621,Paliperidone,V04CX09,Patentblå V,Patentblau V 2care4 Injeksjonsvæske 25 mg/ml,false,unrelated_atc_in_workbook,,,no_confirmation
Paliperidone__LIS_2301d/2301d Vedlegg 03 Prisskjema legem versj1.xlsx,Prisskjema,622,Paliperidone,V04CX09,Patentblå V,Patentblau V orifarm Injeksjonsvæske 25 mg/ml,false,unrelated_atc_in_workbook,,,no_confirmation
Paliperidone__LIS_2301d/2301d Vedlegg 03 Prisskjema legem versj1.xlsx,Prisskjema,623,Paliperidone,V07AY,"Natrium bikarbonat, sitronsyre, simetikon",E-Z-Gas Granulat,false,unrelated_atc_in_workbook,,,no_confirmation
Paliperidone__2601c/2601c_Bilag_2_Prisskjema.xlsx,Prisskjema,5,Paliperidone,N05AX13,Paliperidon,Palmeux depotinj  50mg/spr,true,,paliperidon,name_in_document,document_name_and_atc
Paliperidone__2601c/2601c_Bilag_2_Prisskjema.xlsx,Prisskjema,6,Paliperidone,N05AX13,Paliperidon,Palmeux depotinj  75mg/spr,true,,paliperidon,name_in_document,document_name_and_atc
Paliperidone__2601c/2601c_Bilag_2_Prisskjema.xlsx,Prisskjema,7,Paliperidone,N05AX13,Paliperidon,Palmeux depotinj 100mg/spr,true,,paliperidon,name_in_document,document_name_and_atc
Paliperidone__2601c/2601c_Bilag_2_Prisskjema.xlsx,Prisskjema,8,Paliperidone,N05AX13,Paliperidon,Palmeux depotinj 150mg/spr,true,,paliperidon,name_in_document,document_name_and_atc
Paliperidone__2601c/2601c_Bilag_2_Prisskjema.xlsx,Prisskjema,9,Paliperidone,N05AX13,Paliperidon,Xeplion depotinj  50mg/spr,true,,paliperidon,name_in_document,document_name_and_atc
Paliperidone__2601c/2601c_Bilag_2_Prisskjema.xlsx,Prisskjema,10,Paliperidone,N05AX13,Paliperidon,Xeplion depotinj  75mg/spr,true,,paliperidon,name_in_document,document_name_and_atc
Paliperidone__2601c/2601c_Bilag_2_Prisskjema.xlsx,Prisskjema,11,Paliperidone,N05AX13,Paliperidon,Xeplion depotinj  75mg/spr,true,,paliperidon,name_in_document,document_name_and_atc
Paliperidone__2601c/2601c_Bilag_2_Prisskjema.xlsx,Prisskjema,12,Paliperidone,N05AX13,Paliperidon,Xeplion depotinj 100mg/spr,true,,paliperidon,name_in_document,document_name_and_atc
Paliperidone__2601c/2601c_Bilag_2_Prisskjema.xlsx,Prisskjema,13,Paliperidone,N05AX13,Paliperidon,Xeplion depotinj 100mg/spr,true,,paliperidon,name_in_document,document_name_and_atc
Paliperidone__2601c/2601c_Bilag_2_Prisskjema.xlsx,Prisskjema,14,Paliperidone,N05AX13,Paliperidon,Xeplion depotinj 150mg/spr,true,,paliperidon,name_in_document,document_name_and_atc
Paliperidone__2601c/2601c_Bilag_2_Prisskjema.xlsx,Prisskjema,15,Paliperidone,N05AX13,Paliperidon,Xeplion depotinj 150mg/spr,true,,paliperidon,name_in_document,document_name_and_atc
Paliperidone__2601c/2601c_Bilag_2_Prisskjema.xlsx,Prisskjema,16,Paliperidone,N05AX13,Paliperidon,Xeplion ori depotinj 150mg/spr,true,,paliperidon,name_in_document,document_name_and_atc
Paliperidone__2601c/2601c_Bilag_2_Prisskjema.xlsx,Prisskjema,17,Paliperidone,N05AX13,Paliperidon,Paliperidon zen depinj  50mg,true,,paliperidon,name_in_document,document_name_and_atc
Paliperidone__2601c/2601c_Bilag_2_Prisskjema.xlsx,Prisskjema,18,Paliperidone,N05AX13,Paliperidon,Paliperidon zen depinj  75mg,true,,paliperidon,name_in_document,document_name_and_atc
Paliperidone__2601c/2601c_Bilag_2_Prisskjema.xlsx,Prisskjema,19,Paliperidone,N05AX13,Paliperidon,Paliperidon zen depinj 100mg,true,,paliperidon,name_in_document,document_name_and_atc
Paliperidone__2601c/2601c_Bilag_2_Prisskjema.xlsx,Prisskjema,20,Paliperidone,N05AX13,Paliperidon,Paliperidon zen depinj 150mg,true,,paliperidon,name_in_document,document_name_and_atc
