localFile,fileType,workbook,sheet,page,row,column,field,exactMatchedValue,matchedTerm,matchType,targetMolecule,surroundingContext,detectedHeaders,layoutClassification,evidenceSnippet,multiMoleculeWarning
Axitinib__LIS_2207_Oncology/LIS 2207 - Vedlegg 02 Kravspesifikasjon.xlsx,xlsx,LIS 2207 - Vedlegg 02 Kravspesifikasjon.xlsx,1. Innhold,,,,sheet_inventory,rows=10;cols=2;dataRows=0,,,Axitinib,,,unknown layout,,
Axitinib__LIS_2207_Oncology/LIS 2207 - Vedlegg 02 Kravspesifikasjon.xlsx,xlsx,LIS 2207 - Vedlegg 02 Kravspesifikasjon.xlsx,2. Forklaring til kravspes.,,,,sheet_inventory,rows=19;cols=2;dataRows=0,,,Axitinib,,,requirements table,,
Axitinib__LIS_2207_Oncology/LIS 2207 - Vedlegg 02 Kravspesifikasjon.xlsx,xlsx,LIS 2207 - Vedlegg 02 Kravspesifikasjon.xlsx,3. Omfang,,,,sheet_inventory,rows=103;cols=5;dataRows=96,,,Axitinib,,ATC-kode | Nye ATC koder fra 1. februar 2022 | Virkestoff | Total maks AIP 1.jan. 2021-31.des. 2021,pack-bearing price schedule,,
Axitinib__LIS_2207_Oncology/LIS 2207 - Vedlegg 02 Kravspesifikasjon.xlsx,xlsx,LIS 2207 - Vedlegg 02 Kravspesifikasjon.xlsx,4. Krav til prod.,,,,sheet_inventory,rows=23;cols=8;dataRows=0,,,Axitinib,,"4.0.8 | Når det gis tilbud, er leverandøren pliktig til å gi tilbud på alle pakninger som leverandøren markedsfører av samme handelsnavn og som er omsatt i 2021. Dette gjelder uavhengig av indikasjon. | S | Besvares i Prisskjema. Leverandør fyller inn selv når det ikke er forhåndsutfylt (ett skjema totalt) ",pack-bearing price schedule,,
Axitinib__LIS_2207_Oncology/LIS 2207 - Vedlegg 02 Kravspesifikasjon.xlsx,xlsx,LIS 2207 - Vedlegg 02 Kravspesifikasjon.xlsx,Ark1,,,,sheet_inventory,rows=5;cols=4;dataRows=0,,,Axitinib,,,unknown layout,,
Axitinib__LIS_2207_Oncology/LIS 2207 - Vedlegg 03 Prisskjema v 2.xlsx,xlsx,LIS 2207 - Vedlegg 03 Prisskjema v 2.xlsx,Mal,,,,sheet_inventory,rows=26;cols=4;dataRows=0,,,Axitinib,,,instruction/template sheet,,
Axitinib__LIS_2207_Oncology/LIS 2207 - Vedlegg 03 Prisskjema v 2.xlsx,xlsx,LIS 2207 - Vedlegg 03 Prisskjema v 2.xlsx,Forside,,,,sheet_inventory,rows=44;cols=12;dataRows=0,,,Axitinib,,,unknown layout,,
Axitinib__LIS_2207_Oncology/LIS 2207 - Vedlegg 03 Prisskjema v 2.xlsx,xlsx,LIS 2207 - Vedlegg 03 Prisskjema v 2.xlsx,Veiledning,,,,sheet_inventory,rows=35;cols=3;dataRows=0,,,Axitinib,,,instruction/template sheet,,
Axitinib__LIS_2207_Oncology/LIS 2207 - Vedlegg 03 Prisskjema v 2.xlsx,xlsx,LIS 2207 - Vedlegg 03 Prisskjema v 2.xlsx,Prisskjema,,,,sheet_inventory,rows=993;cols=18;dataRows=196,,,Axitinib,,"VARENR | VARENAVN | LEGEMIDDELFORM | STYRKE | ENHET | LEVERANDØR | TILBUDT GIP med 2 desimaler | GTIN på ytteremballasje (Barcode secondary package). 8, 13 eller 14 siffer | GTIN ytteremballasje Ja/Nei/Innføres før avtalestart | DELLEVERANSE-NUMMER | ATC | VIRKESTOFF SYKEHUSINNKJØP | LEGEMIDDELFORM-GRUPPE | BRUKSPARAMETER | EMBALLASJETYPE SYKEHUSINNKJØP | Relevant for anskaffelsen | VARE GRUPPE | PAKNINGER 2021",pack-bearing price schedule,,
Axitinib__LIS_2207_Oncology/LIS 2207 - Vedlegg 03 Prisskjema v 2.xlsx,xlsx,LIS 2207 - Vedlegg 03 Prisskjema v 2.xlsx,Revisjoner,,,,sheet_inventory,rows=1;cols=4;dataRows=0,,,Axitinib,,,unknown layout,,
Lenalidomide__LIS_2234/LIS 2234 Vedlegg 02 Kravspesifikasjon.xlsx,xlsx,LIS 2234 Vedlegg 02 Kravspesifikasjon.xlsx,1. Innhold,,,,sheet_inventory,rows=10;cols=2;dataRows=0,,,Lenalidomide,,,unknown layout,,
Lenalidomide__LIS_2234/LIS 2234 Vedlegg 02 Kravspesifikasjon.xlsx,xlsx,LIS 2234 Vedlegg 02 Kravspesifikasjon.xlsx,2. Forklaring til kravspes.,,,,sheet_inventory,rows=19;cols=2;dataRows=0,,,Lenalidomide,,,requirements table,,
Lenalidomide__LIS_2234/LIS 2234 Vedlegg 02 Kravspesifikasjon.xlsx,xlsx,LIS 2234 Vedlegg 02 Kravspesifikasjon.xlsx,3. Omfang,,,,sheet_inventory,rows=16;cols=4;dataRows=1,,,Lenalidomide,,ATC-kode | Virkestoff | Omsetning i maks AIP [apr20-apr21],pack-bearing price schedule,,
Lenalidomide__LIS_2234/LIS 2234 Vedlegg 02 Kravspesifikasjon.xlsx,xlsx,LIS 2234 Vedlegg 02 Kravspesifikasjon.xlsx,4. Krav til prod.,,,,sheet_inventory,rows=23;cols=8;dataRows=1,,,Lenalidomide,,4.0.7 | Alle legemidler med gyldig markedsføringstillatelse i Norge skal være merket med elektronisk identifiserbare strekkoder på sekundærforpakning (ytteremballasje). Strekkoden må inneholde entydig identifikasjonsnøkkel etter GTIN-standard og være innmeldt i Farmaloggs VareWeb slik at bestilling kan foretas rettidig i henhold til rammeavtalen punkt 7.1. | S | Besvares i Prisskjema. Leverandør fyller inn selv når det ikke er forhåndsutfylt (ett skjema totalt) ,pack-bearing price schedule,,
Lenalidomide__LIS_2234/LIS 2234 Vedlegg 02 Kravspesifikasjon.xlsx,xlsx,LIS 2234 Vedlegg 02 Kravspesifikasjon.xlsx,Ark1,,,,sheet_inventory,rows=5;cols=4;dataRows=0,,,Lenalidomide,,,unknown layout,,
Lenalidomide__LIS_2234/LIS 2234 Vedlegg 03 Prisskjema.xlsx,xlsx,LIS 2234 Vedlegg 03 Prisskjema.xlsx,Mal,,,,sheet_inventory,rows=26;cols=4;dataRows=0,,,Lenalidomide,,,instruction/template sheet,,
Lenalidomide__LIS_2234/LIS 2234 Vedlegg 03 Prisskjema.xlsx,xlsx,LIS 2234 Vedlegg 03 Prisskjema.xlsx,Veiledning mal,,,,sheet_inventory,rows=4;cols=3;dataRows=0,,,Lenalidomide,,,instruction/template sheet,,
Lenalidomide__LIS_2234/LIS 2234 Vedlegg 03 Prisskjema.xlsx,xlsx,LIS 2234 Vedlegg 03 Prisskjema.xlsx,Forside,,,,sheet_inventory,rows=44;cols=12;dataRows=0,,,Lenalidomide,,,unknown layout,,
Lenalidomide__LIS_2234/LIS 2234 Vedlegg 03 Prisskjema.xlsx,xlsx,LIS 2234 Vedlegg 03 Prisskjema.xlsx,Veiledning,,,,sheet_inventory,rows=36;cols=3;dataRows=0,,,Lenalidomide,,,instruction/template sheet,,
Lenalidomide__LIS_2234/LIS 2234 Vedlegg 03 Prisskjema.xlsx,xlsx,LIS 2234 Vedlegg 03 Prisskjema.xlsx,Prisskjema,,,,sheet_inventory,rows=1000;cols=20;dataRows=7,,,Lenalidomide,,"VARENR | VARENAVN | LEGEMIDDELFORM | STYRKE | ENHET | LEVERANDØR | TILBUDT GIP | GTIN på ytteremballasje (Barcode secondary package). 8, 13 eller 14 siffer | GTIN ytteremballasje Ja/Nei/Innføres før avtalestart | GTIN på inneremballasje (Barcode primary package) 8, 13 eller 14 siffer | GTIN INNEREMBALLASJE Ja/Nei/innføres før avtalestart/innføres i avtaleperioden | Batch/holdbarhet på inneremballasje inkludert i strekkode (2D matrix) | DELLEVERANSE | ATC | VIRKESTOFF | UNDERGRUPPE | BRUKSOMRÅDE SYKEHUSINNKJØP | Ikke relevant for anskaffelsen? | VARE GRUPPE | PAKNINGER 2020",pack-bearing price schedule,,
Lenalidomide__LIS_2234/LIS 2234 Vedlegg 03 Prisskjema.xlsx,xlsx,LIS 2234 Vedlegg 03 Prisskjema.xlsx,Revisjoner,,,,sheet_inventory,rows=1;cols=4;dataRows=0,,,Lenalidomide,,,unknown layout,,
Lenalidomide__LIS_2234/LIS 2234 Vedlegg 03 Prisskjema.xlsx,xlsx,LIS 2234 Vedlegg 03 Prisskjema.xlsx,Oppslag,,,,sheet_inventory,rows=7;cols=3;dataRows=0,,,Lenalidomide,,,unknown layout,,
Lenalidomide__LIS_2234/LIS 2234 Vedlegg 03 Prisskjema.xlsx,xlsx,LIS 2234 Vedlegg 03 Prisskjema.xlsx,Lister,,,,sheet_inventory,rows=18;cols=21;dataRows=1,,,Lenalidomide,,Tilbyders art.nr | Tilbyders artikkelnavn | Kort beskrivelse av og/eller kommentar til tilbudt produkt | Minste salgsenhet | Enhet  | Produsent | TILBUDT GIP | Strekkode på ytteremballasje (Barcode secondary package) | GTIN Ja/Nei | Strekkode på inneremballasje (Barcode primary package)  | GTIN Ja/Nei | Printet format inneremballasje/primary package (EAN13/DataMatrix) | ATC | VIRKESTOFF | VAREGRUPPE | Antatt mengde pr. år | DEL-LEVERANSE,pack-bearing price schedule,,
Everolimus__2632a/2632a Bilag 2 Prisskjema.xlsx,xlsx,2632a Bilag 2 Prisskjema.xlsx,Mal,,,,sheet_inventory,rows=26;cols=4;dataRows=0,,,Everolimus,,,instruction/template sheet,,
Everolimus__2632a/2632a Bilag 2 Prisskjema.xlsx,xlsx,2632a Bilag 2 Prisskjema.xlsx,Veiledning mal,,,,sheet_inventory,rows=4;cols=3;dataRows=0,,,Everolimus,,,instruction/template sheet,,
Everolimus__2632a/2632a Bilag 2 Prisskjema.xlsx,xlsx,2632a Bilag 2 Prisskjema.xlsx,Forside,,,,sheet_inventory,rows=44;cols=12;dataRows=0,,,Everolimus,,,unknown layout,,
Everolimus__2632a/2632a Bilag 2 Prisskjema.xlsx,xlsx,2632a Bilag 2 Prisskjema.xlsx,Veiledning,,,,sheet_inventory,rows=36;cols=3;dataRows=0,,,Everolimus,,,instruction/template sheet,,
Everolimus__2632a/2632a Bilag 2 Prisskjema.xlsx,xlsx,2632a Bilag 2 Prisskjema.xlsx,Prisskjema,,,,sheet_inventory,rows=14;cols=24;dataRows=10,,,Everolimus,,Varenr | Varebetegnelse | Legemiddelform | Styrke | Kvantum | Enhet | Leverandør | Tilbyder leverandør | Tilbudt GIP | Maks AIP | ATC | Virkestoff | Delkontrakt | Undergr | Bruksområde Sykehusinnkjøp | Relevant for anskaffelsen Ja/Nei | Varegr | H-resept | Pakningssalg | GTIN på ytteremballasje  | GTIN ytteremballasje Ja/Nei/Innføres før avtalestart | GTIN på inneremballasje | GTIN INNEREMBALLASJE Ja/Nei/innføres før avtalestart/innføres i avtaleperioden | Batch/holdbarhet på inneremballasje inkludert i strekkode (2D matrix),pack-bearing price schedule,,
Everolimus__2632a/2632a Bilag 2 Prisskjema.xlsx,xlsx,2632a Bilag 2 Prisskjema.xlsx,Revisjoner,,,,sheet_inventory,rows=1;cols=4;dataRows=0,,,Everolimus,,,unknown layout,,
Everolimus__2632a/2632a Bilag 2 Prisskjema.xlsx,xlsx,2632a Bilag 2 Prisskjema.xlsx,Oppslag,,,,sheet_inventory,rows=7;cols=3;dataRows=0,,,Everolimus,,,unknown layout,,
Everolimus__2632a/2632a Bilag 2 Prisskjema.xlsx,xlsx,2632a Bilag 2 Prisskjema.xlsx,Lister,,,,sheet_inventory,rows=18;cols=21;dataRows=1,,,Everolimus,,Tilbyders art.nr | Tilbyders artikkelnavn | Kort beskrivelse av og/eller kommentar til tilbudt produkt | Minste salgsenhet | Enhet  | Produsent | TILBUDT GIP | Strekkode på ytteremballasje (Barcode secondary package) | GTIN Ja/Nei | Strekkode på inneremballasje (Barcode primary package)  | GTIN Ja/Nei | Printet format inneremballasje/primary package (EAN13/DataMatrix) | ATC | VIRKESTOFF | VAREGRUPPE | Antatt mengde pr. år | DEL-LEVERANSE,pack-bearing price schedule,,
Everolimus__2632a/2632a Bilag 3 Kravspesifikasjon.xlsx,xlsx,2632a Bilag 3 Kravspesifikasjon.xlsx,1. Innhold,,,,sheet_inventory,rows=10;cols=2;dataRows=0,,,Everolimus,,,unknown layout,,
Everolimus__2632a/2632a Bilag 3 Kravspesifikasjon.xlsx,xlsx,2632a Bilag 3 Kravspesifikasjon.xlsx,2. Forklaring til kravspes.,,,,sheet_inventory,rows=19;cols=2;dataRows=0,,,Everolimus,,,requirements table,,
Everolimus__2632a/2632a Bilag 3 Kravspesifikasjon.xlsx,xlsx,2632a Bilag 3 Kravspesifikasjon.xlsx,3. Omfang,,,,sheet_inventory,rows=10;cols=4;dataRows=0,,,Everolimus,,,historical scope table,,
Everolimus__2632a/2632a Bilag 3 Kravspesifikasjon.xlsx,xlsx,2632a Bilag 3 Kravspesifikasjon.xlsx,4. Krav til prod.,,,,sheet_inventory,rows=48;cols=8;dataRows=16,,,Everolimus,,4.0.10 | Tilbyder skal levere volum tilsvarende 2 måneders forbruk til avtalegrossistene senest 3 uker før avtalestart til avtalepris.  | S | Det er kun behov for beredskap av varer fra leverandører som er rangert som nr. 1 per delleveranse. ,requirements table,,
Everolimus__2632a/2632a Bilag 3 Kravspesifikasjon.xlsx,xlsx,2632a Bilag 3 Kravspesifikasjon.xlsx,Lister,,,,sheet_inventory,rows=5;cols=4;dataRows=0,,,Everolimus,,,unknown layout,,
Anagrelide__2507gj-1/2507gj-1 Bilag 2 Prisskjema.xlsx,xlsx,2507gj-1 Bilag 2 Prisskjema.xlsx,Mal,,,,sheet_inventory,rows=26;cols=4;dataRows=0,,,Anagrelide,,,instruction/template sheet,,
Anagrelide__2507gj-1/2507gj-1 Bilag 2 Prisskjema.xlsx,xlsx,2507gj-1 Bilag 2 Prisskjema.xlsx,Veiledning mal,,,,sheet_inventory,rows=4;cols=3;dataRows=0,,,Anagrelide,,,instruction/template sheet,,
Anagrelide__2507gj-1/2507gj-1 Bilag 2 Prisskjema.xlsx,xlsx,2507gj-1 Bilag 2 Prisskjema.xlsx,Forside,,,,sheet_inventory,rows=44;cols=12;dataRows=0,,,Anagrelide,,,unknown layout,,
Anagrelide__2507gj-1/2507gj-1 Bilag 2 Prisskjema.xlsx,xlsx,2507gj-1 Bilag 2 Prisskjema.xlsx,Veiledning,,,,sheet_inventory,rows=36;cols=3;dataRows=0,,,Anagrelide,,,instruction/template sheet,,
Anagrelide__2507gj-1/2507gj-1 Bilag 2 Prisskjema.xlsx,xlsx,2507gj-1 Bilag 2 Prisskjema.xlsx,Prisskjema,,,,sheet_inventory,rows=284;cols=26;dataRows=7,,,Anagrelide,,[navn] [legemiddelform] [styrke] | Markedsfører i Farmalogg | Solgte pakninger siste 12 mnd,pack-bearing price schedule,,
Anagrelide__2507gj-1/2507gj-1 Bilag 2 Prisskjema.xlsx,xlsx,2507gj-1 Bilag 2 Prisskjema.xlsx,Revisjoner,,,,sheet_inventory,rows=1;cols=4;dataRows=0,,,Anagrelide,,,unknown layout,,
Anagrelide__2507gj-1/2507gj-1 Bilag 2 Prisskjema.xlsx,xlsx,2507gj-1 Bilag 2 Prisskjema.xlsx,Oppslag,,,,sheet_inventory,rows=7;cols=3;dataRows=0,,,Anagrelide,,,unknown layout,,
Anagrelide__2507gj-1/2507gj-1 Bilag 2 Prisskjema.xlsx,xlsx,2507gj-1 Bilag 2 Prisskjema.xlsx,Lister,,,,sheet_inventory,rows=18;cols=21;dataRows=1,,,Anagrelide,,Tilbyders art.nr | Tilbyders artikkelnavn | Kort beskrivelse av og/eller kommentar til tilbudt produkt | Minste salgsenhet | Enhet  | Produsent | TILBUDT GIP | Strekkode på ytteremballasje (Barcode secondary package) | GTIN Ja/Nei | Strekkode på inneremballasje (Barcode primary package)  | GTIN Ja/Nei | Printet format inneremballasje/primary package (EAN13/DataMatrix) | ATC | VIRKESTOFF | VAREGRUPPE | Antatt mengde pr. år | DEL-LEVERANSE,pack-bearing price schedule,,
Anagrelide__2507gj-1/2507gj-1 Bilag 3 Kravspesifikasjon Anagrelid.xlsx,xlsx,2507gj-1 Bilag 3 Kravspesifikasjon Anagrelid.xlsx,1. Innhold,,,,sheet_inventory,rows=11;cols=2;dataRows=0,,,Anagrelide,,,unknown layout,,
Anagrelide__2507gj-1/2507gj-1 Bilag 3 Kravspesifikasjon Anagrelid.xlsx,xlsx,2507gj-1 Bilag 3 Kravspesifikasjon Anagrelid.xlsx,2. Forklaring til kravspes.,,,,sheet_inventory,rows=30;cols=2;dataRows=0,,,Anagrelide,,,requirements table,,
Anagrelide__2507gj-1/2507gj-1 Bilag 3 Kravspesifikasjon Anagrelid.xlsx,xlsx,2507gj-1 Bilag 3 Kravspesifikasjon Anagrelid.xlsx,3. Anskaffelsen,,,,sheet_inventory,rows=11;cols=22;dataRows=1,,,Anagrelide,,"Delkontrakt | Kategori ernæring/inf skyll | ATC | Virkestoff Sykehusinnkjøp | Legemiddelformgruppe | Bruksparameter Sykehusinnkjøp | Emballasjetype Sykehusinnkjøp | Parallell avtale Ja/nei | Begrunnelse for parallell avtale | Forventet lager hos grossist i Norge (B180, G2021) (inntil antall dager) | Kravsett for delleveranse | Kravsett 1 | Kravsett 2 | Kravsett 3 | Kravsett 4 | Kravsett 5 | Kravsett 6 | Kravsett 7 | Kravsett 8 | Kravsett 9 | Kravsett 10",pack-bearing price schedule,,
Anagrelide__2507gj-1/2507gj-1 Bilag 3 Kravspesifikasjon Anagrelid.xlsx,xlsx,2507gj-1 Bilag 3 Kravspesifikasjon Anagrelid.xlsx,4. Krav overordnet nivå,,,,sheet_inventory,rows=487;cols=14;dataRows=1,,,Anagrelide,,"2507gj-1 | 1 | 0 | 4.03 | Generelle | Miljø på leverandørnivå | Leverandøren bør ha implementert et miljøledelsessystem  i virkestoffproduksjon for tilbudte produkter, som ivaretar risikovurderinger, miljørutiner, miljørevisjoner og sanksjoner ved brudd på avtale/miljørutine.  For full uttelling skal miljøledelsessystemet være sertifisert av 3.part. | B | ML1 | Angi svaralternativ. Spesifiser eventuelt hvilken 3. partssertifisering som er benyttet, hva som ikke er omfattet (risikovurdering, rutiner, miljørevisjoner og/eller sanksjoner), og om det foreligger en avtale om implementering av miljøledelsessystem med eventuell tredjepartsprodusent eller om leverandøren eier til produksjonen selv. Hvis man ikke eier produksjon eller har avtale om implementering av miljøledelsessystem med produsent, vil det ikke gi uttelling på kravet. Formålet med kravet er å oppnå minst mulig miljøbelastning ved produksjon av tilbudt produkt. ",molecule/lot list,,
Anagrelide__2507gj-1/2507gj-1 Bilag 3 Kravspesifikasjon Anagrelid.xlsx,xlsx,2507gj-1 Bilag 3 Kravspesifikasjon Anagrelid.xlsx,5. Krav til prod.,,,,sheet_inventory,rows=57;cols=14;dataRows=20,,,Anagrelide,,Varenr | Varenavn,pack-bearing price schedule,,
Anagrelide__2507gj-1/2507gj-1 Bilag 3 Kravspesifikasjon Anagrelid.xlsx,xlsx,2507gj-1 Bilag 3 Kravspesifikasjon Anagrelid.xlsx,Lister,,,,sheet_inventory,rows=109;cols=30;dataRows=52,,,Anagrelide,,"D - Kravtabell Produkt/delkontrakt | Navn på kravspesifikasjon kan være det samme som anskaffelsesnavn hvis det kun er én kravspek i anskaffelsen | Delkontrakt | Kategori ernæring/inf skyll | ATC | Virkestoff Sykehusinnkjøp | Legemiddelformgruppe | Bruksparameter Sykehusinnkjøp | Emballasjetype Sykehusinnkjøp | Parallell avtale Ja/nei | Begrunnelse for parallell avtale | Forventet lager hos grossist i Norge (B180, G2021) (inntil antall dager) | Kravsett i arkfane 5",pack-bearing price schedule,,
Paliperidone__LIS_2301d/2301d Vedlegg 02 Kravspesifikasjon versj3.xlsx,xlsx,2301d Vedlegg 02 Kravspesifikasjon versj3.xlsx,1. Innhold,,,,sheet_inventory,rows=11;cols=2;dataRows=0,,,Paliperidone,,,unknown layout,,
Paliperidone__LIS_2301d/2301d Vedlegg 02 Kravspesifikasjon versj3.xlsx,xlsx,2301d Vedlegg 02 Kravspesifikasjon versj3.xlsx,2. Forklaring til kravspes.,,,,sheet_inventory,rows=31;cols=2;dataRows=0,,,Paliperidone,,,requirements table,,
Paliperidone__LIS_2301d/2301d Vedlegg 02 Kravspesifikasjon versj3.xlsx,xlsx,2301d Vedlegg 02 Kravspesifikasjon versj3.xlsx,3. Anskaffelsen,,,,sheet_inventory,rows=155;cols=14;dataRows=148,,,Paliperidone,,"Delleveranse | ATC | Virkestoff | Legemiddelformgruppe | Bruksparameter Sykehusinnkjøp | Parallell avtale Ja/nei | Begrunnelse for parallell avtale | Forventet lager hos grossist i Norge (B180, G2021) (inntil antall dager) | Kravsett for delleveranse | Kravsett 1 | Kravsett 2 | Kravsett 3 | Kravsett 4",pack-bearing price schedule,,
Paliperidone__LIS_2301d/2301d Vedlegg 02 Kravspesifikasjon versj3.xlsx,xlsx,2301d Vedlegg 02 Kravspesifikasjon versj3.xlsx,4. Krav til lev.,,,,sheet_inventory,rows=486;cols=13;dataRows=1,,,Paliperidone,,2301d | 0 | 4.01 | Leverandør | Leveringssikkerhet | Leverandøren forplikter seg til å opprette og forvalte 90 dager sikkerhetslager i EU/EØS av tilbudte produkter. Sikkerhetslageret skal være avsatt til det norske markedet. | S | Kontraktskrav til forvaltning av sikkerhetslager fremgår av rammeavtalen punkt 7.6.2.,requirements table,,
Paliperidone__LIS_2301d/2301d Vedlegg 02 Kravspesifikasjon versj3.xlsx,xlsx,2301d Vedlegg 02 Kravspesifikasjon versj3.xlsx,5. Krav til prod.,,,,sheet_inventory,rows=70;cols=13;dataRows=30,,,Paliperidone,,Varenr | Varenavn,pack-bearing price schedule,,
Paliperidone__LIS_2301d/2301d Vedlegg 02 Kravspesifikasjon versj3.xlsx,xlsx,2301d Vedlegg 02 Kravspesifikasjon versj3.xlsx,Lister,,,,sheet_inventory,rows=109;cols=24;dataRows=0,,,Paliperidone,,,unknown layout,,
Paliperidone__LIS_2301d/2301d Vedlegg 03 Prisskjema legem versj1.xlsx,xlsx,2301d Vedlegg 03 Prisskjema legem versj1.xlsx,Mal,,,,sheet_inventory,rows=26;cols=4;dataRows=0,,,Paliperidone,,,instruction/template sheet,,
Paliperidone__LIS_2301d/2301d Vedlegg 03 Prisskjema legem versj1.xlsx,xlsx,2301d Vedlegg 03 Prisskjema legem versj1.xlsx,Veiledning mal,,,,sheet_inventory,rows=4;cols=3;dataRows=0,,,Paliperidone,,,instruction/template sheet,,
Paliperidone__LIS_2301d/2301d Vedlegg 03 Prisskjema legem versj1.xlsx,xlsx,2301d Vedlegg 03 Prisskjema legem versj1.xlsx,Forside,,,,sheet_inventory,rows=44;cols=12;dataRows=0,,,Paliperidone,,,unknown layout,,
Paliperidone__LIS_2301d/2301d Vedlegg 03 Prisskjema legem versj1.xlsx,xlsx,2301d Vedlegg 03 Prisskjema legem versj1.xlsx,Veiledning,,,,sheet_inventory,rows=35;cols=3;dataRows=0,,,Paliperidone,,,instruction/template sheet,,
Paliperidone__LIS_2301d/2301d Vedlegg 03 Prisskjema legem versj1.xlsx,xlsx,2301d Vedlegg 03 Prisskjema legem versj1.xlsx,Prisskjema,,,,sheet_inventory,rows=991;cols=20;dataRows=617,,,Paliperidone,,"VARENR | VARENAVN | LEGEMIDDELFORM | STYRKE | ENHET | LEVERANDØR | TILBUDT GIP med 2 desimaler | GTIN på ytteremballasje (Barcode secondary package). 8, 13 eller 14 siffer | GTIN ytteremballasje Ja/Nei/Innføres før avtalestart | GTIN på inneremballasje (Barcode primary package) 8, 13 eller 14 siffer | GTIN INNEREMBALLASJE Ja/Nei/innføres før avtalestart/innføres i avtaleperioden | Batch/holdbarhet på inneremballasje inkludert i strekkode (2D matrix) | DELLEVERANSE-NUMMER | ATC | VIRKESTOFF SYKEHUSINNKJØP | LEGEMIDDELFORM-GRUPPE | BRUKSPARAMETER | EMBALLASJETYPE SYKEHUSINNKJØP | VARE GRUPPE | PAKNINGER 2021",pack-bearing price schedule,,
Paliperidone__LIS_2301d/2301d Vedlegg 03 Prisskjema legem versj1.xlsx,xlsx,2301d Vedlegg 03 Prisskjema legem versj1.xlsx,Revisjoner,,,,sheet_inventory,rows=1;cols=4;dataRows=0,,,Paliperidone,,,unknown layout,,
Paliperidone__LIS_2301d/2301d Vedlegg 03 Prisskjema legem versj1.xlsx,xlsx,2301d Vedlegg 03 Prisskjema legem versj1.xlsx,Oppslag,,,,sheet_inventory,rows=7;cols=3;dataRows=0,,,Paliperidone,,,unknown layout,,
Paliperidone__LIS_2301d/2301d Vedlegg 03 Prisskjema legem versj1.xlsx,xlsx,2301d Vedlegg 03 Prisskjema legem versj1.xlsx,Lister,,,,sheet_inventory,rows=18;cols=21;dataRows=1,,,Paliperidone,,Tilbyders art.nr | Tilbyders artikkelnavn | Kort beskrivelse av og/eller kommentar til tilbudt produkt | Minste salgsenhet | Enhet  | Produsent | TILBUDT GIP | Strekkode på ytteremballasje (Barcode secondary package) | GTIN Ja/Nei | Strekkode på inneremballasje (Barcode primary package)  | GTIN Ja/Nei | Printet format inneremballasje/primary package (EAN13/DataMatrix) | ATC | VIRKESTOFF | VAREGRUPPE | Antatt mengde pr. år | DEL-LEVERANSE,pack-bearing price schedule,,
Paliperidone__2601c/2601c_Bilag_2_Prisskjema.xlsx,xlsx,2601c_Bilag_2_Prisskjema.xlsx,Mal,,,,sheet_inventory,rows=26;cols=4;dataRows=0,,,Paliperidone,,,instruction/template sheet,,
Paliperidone__2601c/2601c_Bilag_2_Prisskjema.xlsx,xlsx,2601c_Bilag_2_Prisskjema.xlsx,Veiledning mal,,,,sheet_inventory,rows=4;cols=3;dataRows=0,,,Paliperidone,,,instruction/template sheet,,
Paliperidone__2601c/2601c_Bilag_2_Prisskjema.xlsx,xlsx,2601c_Bilag_2_Prisskjema.xlsx,Forside,,,,sheet_inventory,rows=44;cols=12;dataRows=0,,,Paliperidone,,,unknown layout,,
Paliperidone__2601c/2601c_Bilag_2_Prisskjema.xlsx,xlsx,2601c_Bilag_2_Prisskjema.xlsx,Veiledning,,,,sheet_inventory,rows=36;cols=3;dataRows=0,,,Paliperidone,,,instruction/template sheet,,
Paliperidone__2601c/2601c_Bilag_2_Prisskjema.xlsx,xlsx,2601c_Bilag_2_Prisskjema.xlsx,Prisskjema,,,,sheet_inventory,rows=20;cols=26;dataRows=17,,,Paliperidone,,[navn] [legemiddelform] [styrke] | Markedsfører i Farmalogg | Solgte pakninger siste 12 mnd,pack-bearing price schedule,,
Paliperidone__2601c/2601c_Bilag_2_Prisskjema.xlsx,xlsx,2601c_Bilag_2_Prisskjema.xlsx,Revisjoner,,,,sheet_inventory,rows=1;cols=4;dataRows=0,,,Paliperidone,,,unknown layout,,
Paliperidone__2601c/2601c_Bilag_2_Prisskjema.xlsx,xlsx,2601c_Bilag_2_Prisskjema.xlsx,Oppslag,,,,sheet_inventory,rows=7;cols=3;dataRows=0,,,Paliperidone,,,unknown layout,,
Paliperidone__2601c/2601c_Bilag_2_Prisskjema.xlsx,xlsx,2601c_Bilag_2_Prisskjema.xlsx,Lister,,,,sheet_inventory,rows=18;cols=21;dataRows=1,,,Paliperidone,,Tilbyders art.nr | Tilbyders artikkelnavn | Kort beskrivelse av og/eller kommentar til tilbudt produkt | Minste salgsenhet | Enhet  | Produsent | TILBUDT GIP | Strekkode på ytteremballasje (Barcode secondary package) | GTIN Ja/Nei | Strekkode på inneremballasje (Barcode primary package)  | GTIN Ja/Nei | Printet format inneremballasje/primary package (EAN13/DataMatrix) | ATC | VIRKESTOFF | VAREGRUPPE | Antatt mengde pr. år | DEL-LEVERANSE,pack-bearing price schedule,,
Paliperidone__2601c/2601c_Bilag_3_Kravspesifikasjon_Paloperidon.xlsx,xlsx,2601c_Bilag_3_Kravspesifikasjon_Paloperidon.xlsx,1. Innhold,,,,sheet_inventory,rows=11;cols=2;dataRows=0,,,Paliperidone,,,unknown layout,,
Paliperidone__2601c/2601c_Bilag_3_Kravspesifikasjon_Paloperidon.xlsx,xlsx,2601c_Bilag_3_Kravspesifikasjon_Paloperidon.xlsx,2. Forklaring til kravspes.,,,,sheet_inventory,rows=30;cols=2;dataRows=0,,,Paliperidone,,,requirements table,,
Paliperidone__2601c/2601c_Bilag_3_Kravspesifikasjon_Paloperidon.xlsx,xlsx,2601c_Bilag_3_Kravspesifikasjon_Paloperidon.xlsx,3. Anskaffelsen,,,,sheet_inventory,rows=8;cols=22;dataRows=1,,,Paliperidone,,"Delkontrakt | Kategori ernæring/inf skyll | ATC | Virkestoff Sykehusinnkjøp | Legemiddelformgruppe | Bruksparameter Sykehusinnkjøp | Emballasjetype Sykehusinnkjøp | Parallell avtale Ja/nei | Begrunnelse for parallell avtale | Forventet lager hos grossist i Norge (B180, G2021) (inntil antall dager) | Kravsett for delleveranse | Kravsett 1 | Kravsett 2 | Kravsett 3 | Kravsett 4 | Kravsett 5 | Kravsett 6 | Kravsett 7 | Kravsett 8 | Kravsett 9 | Kravsett 10",pack-bearing price schedule,,
Paliperidone__2601c/2601c_Bilag_3_Kravspesifikasjon_Paloperidon.xlsx,xlsx,2601c_Bilag_3_Kravspesifikasjon_Paloperidon.xlsx,4. Krav til lev.,,,,sheet_inventory,rows=484;cols=14;dataRows=0,,,Paliperidone,,,requirements table,,
Paliperidone__2601c/2601c_Bilag_3_Kravspesifikasjon_Paloperidon.xlsx,xlsx,2601c_Bilag_3_Kravspesifikasjon_Paloperidon.xlsx,5. Krav til prod.,,,,sheet_inventory,rows=76;cols=14;dataRows=44,,,Paliperidone,,Leverandørnavn: | [Leverandørnavn],requirements table,,
Paliperidone__2601c/2601c_Bilag_3_Kravspesifikasjon_Paloperidon.xlsx,xlsx,2601c_Bilag_3_Kravspesifikasjon_Paloperidon.xlsx,Lister,,,,sheet_inventory,rows=109;cols=24;dataRows=65,,,Paliperidone,,"D - Kravtabell Produkt/delkontrakt | Navn på kravspesifikasjon kan være det samme som anskaffelsesnavn hvis det kun er én kravspek i anskaffelsen | Delkontrakt | Kategori ernæring/inf skyll | ATC | Virkestoff Sykehusinnkjøp | Legemiddelformgruppe | Bruksparameter Sykehusinnkjøp | Emballasjetype Sykehusinnkjøp | Parallell avtale Ja/nei | Begrunnelse for parallell avtale | Forventet lager hos grossist i Norge (B180, G2021) (inntil antall dager) | Kravsett i arkfane 5",pack-bearing price schedule,,
Axitinib__LIS_2207_Oncology/LIS 2207 - Vedlegg 02 Kravspesifikasjon.xlsx,xlsx,LIS 2207 - Vedlegg 02 Kravspesifikasjon.xlsx,3. Omfang,,25,B,molecule_match,L01EK01,L01EK01,atc,Axitinib,L01EK01 | #N/A | Aksitinib | 31040204.81,ATC-kode | Nye ATC koder fra 1. februar 2022 | Virkestoff | Total maks AIP 1.jan. 2021-31.des. 2021,pack-bearing price schedule,,
Axitinib__LIS_2207_Oncology/LIS 2207 - Vedlegg 02 Kravspesifikasjon.xlsx,xlsx,LIS 2207 - Vedlegg 02 Kravspesifikasjon.xlsx,3. Omfang,,64,B,molecule_match,L01EG02,L01EG02,atc,Everolimus,L01EG02 | #N/A | Everolimus | 30601372.81,ATC-kode | Nye ATC koder fra 1. februar 2022 | Virkestoff | Total maks AIP 1.jan. 2021-31.des. 2021,pack-bearing price schedule,,
Axitinib__LIS_2207_Oncology/LIS 2207 - Vedlegg 02 Kravspesifikasjon.xlsx,xlsx,LIS 2207 - Vedlegg 02 Kravspesifikasjon.xlsx,3. Omfang,,64,D,molecule_match,Everolimus,everolimus,name,Everolimus,L01EG02 | #N/A | Everolimus | 30601372.81,ATC-kode | Nye ATC koder fra 1. februar 2022 | Virkestoff | Total maks AIP 1.jan. 2021-31.des. 2021,pack-bearing price schedule,,
Axitinib__LIS_2207_Oncology/LIS 2207 - Vedlegg 03 Prisskjema v 2.xlsx,xlsx,LIS 2207 - Vedlegg 03 Prisskjema v 2.xlsx,Prisskjema,,8,K,molecule_match,L01EG02,L01EG02,atc,Everolimus,"498298 | Afinitor abacus tab 2,5mg | Tablett | 2,5mg | 30 ENPAC | Abacus Medicine A/S | 5712440015753 | L01EG02 | 1 | 23","VARENR | VARENAVN | LEGEMIDDELFORM | STYRKE | ENHET | LEVERANDØR | TILBUDT GIP med 2 desimaler | GTIN på ytteremballasje (Barcode secondary package). 8, 13 eller 14 siffer | GTIN ytteremballasje Ja/Nei/Innføres før avtalestart | DELLEVERANSE-NUMMER | ATC | VIRKESTOFF SYKEHUSINNKJØP | LEGEMIDDELFORM-GRUPPE | BRUKSPARAMETER | EMBALLASJETYPE SYKEHUSINNKJØP | Relevant for anskaffelsen | VARE GRUPPE | PAKNINGER 2021",pack-bearing price schedule,,
Axitinib__LIS_2207_Oncology/LIS 2207 - Vedlegg 03 Prisskjema v 2.xlsx,xlsx,LIS 2207 - Vedlegg 03 Prisskjema v 2.xlsx,Prisskjema,,112,K,molecule_match,L01EG02,L01EG02,atc,Everolimus,"548899 | Afinitor tab  2,5mg | Tablett | 2,5mg | 30 ENPAC | Novartis Norge AS | 7612797263440 | L01EG02 | 1 | 132","VARENR | VARENAVN | LEGEMIDDELFORM | STYRKE | ENHET | LEVERANDØR | TILBUDT GIP med 2 desimaler | GTIN på ytteremballasje (Barcode secondary package). 8, 13 eller 14 siffer | GTIN ytteremballasje Ja/Nei/Innføres før avtalestart | DELLEVERANSE-NUMMER | ATC | VIRKESTOFF SYKEHUSINNKJØP | LEGEMIDDELFORM-GRUPPE | BRUKSPARAMETER | EMBALLASJETYPE SYKEHUSINNKJØP | Relevant for anskaffelsen | VARE GRUPPE | PAKNINGER 2021",pack-bearing price schedule,,
Axitinib__LIS_2207_Oncology/LIS 2207 - Vedlegg 03 Prisskjema v 2.xlsx,xlsx,LIS 2207 - Vedlegg 03 Prisskjema v 2.xlsx,Prisskjema,,113,K,molecule_match,L01EG02,L01EG02,atc,Everolimus,44580 | Afinitor tab  5mg | Tablett | 5mg | 30 ENPAC | Novartis Norge AS | 7612797158739 | L01EG02 | 1 | 664,"VARENR | VARENAVN | LEGEMIDDELFORM | STYRKE | ENHET | LEVERANDØR | TILBUDT GIP med 2 desimaler | GTIN på ytteremballasje (Barcode secondary package). 8, 13 eller 14 siffer | GTIN ytteremballasje Ja/Nei/Innføres før avtalestart | DELLEVERANSE-NUMMER | ATC | VIRKESTOFF SYKEHUSINNKJØP | LEGEMIDDELFORM-GRUPPE | BRUKSPARAMETER | EMBALLASJETYPE SYKEHUSINNKJØP | Relevant for anskaffelsen | VARE GRUPPE | PAKNINGER 2021",pack-bearing price schedule,,
Axitinib__LIS_2207_Oncology/LIS 2207 - Vedlegg 03 Prisskjema v 2.xlsx,xlsx,LIS 2207 - Vedlegg 03 Prisskjema v 2.xlsx,Prisskjema,,114,K,molecule_match,L01EG02,L01EG02,atc,Everolimus,44591 | Afinitor tab 10mg | Tablett | 10mg | 30 ENPAC | Novartis Norge AS | 7612797158937 | L01EG02 | 1 | 329,"VARENR | VARENAVN | LEGEMIDDELFORM | STYRKE | ENHET | LEVERANDØR | TILBUDT GIP med 2 desimaler | GTIN på ytteremballasje (Barcode secondary package). 8, 13 eller 14 siffer | GTIN ytteremballasje Ja/Nei/Innføres før avtalestart | DELLEVERANSE-NUMMER | ATC | VIRKESTOFF SYKEHUSINNKJØP | LEGEMIDDELFORM-GRUPPE | BRUKSPARAMETER | EMBALLASJETYPE SYKEHUSINNKJØP | Relevant for anskaffelsen | VARE GRUPPE | PAKNINGER 2021",pack-bearing price schedule,,
Axitinib__LIS_2207_Oncology/LIS 2207 - Vedlegg 03 Prisskjema v 2.xlsx,xlsx,LIS 2207 - Vedlegg 03 Prisskjema v 2.xlsx,Prisskjema,,140,K,molecule_match,L01EG02,L01EG02,atc,Everolimus,399306 | Votubia disperg tab 2mg | Dispergerbar tablett | 2mg | 30 ENPAC | Novartis Norge AS | 7612797263457 | L01EG02 | 1 | 73,"VARENR | VARENAVN | LEGEMIDDELFORM | STYRKE | ENHET | LEVERANDØR | TILBUDT GIP med 2 desimaler | GTIN på ytteremballasje (Barcode secondary package). 8, 13 eller 14 siffer | GTIN ytteremballasje Ja/Nei/Innføres før avtalestart | DELLEVERANSE-NUMMER | ATC | VIRKESTOFF SYKEHUSINNKJØP | LEGEMIDDELFORM-GRUPPE | BRUKSPARAMETER | EMBALLASJETYPE SYKEHUSINNKJØP | Relevant for anskaffelsen | VARE GRUPPE | PAKNINGER 2021",pack-bearing price schedule,,
Axitinib__LIS_2207_Oncology/LIS 2207 - Vedlegg 03 Prisskjema v 2.xlsx,xlsx,LIS 2207 - Vedlegg 03 Prisskjema v 2.xlsx,Prisskjema,,141,K,molecule_match,L01EG02,L01EG02,atc,Everolimus,467959 | Votubia disperg tab 3mg | Dispergerbar tablett | 3mg | 30 ENPAC | Novartis Norge AS | 7612797263464 | L01EG02 | 1 | 100,"VARENR | VARENAVN | LEGEMIDDELFORM | STYRKE | ENHET | LEVERANDØR | TILBUDT GIP med 2 desimaler | GTIN på ytteremballasje (Barcode secondary package). 8, 13 eller 14 siffer | GTIN ytteremballasje Ja/Nei/Innføres før avtalestart | DELLEVERANSE-NUMMER | ATC | VIRKESTOFF SYKEHUSINNKJØP | LEGEMIDDELFORM-GRUPPE | BRUKSPARAMETER | EMBALLASJETYPE SYKEHUSINNKJØP | Relevant for anskaffelsen | VARE GRUPPE | PAKNINGER 2021",pack-bearing price schedule,,
Axitinib__LIS_2207_Oncology/LIS 2207 - Vedlegg 03 Prisskjema v 2.xlsx,xlsx,LIS 2207 - Vedlegg 03 Prisskjema v 2.xlsx,Prisskjema,,142,K,molecule_match,L01EG02,L01EG02,atc,Everolimus,47018 | Votubia disperg tab 5mg | Dispergerbar tablett | 5mg | 30 ENPAC | Novartis Norge AS | 7612797263471 | L01EG02 | 1 | 109,"VARENR | VARENAVN | LEGEMIDDELFORM | STYRKE | ENHET | LEVERANDØR | TILBUDT GIP med 2 desimaler | GTIN på ytteremballasje (Barcode secondary package). 8, 13 eller 14 siffer | GTIN ytteremballasje Ja/Nei/Innføres før avtalestart | DELLEVERANSE-NUMMER | ATC | VIRKESTOFF SYKEHUSINNKJØP | LEGEMIDDELFORM-GRUPPE | BRUKSPARAMETER | EMBALLASJETYPE SYKEHUSINNKJØP | Relevant for anskaffelsen | VARE GRUPPE | PAKNINGER 2021",pack-bearing price schedule,,
Axitinib__LIS_2207_Oncology/LIS 2207 - Vedlegg 03 Prisskjema v 2.xlsx,xlsx,LIS 2207 - Vedlegg 03 Prisskjema v 2.xlsx,Prisskjema,,143,K,molecule_match,L01EG02,L01EG02,atc,Everolimus,"68276 | Votubia tab  2,5mg | Tablett | 2,5mg | 30 ENPAC | Novartis Norge AS | 7612797224557 | L01EG02 | 1 | 221","VARENR | VARENAVN | LEGEMIDDELFORM | STYRKE | ENHET | LEVERANDØR | TILBUDT GIP med 2 desimaler | GTIN på ytteremballasje (Barcode secondary package). 8, 13 eller 14 siffer | GTIN ytteremballasje Ja/Nei/Innføres før avtalestart | DELLEVERANSE-NUMMER | ATC | VIRKESTOFF SYKEHUSINNKJØP | LEGEMIDDELFORM-GRUPPE | BRUKSPARAMETER | EMBALLASJETYPE SYKEHUSINNKJØP | Relevant for anskaffelsen | VARE GRUPPE | PAKNINGER 2021",pack-bearing price schedule,,
Axitinib__LIS_2207_Oncology/LIS 2207 - Vedlegg 03 Prisskjema v 2.xlsx,xlsx,LIS 2207 - Vedlegg 03 Prisskjema v 2.xlsx,Prisskjema,,144,K,molecule_match,L01EG02,L01EG02,atc,Everolimus,138514 | Votubia tab  5mg | Tablett | 5mg | 30 ENPAC | Novartis Norge AS | 7612797224670 | L01EG02 | 1 | 237,"VARENR | VARENAVN | LEGEMIDDELFORM | STYRKE | ENHET | LEVERANDØR | TILBUDT GIP med 2 desimaler | GTIN på ytteremballasje (Barcode secondary package). 8, 13 eller 14 siffer | GTIN ytteremballasje Ja/Nei/Innføres før avtalestart | DELLEVERANSE-NUMMER | ATC | VIRKESTOFF SYKEHUSINNKJØP | LEGEMIDDELFORM-GRUPPE | BRUKSPARAMETER | EMBALLASJETYPE SYKEHUSINNKJØP | Relevant for anskaffelsen | VARE GRUPPE | PAKNINGER 2021",pack-bearing price schedule,,
Axitinib__LIS_2207_Oncology/LIS 2207 - Vedlegg 03 Prisskjema v 2.xlsx,xlsx,LIS 2207 - Vedlegg 03 Prisskjema v 2.xlsx,Prisskjema,,145,K,molecule_match,L01EG02,L01EG02,atc,Everolimus,549685 | Votubia tab 10mg | Tablett | 10mg | 30 ENPAC | Novartis Norge AS | 7612797263433 | L01EG02 | 1 | 83,"VARENR | VARENAVN | LEGEMIDDELFORM | STYRKE | ENHET | LEVERANDØR | TILBUDT GIP med 2 desimaler | GTIN på ytteremballasje (Barcode secondary package). 8, 13 eller 14 siffer | GTIN ytteremballasje Ja/Nei/Innføres før avtalestart | DELLEVERANSE-NUMMER | ATC | VIRKESTOFF SYKEHUSINNKJØP | LEGEMIDDELFORM-GRUPPE | BRUKSPARAMETER | EMBALLASJETYPE SYKEHUSINNKJØP | Relevant for anskaffelsen | VARE GRUPPE | PAKNINGER 2021",pack-bearing price schedule,,
Axitinib__LIS_2207_Oncology/LIS 2207 - Vedlegg 03 Prisskjema v 2.xlsx,xlsx,LIS 2207 - Vedlegg 03 Prisskjema v 2.xlsx,Prisskjema,,159,B,molecule_match,Inlyta tab 1mg,inlyta,brand_discovery,Axitinib,103854 | Inlyta tab 1mg | Tablett | 1mg | 56 ENPAC | Pfizer Norge AS | 5415062301982 | L01EK01 | 1 | 179,"VARENR | VARENAVN | LEGEMIDDELFORM | STYRKE | ENHET | LEVERANDØR | TILBUDT GIP med 2 desimaler | GTIN på ytteremballasje (Barcode secondary package). 8, 13 eller 14 siffer | GTIN ytteremballasje Ja/Nei/Innføres før avtalestart | DELLEVERANSE-NUMMER | ATC | VIRKESTOFF SYKEHUSINNKJØP | LEGEMIDDELFORM-GRUPPE | BRUKSPARAMETER | EMBALLASJETYPE SYKEHUSINNKJØP | Relevant for anskaffelsen | VARE GRUPPE | PAKNINGER 2021",pack-bearing price schedule,,
Axitinib__LIS_2207_Oncology/LIS 2207 - Vedlegg 03 Prisskjema v 2.xlsx,xlsx,LIS 2207 - Vedlegg 03 Prisskjema v 2.xlsx,Prisskjema,,159,K,molecule_match,L01EK01,L01EK01,atc,Axitinib,103854 | Inlyta tab 1mg | Tablett | 1mg | 56 ENPAC | Pfizer Norge AS | 5415062301982 | L01EK01 | 1 | 179,"VARENR | VARENAVN | LEGEMIDDELFORM | STYRKE | ENHET | LEVERANDØR | TILBUDT GIP med 2 desimaler | GTIN på ytteremballasje (Barcode secondary package). 8, 13 eller 14 siffer | GTIN ytteremballasje Ja/Nei/Innføres før avtalestart | DELLEVERANSE-NUMMER | ATC | VIRKESTOFF SYKEHUSINNKJØP | LEGEMIDDELFORM-GRUPPE | BRUKSPARAMETER | EMBALLASJETYPE SYKEHUSINNKJØP | Relevant for anskaffelsen | VARE GRUPPE | PAKNINGER 2021",pack-bearing price schedule,,
Axitinib__LIS_2207_Oncology/LIS 2207 - Vedlegg 03 Prisskjema v 2.xlsx,xlsx,LIS 2207 - Vedlegg 03 Prisskjema v 2.xlsx,Prisskjema,,160,B,molecule_match,Inlyta tab 3mg,inlyta,brand_discovery,Axitinib,39471 | Inlyta tab 3mg | Tablett | 3mg | 56 ENPAC | Pfizer Norge AS | 5415062301227 | L01EK01 | 1 | 316,"VARENR | VARENAVN | LEGEMIDDELFORM | STYRKE | ENHET | LEVERANDØR | TILBUDT GIP med 2 desimaler | GTIN på ytteremballasje (Barcode secondary package). 8, 13 eller 14 siffer | GTIN ytteremballasje Ja/Nei/Innføres før avtalestart | DELLEVERANSE-NUMMER | ATC | VIRKESTOFF SYKEHUSINNKJØP | LEGEMIDDELFORM-GRUPPE | BRUKSPARAMETER | EMBALLASJETYPE SYKEHUSINNKJØP | Relevant for anskaffelsen | VARE GRUPPE | PAKNINGER 2021",pack-bearing price schedule,,
Axitinib__LIS_2207_Oncology/LIS 2207 - Vedlegg 03 Prisskjema v 2.xlsx,xlsx,LIS 2207 - Vedlegg 03 Prisskjema v 2.xlsx,Prisskjema,,160,K,molecule_match,L01EK01,L01EK01,atc,Axitinib,39471 | Inlyta tab 3mg | Tablett | 3mg | 56 ENPAC | Pfizer Norge AS | 5415062301227 | L01EK01 | 1 | 316,"VARENR | VARENAVN | LEGEMIDDELFORM | STYRKE | ENHET | LEVERANDØR | TILBUDT GIP med 2 desimaler | GTIN på ytteremballasje (Barcode secondary package). 8, 13 eller 14 siffer | GTIN ytteremballasje Ja/Nei/Innføres før avtalestart | DELLEVERANSE-NUMMER | ATC | VIRKESTOFF SYKEHUSINNKJØP | LEGEMIDDELFORM-GRUPPE | BRUKSPARAMETER | EMBALLASJETYPE SYKEHUSINNKJØP | Relevant for anskaffelsen | VARE GRUPPE | PAKNINGER 2021",pack-bearing price schedule,,
Axitinib__LIS_2207_Oncology/LIS 2207 - Vedlegg 03 Prisskjema v 2.xlsx,xlsx,LIS 2207 - Vedlegg 03 Prisskjema v 2.xlsx,Prisskjema,,161,B,molecule_match,Inlyta tab 5mg,inlyta,brand_discovery,Axitinib,599010 | Inlyta tab 5mg | Tablett | 5mg | 56 ENPAC | Pfizer Norge AS | 5415062301234 | L01EK01 | 1 | 634,"VARENR | VARENAVN | LEGEMIDDELFORM | STYRKE | ENHET | LEVERANDØR | TILBUDT GIP med 2 desimaler | GTIN på ytteremballasje (Barcode secondary package). 8, 13 eller 14 siffer | GTIN ytteremballasje Ja/Nei/Innføres før avtalestart | DELLEVERANSE-NUMMER | ATC | VIRKESTOFF SYKEHUSINNKJØP | LEGEMIDDELFORM-GRUPPE | BRUKSPARAMETER | EMBALLASJETYPE SYKEHUSINNKJØP | Relevant for anskaffelsen | VARE GRUPPE | PAKNINGER 2021",pack-bearing price schedule,,
Axitinib__LIS_2207_Oncology/LIS 2207 - Vedlegg 03 Prisskjema v 2.xlsx,xlsx,LIS 2207 - Vedlegg 03 Prisskjema v 2.xlsx,Prisskjema,,161,K,molecule_match,L01EK01,L01EK01,atc,Axitinib,599010 | Inlyta tab 5mg | Tablett | 5mg | 56 ENPAC | Pfizer Norge AS | 5415062301234 | L01EK01 | 1 | 634,"VARENR | VARENAVN | LEGEMIDDELFORM | STYRKE | ENHET | LEVERANDØR | TILBUDT GIP med 2 desimaler | GTIN på ytteremballasje (Barcode secondary package). 8, 13 eller 14 siffer | GTIN ytteremballasje Ja/Nei/Innføres før avtalestart | DELLEVERANSE-NUMMER | ATC | VIRKESTOFF SYKEHUSINNKJØP | LEGEMIDDELFORM-GRUPPE | BRUKSPARAMETER | EMBALLASJETYPE SYKEHUSINNKJØP | Relevant for anskaffelsen | VARE GRUPPE | PAKNINGER 2021",pack-bearing price schedule,,
Axitinib__LIS_2207_Oncology/LIS 2207 - Vedlegg 03 Prisskjema v 2.xlsx,xlsx,LIS 2207 - Vedlegg 03 Prisskjema v 2.xlsx,Prisskjema,,162,B,molecule_match,Inlyta tab 7mg,inlyta,brand_discovery,Axitinib,147794 | Inlyta tab 7mg | Tablett | 7mg | 56 ENPAC | Pfizer Norge AS | 5415062301241 | L01EK01 | 1 | 46,"VARENR | VARENAVN | LEGEMIDDELFORM | STYRKE | ENHET | LEVERANDØR | TILBUDT GIP med 2 desimaler | GTIN på ytteremballasje (Barcode secondary package). 8, 13 eller 14 siffer | GTIN ytteremballasje Ja/Nei/Innføres før avtalestart | DELLEVERANSE-NUMMER | ATC | VIRKESTOFF SYKEHUSINNKJØP | LEGEMIDDELFORM-GRUPPE | BRUKSPARAMETER | EMBALLASJETYPE SYKEHUSINNKJØP | Relevant for anskaffelsen | VARE GRUPPE | PAKNINGER 2021",pack-bearing price schedule,,
Axitinib__LIS_2207_Oncology/LIS 2207 - Vedlegg 03 Prisskjema v 2.xlsx,xlsx,LIS 2207 - Vedlegg 03 Prisskjema v 2.xlsx,Prisskjema,,162,K,molecule_match,L01EK01,L01EK01,atc,Axitinib,147794 | Inlyta tab 7mg | Tablett | 7mg | 56 ENPAC | Pfizer Norge AS | 5415062301241 | L01EK01 | 1 | 46,"VARENR | VARENAVN | LEGEMIDDELFORM | STYRKE | ENHET | LEVERANDØR | TILBUDT GIP med 2 desimaler | GTIN på ytteremballasje (Barcode secondary package). 8, 13 eller 14 siffer | GTIN ytteremballasje Ja/Nei/Innføres før avtalestart | DELLEVERANSE-NUMMER | ATC | VIRKESTOFF SYKEHUSINNKJØP | LEGEMIDDELFORM-GRUPPE | BRUKSPARAMETER | EMBALLASJETYPE SYKEHUSINNKJØP | Relevant for anskaffelsen | VARE GRUPPE | PAKNINGER 2021",pack-bearing price schedule,,
Lenalidomide__LIS_2234/LIS 2234 Vedlegg 02 Kravspesifikasjon.xlsx,xlsx,LIS 2234 Vedlegg 02 Kravspesifikasjon.xlsx,3. Omfang,,7,B,molecule_match,L04AX04,L04AX04,atc,Lenalidomide,L04AX04 | Lenalidomid | 325240414.6099999,ATC-kode | Virkestoff | Omsetning i maks AIP [apr20-apr21],pack-bearing price schedule,,
Lenalidomide__LIS_2234/LIS 2234 Vedlegg 02 Kravspesifikasjon.xlsx,xlsx,LIS 2234 Vedlegg 02 Kravspesifikasjon.xlsx,3. Omfang,,7,C,molecule_match,Lenalidomid,lenalidomid,name,Lenalidomide,L04AX04 | Lenalidomid | 325240414.6099999,ATC-kode | Virkestoff | Omsetning i maks AIP [apr20-apr21],pack-bearing price schedule,,
Lenalidomide__LIS_2234/LIS 2234 Vedlegg 03 Prisskjema.xlsx,xlsx,LIS 2234 Vedlegg 03 Prisskjema.xlsx,Prisskjema,,4,N,molecule_match,L04AX04,L04AX04,atc,Lenalidomide,64016 | Revlimid kaps 20mg | Kapsel | 20mg | 21 ENPAC | Celgene AS | 7640133684741 | L04AX04 | Lenalidomid | 1 | 330,"VARENR | VARENAVN | LEGEMIDDELFORM | STYRKE | ENHET | LEVERANDØR | TILBUDT GIP | GTIN på ytteremballasje (Barcode secondary package). 8, 13 eller 14 siffer | GTIN ytteremballasje Ja/Nei/Innføres før avtalestart | GTIN på inneremballasje (Barcode primary package) 8, 13 eller 14 siffer | GTIN INNEREMBALLASJE Ja/Nei/innføres før avtalestart/innføres i avtaleperioden | Batch/holdbarhet på inneremballasje inkludert i strekkode (2D matrix) | DELLEVERANSE | ATC | VIRKESTOFF | UNDERGRUPPE | BRUKSOMRÅDE SYKEHUSINNKJØP | Ikke relevant for anskaffelsen? | VARE GRUPPE | PAKNINGER 2020",pack-bearing price schedule,,
Lenalidomide__LIS_2234/LIS 2234 Vedlegg 03 Prisskjema.xlsx,xlsx,LIS 2234 Vedlegg 03 Prisskjema.xlsx,Prisskjema,,4,O,molecule_match,Lenalidomid,lenalidomid,name,Lenalidomide,64016 | Revlimid kaps 20mg | Kapsel | 20mg | 21 ENPAC | Celgene AS | 7640133684741 | L04AX04 | Lenalidomid | 1 | 330,"VARENR | VARENAVN | LEGEMIDDELFORM | STYRKE | ENHET | LEVERANDØR | TILBUDT GIP | GTIN på ytteremballasje (Barcode secondary package). 8, 13 eller 14 siffer | GTIN ytteremballasje Ja/Nei/Innføres før avtalestart | GTIN på inneremballasje (Barcode primary package) 8, 13 eller 14 siffer | GTIN INNEREMBALLASJE Ja/Nei/innføres før avtalestart/innføres i avtaleperioden | Batch/holdbarhet på inneremballasje inkludert i strekkode (2D matrix) | DELLEVERANSE | ATC | VIRKESTOFF | UNDERGRUPPE | BRUKSOMRÅDE SYKEHUSINNKJØP | Ikke relevant for anskaffelsen? | VARE GRUPPE | PAKNINGER 2020",pack-bearing price schedule,,
Lenalidomide__LIS_2234/LIS 2234 Vedlegg 03 Prisskjema.xlsx,xlsx,LIS 2234 Vedlegg 03 Prisskjema.xlsx,Prisskjema,,5,N,molecule_match,L04AX04,L04AX04,atc,Lenalidomide,96488 | Revlimid kaps  5mg | Kapsel | 5mg | 21 ENPAC | Celgene AS | 7640133680293 | L04AX04 | Lenalidomid | 1 | 485,"VARENR | VARENAVN | LEGEMIDDELFORM | STYRKE | ENHET | LEVERANDØR | TILBUDT GIP | GTIN på ytteremballasje (Barcode secondary package). 8, 13 eller 14 siffer | GTIN ytteremballasje Ja/Nei/Innføres før avtalestart | GTIN på inneremballasje (Barcode primary package) 8, 13 eller 14 siffer | GTIN INNEREMBALLASJE Ja/Nei/innføres før avtalestart/innføres i avtaleperioden | Batch/holdbarhet på inneremballasje inkludert i strekkode (2D matrix) | DELLEVERANSE | ATC | VIRKESTOFF | UNDERGRUPPE | BRUKSOMRÅDE SYKEHUSINNKJØP | Ikke relevant for anskaffelsen? | VARE GRUPPE | PAKNINGER 2020",pack-bearing price schedule,,
Lenalidomide__LIS_2234/LIS 2234 Vedlegg 03 Prisskjema.xlsx,xlsx,LIS 2234 Vedlegg 03 Prisskjema.xlsx,Prisskjema,,5,O,molecule_match,Lenalidomid,lenalidomid,name,Lenalidomide,96488 | Revlimid kaps  5mg | Kapsel | 5mg | 21 ENPAC | Celgene AS | 7640133680293 | L04AX04 | Lenalidomid | 1 | 485,"VARENR | VARENAVN | LEGEMIDDELFORM | STYRKE | ENHET | LEVERANDØR | TILBUDT GIP | GTIN på ytteremballasje (Barcode secondary package). 8, 13 eller 14 siffer | GTIN ytteremballasje Ja/Nei/Innføres før avtalestart | GTIN på inneremballasje (Barcode primary package) 8, 13 eller 14 siffer | GTIN INNEREMBALLASJE Ja/Nei/innføres før avtalestart/innføres i avtaleperioden | Batch/holdbarhet på inneremballasje inkludert i strekkode (2D matrix) | DELLEVERANSE | ATC | VIRKESTOFF | UNDERGRUPPE | BRUKSOMRÅDE SYKEHUSINNKJØP | Ikke relevant for anskaffelsen? | VARE GRUPPE | PAKNINGER 2020",pack-bearing price schedule,,
Lenalidomide__LIS_2234/LIS 2234 Vedlegg 03 Prisskjema.xlsx,xlsx,LIS 2234 Vedlegg 03 Prisskjema.xlsx,Prisskjema,,6,N,molecule_match,L04AX04,L04AX04,atc,Lenalidomide,96497 | Revlimid kaps 10mg | Kapsel | 10mg | 21 ENPAC | Celgene AS | 7640133680309 | L04AX04 | Lenalidomid | 1 | 2106,"VARENR | VARENAVN | LEGEMIDDELFORM | STYRKE | ENHET | LEVERANDØR | TILBUDT GIP | GTIN på ytteremballasje (Barcode secondary package). 8, 13 eller 14 siffer | GTIN ytteremballasje Ja/Nei/Innføres før avtalestart | GTIN på inneremballasje (Barcode primary package) 8, 13 eller 14 siffer | GTIN INNEREMBALLASJE Ja/Nei/innføres før avtalestart/innføres i avtaleperioden | Batch/holdbarhet på inneremballasje inkludert i strekkode (2D matrix) | DELLEVERANSE | ATC | VIRKESTOFF | UNDERGRUPPE | BRUKSOMRÅDE SYKEHUSINNKJØP | Ikke relevant for anskaffelsen? | VARE GRUPPE | PAKNINGER 2020",pack-bearing price schedule,,
Lenalidomide__LIS_2234/LIS 2234 Vedlegg 03 Prisskjema.xlsx,xlsx,LIS 2234 Vedlegg 03 Prisskjema.xlsx,Prisskjema,,6,O,molecule_match,Lenalidomid,lenalidomid,name,Lenalidomide,96497 | Revlimid kaps 10mg | Kapsel | 10mg | 21 ENPAC | Celgene AS | 7640133680309 | L04AX04 | Lenalidomid | 1 | 2106,"VARENR | VARENAVN | LEGEMIDDELFORM | STYRKE | ENHET | LEVERANDØR | TILBUDT GIP | GTIN på ytteremballasje (Barcode secondary package). 8, 13 eller 14 siffer | GTIN ytteremballasje Ja/Nei/Innføres før avtalestart | GTIN på inneremballasje (Barcode primary package) 8, 13 eller 14 siffer | GTIN INNEREMBALLASJE Ja/Nei/innføres før avtalestart/innføres i avtaleperioden | Batch/holdbarhet på inneremballasje inkludert i strekkode (2D matrix) | DELLEVERANSE | ATC | VIRKESTOFF | UNDERGRUPPE | BRUKSOMRÅDE SYKEHUSINNKJØP | Ikke relevant for anskaffelsen? | VARE GRUPPE | PAKNINGER 2020",pack-bearing price schedule,,
Lenalidomide__LIS_2234/LIS 2234 Vedlegg 03 Prisskjema.xlsx,xlsx,LIS 2234 Vedlegg 03 Prisskjema.xlsx,Prisskjema,,7,N,molecule_match,L04AX04,L04AX04,atc,Lenalidomide,96506 | Revlimid kaps 15mg | Kapsel | 15mg | 21 ENPAC | Celgene AS | 7640133680316 | L04AX04 | Lenalidomid | 1 | 1881,"VARENR | VARENAVN | LEGEMIDDELFORM | STYRKE | ENHET | LEVERANDØR | TILBUDT GIP | GTIN på ytteremballasje (Barcode secondary package). 8, 13 eller 14 siffer | GTIN ytteremballasje Ja/Nei/Innføres før avtalestart | GTIN på inneremballasje (Barcode primary package) 8, 13 eller 14 siffer | GTIN INNEREMBALLASJE Ja/Nei/innføres før avtalestart/innføres i avtaleperioden | Batch/holdbarhet på inneremballasje inkludert i strekkode (2D matrix) | DELLEVERANSE | ATC | VIRKESTOFF | UNDERGRUPPE | BRUKSOMRÅDE SYKEHUSINNKJØP | Ikke relevant for anskaffelsen? | VARE GRUPPE | PAKNINGER 2020",pack-bearing price schedule,,
Lenalidomide__LIS_2234/LIS 2234 Vedlegg 03 Prisskjema.xlsx,xlsx,LIS 2234 Vedlegg 03 Prisskjema.xlsx,Prisskjema,,7,O,molecule_match,Lenalidomid,lenalidomid,name,Lenalidomide,96506 | Revlimid kaps 15mg | Kapsel | 15mg | 21 ENPAC | Celgene AS | 7640133680316 | L04AX04 | Lenalidomid | 1 | 1881,"VARENR | VARENAVN | LEGEMIDDELFORM | STYRKE | ENHET | LEVERANDØR | TILBUDT GIP | GTIN på ytteremballasje (Barcode secondary package). 8, 13 eller 14 siffer | GTIN ytteremballasje Ja/Nei/Innføres før avtalestart | GTIN på inneremballasje (Barcode primary package) 8, 13 eller 14 siffer | GTIN INNEREMBALLASJE Ja/Nei/innføres før avtalestart/innføres i avtaleperioden | Batch/holdbarhet på inneremballasje inkludert i strekkode (2D matrix) | DELLEVERANSE | ATC | VIRKESTOFF | UNDERGRUPPE | BRUKSOMRÅDE SYKEHUSINNKJØP | Ikke relevant for anskaffelsen? | VARE GRUPPE | PAKNINGER 2020",pack-bearing price schedule,,
Lenalidomide__LIS_2234/LIS 2234 Vedlegg 03 Prisskjema.xlsx,xlsx,LIS 2234 Vedlegg 03 Prisskjema.xlsx,Prisskjema,,8,N,molecule_match,L04AX04,L04AX04,atc,Lenalidomide,96515 | Revlimid kaps 25mg | Kapsel | 25mg | 21 ENPAC | Celgene AS | 7640133680323 | L04AX04 | Lenalidomid | 1 | 2069,"VARENR | VARENAVN | LEGEMIDDELFORM | STYRKE | ENHET | LEVERANDØR | TILBUDT GIP | GTIN på ytteremballasje (Barcode secondary package). 8, 13 eller 14 siffer | GTIN ytteremballasje Ja/Nei/Innføres før avtalestart | GTIN på inneremballasje (Barcode primary package) 8, 13 eller 14 siffer | GTIN INNEREMBALLASJE Ja/Nei/innføres før avtalestart/innføres i avtaleperioden | Batch/holdbarhet på inneremballasje inkludert i strekkode (2D matrix) | DELLEVERANSE | ATC | VIRKESTOFF | UNDERGRUPPE | BRUKSOMRÅDE SYKEHUSINNKJØP | Ikke relevant for anskaffelsen? | VARE GRUPPE | PAKNINGER 2020",pack-bearing price schedule,,
Lenalidomide__LIS_2234/LIS 2234 Vedlegg 03 Prisskjema.xlsx,xlsx,LIS 2234 Vedlegg 03 Prisskjema.xlsx,Prisskjema,,8,O,molecule_match,Lenalidomid,lenalidomid,name,Lenalidomide,96515 | Revlimid kaps 25mg | Kapsel | 25mg | 21 ENPAC | Celgene AS | 7640133680323 | L04AX04 | Lenalidomid | 1 | 2069,"VARENR | VARENAVN | LEGEMIDDELFORM | STYRKE | ENHET | LEVERANDØR | TILBUDT GIP | GTIN på ytteremballasje (Barcode secondary package). 8, 13 eller 14 siffer | GTIN ytteremballasje Ja/Nei/Innføres før avtalestart | GTIN på inneremballasje (Barcode primary package) 8, 13 eller 14 siffer | GTIN INNEREMBALLASJE Ja/Nei/innføres før avtalestart/innføres i avtaleperioden | Batch/holdbarhet på inneremballasje inkludert i strekkode (2D matrix) | DELLEVERANSE | ATC | VIRKESTOFF | UNDERGRUPPE | BRUKSOMRÅDE SYKEHUSINNKJØP | Ikke relevant for anskaffelsen? | VARE GRUPPE | PAKNINGER 2020",pack-bearing price schedule,,
Lenalidomide__LIS_2234/LIS 2234 Vedlegg 03 Prisskjema.xlsx,xlsx,LIS 2234 Vedlegg 03 Prisskjema.xlsx,Prisskjema,,9,N,molecule_match,L04AX04,L04AX04,atc,Lenalidomide,"467375 | Revlimid kaps  7,5mg | Kapsel | 7,5mg | 21 ENPAC | Celgene AS | 7640133682891 | L04AX04 | Lenalidomid | 1 | 261","VARENR | VARENAVN | LEGEMIDDELFORM | STYRKE | ENHET | LEVERANDØR | TILBUDT GIP | GTIN på ytteremballasje (Barcode secondary package). 8, 13 eller 14 siffer | GTIN ytteremballasje Ja/Nei/Innføres før avtalestart | GTIN på inneremballasje (Barcode primary package) 8, 13 eller 14 siffer | GTIN INNEREMBALLASJE Ja/Nei/innføres før avtalestart/innføres i avtaleperioden | Batch/holdbarhet på inneremballasje inkludert i strekkode (2D matrix) | DELLEVERANSE | ATC | VIRKESTOFF | UNDERGRUPPE | BRUKSOMRÅDE SYKEHUSINNKJØP | Ikke relevant for anskaffelsen? | VARE GRUPPE | PAKNINGER 2020",pack-bearing price schedule,,
Lenalidomide__LIS_2234/LIS 2234 Vedlegg 03 Prisskjema.xlsx,xlsx,LIS 2234 Vedlegg 03 Prisskjema.xlsx,Prisskjema,,9,O,molecule_match,Lenalidomid,lenalidomid,name,Lenalidomide,"467375 | Revlimid kaps  7,5mg | Kapsel | 7,5mg | 21 ENPAC | Celgene AS | 7640133682891 | L04AX04 | Lenalidomid | 1 | 261","VARENR | VARENAVN | LEGEMIDDELFORM | STYRKE | ENHET | LEVERANDØR | TILBUDT GIP | GTIN på ytteremballasje (Barcode secondary package). 8, 13 eller 14 siffer | GTIN ytteremballasje Ja/Nei/Innføres før avtalestart | GTIN på inneremballasje (Barcode primary package) 8, 13 eller 14 siffer | GTIN INNEREMBALLASJE Ja/Nei/innføres før avtalestart/innføres i avtaleperioden | Batch/holdbarhet på inneremballasje inkludert i strekkode (2D matrix) | DELLEVERANSE | ATC | VIRKESTOFF | UNDERGRUPPE | BRUKSOMRÅDE SYKEHUSINNKJØP | Ikke relevant for anskaffelsen? | VARE GRUPPE | PAKNINGER 2020",pack-bearing price schedule,,
Lenalidomide__LIS_2234/LIS 2234 Vedlegg 03 Prisskjema.xlsx,xlsx,LIS 2234 Vedlegg 03 Prisskjema.xlsx,Prisskjema,,10,N,molecule_match,L04AX04,L04AX04,atc,Lenalidomide,"540958 | Revlimid kaps  2,5mg | Kapsel | 2,5mg | 21 ENPAC | Celgene AS | 7640133682884 | L04AX04 | Lenalidomid | 1 | 56","VARENR | VARENAVN | LEGEMIDDELFORM | STYRKE | ENHET | LEVERANDØR | TILBUDT GIP | GTIN på ytteremballasje (Barcode secondary package). 8, 13 eller 14 siffer | GTIN ytteremballasje Ja/Nei/Innføres før avtalestart | GTIN på inneremballasje (Barcode primary package) 8, 13 eller 14 siffer | GTIN INNEREMBALLASJE Ja/Nei/innføres før avtalestart/innføres i avtaleperioden | Batch/holdbarhet på inneremballasje inkludert i strekkode (2D matrix) | DELLEVERANSE | ATC | VIRKESTOFF | UNDERGRUPPE | BRUKSOMRÅDE SYKEHUSINNKJØP | Ikke relevant for anskaffelsen? | VARE GRUPPE | PAKNINGER 2020",pack-bearing price schedule,,
Lenalidomide__LIS_2234/LIS 2234 Vedlegg 03 Prisskjema.xlsx,xlsx,LIS 2234 Vedlegg 03 Prisskjema.xlsx,Prisskjema,,10,O,molecule_match,Lenalidomid,lenalidomid,name,Lenalidomide,"540958 | Revlimid kaps  2,5mg | Kapsel | 2,5mg | 21 ENPAC | Celgene AS | 7640133682884 | L04AX04 | Lenalidomid | 1 | 56","VARENR | VARENAVN | LEGEMIDDELFORM | STYRKE | ENHET | LEVERANDØR | TILBUDT GIP | GTIN på ytteremballasje (Barcode secondary package). 8, 13 eller 14 siffer | GTIN ytteremballasje Ja/Nei/Innføres før avtalestart | GTIN på inneremballasje (Barcode primary package) 8, 13 eller 14 siffer | GTIN INNEREMBALLASJE Ja/Nei/innføres før avtalestart/innføres i avtaleperioden | Batch/holdbarhet på inneremballasje inkludert i strekkode (2D matrix) | DELLEVERANSE | ATC | VIRKESTOFF | UNDERGRUPPE | BRUKSOMRÅDE SYKEHUSINNKJØP | Ikke relevant for anskaffelsen? | VARE GRUPPE | PAKNINGER 2020",pack-bearing price schedule,,
Everolimus__2632a/2632a Bilag 2 Prisskjema.xlsx,xlsx,2632a Bilag 2 Prisskjema.xlsx,Forside,,15,C,molecule_match,2632a Everolimus og Mykofenolsyre (enterotablett),everolimus,name,Everolimus,2632a Everolimus og Mykofenolsyre (enterotablett),,unknown layout,,
Everolimus__2632a/2632a Bilag 2 Prisskjema.xlsx,xlsx,2632a Bilag 2 Prisskjema.xlsx,Prisskjema,,7,K,molecule_match,L04AH02,L04AH02,atc,Everolimus,"14884 | Certican disperg tab 0,1mg | Dispergerbar tablett | 0,1mg | 60 | ENPAC | Novartis Norge AS | 492.07 | L04AH02 | Everolimus | 2 | 01 | Ja | 25 | 07612797483978",Varenr | Varebetegnelse | Legemiddelform | Styrke | Kvantum | Enhet | Leverandør | Tilbyder leverandør | Tilbudt GIP | Maks AIP | ATC | Virkestoff | Delkontrakt | Undergr | Bruksområde Sykehusinnkjøp | Relevant for anskaffelsen Ja/Nei | Varegr | H-resept | Pakningssalg | GTIN på ytteremballasje  | GTIN ytteremballasje Ja/Nei/Innføres før avtalestart | GTIN på inneremballasje | GTIN INNEREMBALLASJE Ja/Nei/innføres før avtalestart/innføres i avtaleperioden | Batch/holdbarhet på inneremballasje inkludert i strekkode (2D matrix),pack-bearing price schedule,,
Everolimus__2632a/2632a Bilag 2 Prisskjema.xlsx,xlsx,2632a Bilag 2 Prisskjema.xlsx,Prisskjema,,7,L,molecule_match,Everolimus,everolimus,name,Everolimus,"14884 | Certican disperg tab 0,1mg | Dispergerbar tablett | 0,1mg | 60 | ENPAC | Novartis Norge AS | 492.07 | L04AH02 | Everolimus | 2 | 01 | Ja | 25 | 07612797483978",Varenr | Varebetegnelse | Legemiddelform | Styrke | Kvantum | Enhet | Leverandør | Tilbyder leverandør | Tilbudt GIP | Maks AIP | ATC | Virkestoff | Delkontrakt | Undergr | Bruksområde Sykehusinnkjøp | Relevant for anskaffelsen Ja/Nei | Varegr | H-resept | Pakningssalg | GTIN på ytteremballasje  | GTIN ytteremballasje Ja/Nei/Innføres før avtalestart | GTIN på inneremballasje | GTIN INNEREMBALLASJE Ja/Nei/innføres før avtalestart/innføres i avtaleperioden | Batch/holdbarhet på inneremballasje inkludert i strekkode (2D matrix),pack-bearing price schedule,,
Everolimus__2632a/2632a Bilag 2 Prisskjema.xlsx,xlsx,2632a Bilag 2 Prisskjema.xlsx,Prisskjema,,8,K,molecule_match,L04AH02,L04AH02,atc,Everolimus,"14917 | Certican disperg tab 0,25mg | Dispergerbar tablett | 0,25mg | 60 | ENPAC | Novartis Norge AS | 1017.61 | L04AH02 | Everolimus | 2 | 01 | Ja | 563 | 07612797483985",Varenr | Varebetegnelse | Legemiddelform | Styrke | Kvantum | Enhet | Leverandør | Tilbyder leverandør | Tilbudt GIP | Maks AIP | ATC | Virkestoff | Delkontrakt | Undergr | Bruksområde Sykehusinnkjøp | Relevant for anskaffelsen Ja/Nei | Varegr | H-resept | Pakningssalg | GTIN på ytteremballasje  | GTIN ytteremballasje Ja/Nei/Innføres før avtalestart | GTIN på inneremballasje | GTIN INNEREMBALLASJE Ja/Nei/innføres før avtalestart/innføres i avtaleperioden | Batch/holdbarhet på inneremballasje inkludert i strekkode (2D matrix),pack-bearing price schedule,,
Everolimus__2632a/2632a Bilag 2 Prisskjema.xlsx,xlsx,2632a Bilag 2 Prisskjema.xlsx,Prisskjema,,8,L,molecule_match,Everolimus,everolimus,name,Everolimus,"14917 | Certican disperg tab 0,25mg | Dispergerbar tablett | 0,25mg | 60 | ENPAC | Novartis Norge AS | 1017.61 | L04AH02 | Everolimus | 2 | 01 | Ja | 563 | 07612797483985",Varenr | Varebetegnelse | Legemiddelform | Styrke | Kvantum | Enhet | Leverandør | Tilbyder leverandør | Tilbudt GIP | Maks AIP | ATC | Virkestoff | Delkontrakt | Undergr | Bruksområde Sykehusinnkjøp | Relevant for anskaffelsen Ja/Nei | Varegr | H-resept | Pakningssalg | GTIN på ytteremballasje  | GTIN ytteremballasje Ja/Nei/Innføres før avtalestart | GTIN på inneremballasje | GTIN INNEREMBALLASJE Ja/Nei/innføres før avtalestart/innføres i avtaleperioden | Batch/holdbarhet på inneremballasje inkludert i strekkode (2D matrix),pack-bearing price schedule,,
Everolimus__2632a/2632a Bilag 2 Prisskjema.xlsx,xlsx,2632a Bilag 2 Prisskjema.xlsx,Prisskjema,,9,K,molecule_match,L04AH02,L04AH02,atc,Everolimus,"14847 | Certican tab 0,25mg | Tablett | 0,25mg | 60 | ENPAC | Novartis Norge AS | 1017.61 | L04AH02 | Everolimus | 1 | 01 | Ja | 1112 | 07612797484005",Varenr | Varebetegnelse | Legemiddelform | Styrke | Kvantum | Enhet | Leverandør | Tilbyder leverandør | Tilbudt GIP | Maks AIP | ATC | Virkestoff | Delkontrakt | Undergr | Bruksområde Sykehusinnkjøp | Relevant for anskaffelsen Ja/Nei | Varegr | H-resept | Pakningssalg | GTIN på ytteremballasje  | GTIN ytteremballasje Ja/Nei/Innføres før avtalestart | GTIN på inneremballasje | GTIN INNEREMBALLASJE Ja/Nei/innføres før avtalestart/innføres i avtaleperioden | Batch/holdbarhet på inneremballasje inkludert i strekkode (2D matrix),pack-bearing price schedule,,
Everolimus__2632a/2632a Bilag 2 Prisskjema.xlsx,xlsx,2632a Bilag 2 Prisskjema.xlsx,Prisskjema,,9,L,molecule_match,Everolimus,everolimus,name,Everolimus,"14847 | Certican tab 0,25mg | Tablett | 0,25mg | 60 | ENPAC | Novartis Norge AS | 1017.61 | L04AH02 | Everolimus | 1 | 01 | Ja | 1112 | 07612797484005",Varenr | Varebetegnelse | Legemiddelform | Styrke | Kvantum | Enhet | Leverandør | Tilbyder leverandør | Tilbudt GIP | Maks AIP | ATC | Virkestoff | Delkontrakt | Undergr | Bruksområde Sykehusinnkjøp | Relevant for anskaffelsen Ja/Nei | Varegr | H-resept | Pakningssalg | GTIN på ytteremballasje  | GTIN ytteremballasje Ja/Nei/Innføres før avtalestart | GTIN på inneremballasje | GTIN INNEREMBALLASJE Ja/Nei/innføres før avtalestart/innføres i avtaleperioden | Batch/holdbarhet på inneremballasje inkludert i strekkode (2D matrix),pack-bearing price schedule,,
Everolimus__2632a/2632a Bilag 2 Prisskjema.xlsx,xlsx,2632a Bilag 2 Prisskjema.xlsx,Prisskjema,,10,K,molecule_match,L04AH02,L04AH02,atc,Everolimus,"14859 | Certican tab 0,5mg | Tablett | 0,5mg | 60 | ENPAC | Novartis Norge AS | 2028.9 | L04AH02 | Everolimus | 1 | 01 | Ja | 1487 | 07612797484012",Varenr | Varebetegnelse | Legemiddelform | Styrke | Kvantum | Enhet | Leverandør | Tilbyder leverandør | Tilbudt GIP | Maks AIP | ATC | Virkestoff | Delkontrakt | Undergr | Bruksområde Sykehusinnkjøp | Relevant for anskaffelsen Ja/Nei | Varegr | H-resept | Pakningssalg | GTIN på ytteremballasje  | GTIN ytteremballasje Ja/Nei/Innføres før avtalestart | GTIN på inneremballasje | GTIN INNEREMBALLASJE Ja/Nei/innføres før avtalestart/innføres i avtaleperioden | Batch/holdbarhet på inneremballasje inkludert i strekkode (2D matrix),pack-bearing price schedule,,
Everolimus__2632a/2632a Bilag 2 Prisskjema.xlsx,xlsx,2632a Bilag 2 Prisskjema.xlsx,Prisskjema,,10,L,molecule_match,Everolimus,everolimus,name,Everolimus,"14859 | Certican tab 0,5mg | Tablett | 0,5mg | 60 | ENPAC | Novartis Norge AS | 2028.9 | L04AH02 | Everolimus | 1 | 01 | Ja | 1487 | 07612797484012",Varenr | Varebetegnelse | Legemiddelform | Styrke | Kvantum | Enhet | Leverandør | Tilbyder leverandør | Tilbudt GIP | Maks AIP | ATC | Virkestoff | Delkontrakt | Undergr | Bruksområde Sykehusinnkjøp | Relevant for anskaffelsen Ja/Nei | Varegr | H-resept | Pakningssalg | GTIN på ytteremballasje  | GTIN ytteremballasje Ja/Nei/Innføres før avtalestart | GTIN på inneremballasje | GTIN INNEREMBALLASJE Ja/Nei/innføres før avtalestart/innføres i avtaleperioden | Batch/holdbarhet på inneremballasje inkludert i strekkode (2D matrix),pack-bearing price schedule,,
Everolimus__2632a/2632a Bilag 2 Prisskjema.xlsx,xlsx,2632a Bilag 2 Prisskjema.xlsx,Prisskjema,,11,K,molecule_match,L04AH02,L04AH02,atc,Everolimus,"14853 | Certican tab 0,75mg | Tablett | 0,75mg | 60 | ENPAC | Novartis Norge AS | 3070.93 | L04AH02 | Everolimus | 1 | 01 | Ja | 990 | 07612797484036",Varenr | Varebetegnelse | Legemiddelform | Styrke | Kvantum | Enhet | Leverandør | Tilbyder leverandør | Tilbudt GIP | Maks AIP | ATC | Virkestoff | Delkontrakt | Undergr | Bruksområde Sykehusinnkjøp | Relevant for anskaffelsen Ja/Nei | Varegr | H-resept | Pakningssalg | GTIN på ytteremballasje  | GTIN ytteremballasje Ja/Nei/Innføres før avtalestart | GTIN på inneremballasje | GTIN INNEREMBALLASJE Ja/Nei/innføres før avtalestart/innføres i avtaleperioden | Batch/holdbarhet på inneremballasje inkludert i strekkode (2D matrix),pack-bearing price schedule,,
Everolimus__2632a/2632a Bilag 2 Prisskjema.xlsx,xlsx,2632a Bilag 2 Prisskjema.xlsx,Prisskjema,,11,L,molecule_match,Everolimus,everolimus,name,Everolimus,"14853 | Certican tab 0,75mg | Tablett | 0,75mg | 60 | ENPAC | Novartis Norge AS | 3070.93 | L04AH02 | Everolimus | 1 | 01 | Ja | 990 | 07612797484036",Varenr | Varebetegnelse | Legemiddelform | Styrke | Kvantum | Enhet | Leverandør | Tilbyder leverandør | Tilbudt GIP | Maks AIP | ATC | Virkestoff | Delkontrakt | Undergr | Bruksområde Sykehusinnkjøp | Relevant for anskaffelsen Ja/Nei | Varegr | H-resept | Pakningssalg | GTIN på ytteremballasje  | GTIN ytteremballasje Ja/Nei/Innføres før avtalestart | GTIN på inneremballasje | GTIN INNEREMBALLASJE Ja/Nei/innføres før avtalestart/innføres i avtaleperioden | Batch/holdbarhet på inneremballasje inkludert i strekkode (2D matrix),pack-bearing price schedule,,
Everolimus__2632a/2632a Bilag 2 Prisskjema.xlsx,xlsx,2632a Bilag 2 Prisskjema.xlsx,Prisskjema,,12,K,molecule_match,L04AH02,L04AH02,atc,Everolimus,14946 | Certican tab 1mg | Tablett | 1mg | 60 | ENPAC | Novartis Norge AS | 4057.8 | L04AH02 | Everolimus | 1 | 01 | Ja | 3908 | 07612797114957,Varenr | Varebetegnelse | Legemiddelform | Styrke | Kvantum | Enhet | Leverandør | Tilbyder leverandør | Tilbudt GIP | Maks AIP | ATC | Virkestoff | Delkontrakt | Undergr | Bruksområde Sykehusinnkjøp | Relevant for anskaffelsen Ja/Nei | Varegr | H-resept | Pakningssalg | GTIN på ytteremballasje  | GTIN ytteremballasje Ja/Nei/Innføres før avtalestart | GTIN på inneremballasje | GTIN INNEREMBALLASJE Ja/Nei/innføres før avtalestart/innføres i avtaleperioden | Batch/holdbarhet på inneremballasje inkludert i strekkode (2D matrix),pack-bearing price schedule,,
Everolimus__2632a/2632a Bilag 2 Prisskjema.xlsx,xlsx,2632a Bilag 2 Prisskjema.xlsx,Prisskjema,,12,L,molecule_match,Everolimus,everolimus,name,Everolimus,14946 | Certican tab 1mg | Tablett | 1mg | 60 | ENPAC | Novartis Norge AS | 4057.8 | L04AH02 | Everolimus | 1 | 01 | Ja | 3908 | 07612797114957,Varenr | Varebetegnelse | Legemiddelform | Styrke | Kvantum | Enhet | Leverandør | Tilbyder leverandør | Tilbudt GIP | Maks AIP | ATC | Virkestoff | Delkontrakt | Undergr | Bruksområde Sykehusinnkjøp | Relevant for anskaffelsen Ja/Nei | Varegr | H-resept | Pakningssalg | GTIN på ytteremballasje  | GTIN ytteremballasje Ja/Nei/Innføres før avtalestart | GTIN på inneremballasje | GTIN INNEREMBALLASJE Ja/Nei/innføres før avtalestart/innføres i avtaleperioden | Batch/holdbarhet på inneremballasje inkludert i strekkode (2D matrix),pack-bearing price schedule,,
Everolimus__2632a/2632a Bilag 3 Kravspesifikasjon.xlsx,xlsx,2632a Bilag 3 Kravspesifikasjon.xlsx,3. Omfang,,7,C,molecule_match,L04AH02,L04AH02,atc,Everolimus,"1 | L04AH02 | Everolimus, tabletter",,historical scope table,,
Everolimus__2632a/2632a Bilag 3 Kravspesifikasjon.xlsx,xlsx,2632a Bilag 3 Kravspesifikasjon.xlsx,3. Omfang,,7,D,molecule_match,"Everolimus, tabletter",everolimus,name,Everolimus,"1 | L04AH02 | Everolimus, tabletter",,historical scope table,,
Everolimus__2632a/2632a Bilag 3 Kravspesifikasjon.xlsx,xlsx,2632a Bilag 3 Kravspesifikasjon.xlsx,3. Omfang,,8,C,molecule_match,L04AH02,L04AH02,atc,Everolimus,"2 | L04AH02 | Everolimus, dispergerbare tabletter",,historical scope table,,
Everolimus__2632a/2632a Bilag 3 Kravspesifikasjon.xlsx,xlsx,2632a Bilag 3 Kravspesifikasjon.xlsx,3. Omfang,,8,D,molecule_match,"Everolimus, dispergerbare tabletter",everolimus,name,Everolimus,"2 | L04AH02 | Everolimus, dispergerbare tabletter",,historical scope table,,
Everolimus__2632a/2632a Bilag 3 Kravspesifikasjon.xlsx,xlsx,2632a Bilag 3 Kravspesifikasjon.xlsx,4. Krav til prod.,,29,B,molecule_match,4.1 Krav til delkontrakt 1 - Everolimus (tabletter),everolimus,name,Everolimus,4.1 Krav til delkontrakt 1 - Everolimus (tabletter),4.0.10 | Tilbyder skal levere volum tilsvarende 2 måneders forbruk til avtalegrossistene senest 3 uker før avtalestart til avtalepris.  | S | Det er kun behov for beredskap av varer fra leverandører som er rangert som nr. 1 per delleveranse. ,requirements table,,
Everolimus__2632a/2632a Bilag 3 Kravspesifikasjon.xlsx,xlsx,2632a Bilag 3 Kravspesifikasjon.xlsx,4. Krav til prod.,,36,B,molecule_match,4.2 Krav til delkontrakt 2 - Everolimus (dispergerbare tabletter),everolimus,name,Everolimus,4.2 Krav til delkontrakt 2 - Everolimus (dispergerbare tabletter),4.0.10 | Tilbyder skal levere volum tilsvarende 2 måneders forbruk til avtalegrossistene senest 3 uker før avtalestart til avtalepris.  | S | Det er kun behov for beredskap av varer fra leverandører som er rangert som nr. 1 per delleveranse. ,requirements table,,
Anagrelide__2507gj-1/2507gj-1 Bilag 2 Prisskjema.xlsx,xlsx,2507gj-1 Bilag 2 Prisskjema.xlsx,Forside,,15,C,molecule_match,2507gj-1 Anagrelid,anagrelid,name,Anagrelide,2507gj-1 Anagrelid,,unknown layout,,
Anagrelide__2507gj-1/2507gj-1 Bilag 2 Prisskjema.xlsx,xlsx,2507gj-1 Bilag 2 Prisskjema.xlsx,Prisskjema,,5,B,molecule_match,"Anagrelide bluefish kaps 0,5mg",anagrelide,name,Anagrelide,"560023 | Anagrelide bluefish kaps 0,5mg | Kapsel, hard | 0,5mg | 100 | STK | Bluefish Pharmaceuticals AB | L01XX35 | Anagrelid | 1 | Tablett/kapsel | Ja | 01 | 0 | 07311925600231",[navn] [legemiddelform] [styrke] | Markedsfører i Farmalogg | Solgte pakninger siste 12 mnd,pack-bearing price schedule,,
Anagrelide__2507gj-1/2507gj-1 Bilag 2 Prisskjema.xlsx,xlsx,2507gj-1 Bilag 2 Prisskjema.xlsx,Prisskjema,,5,J,molecule_match,L01XX35,L01XX35,atc,Anagrelide,"560023 | Anagrelide bluefish kaps 0,5mg | Kapsel, hard | 0,5mg | 100 | STK | Bluefish Pharmaceuticals AB | L01XX35 | Anagrelid | 1 | Tablett/kapsel | Ja | 01 | 0 | 07311925600231",[navn] [legemiddelform] [styrke] | Markedsfører i Farmalogg | Solgte pakninger siste 12 mnd,pack-bearing price schedule,,
Anagrelide__2507gj-1/2507gj-1 Bilag 2 Prisskjema.xlsx,xlsx,2507gj-1 Bilag 2 Prisskjema.xlsx,Prisskjema,,5,K,molecule_match,Anagrelid,anagrelid,name,Anagrelide,"560023 | Anagrelide bluefish kaps 0,5mg | Kapsel, hard | 0,5mg | 100 | STK | Bluefish Pharmaceuticals AB | L01XX35 | Anagrelid | 1 | Tablett/kapsel | Ja | 01 | 0 | 07311925600231",[navn] [legemiddelform] [styrke] | Markedsfører i Farmalogg | Solgte pakninger siste 12 mnd,pack-bearing price schedule,,
Anagrelide__2507gj-1/2507gj-1 Bilag 2 Prisskjema.xlsx,xlsx,2507gj-1 Bilag 2 Prisskjema.xlsx,Prisskjema,,6,B,molecule_match,"Anagrelide sandoz kaps 0,5mg",anagrelide,name,Anagrelide,"191597 | Anagrelide sandoz kaps 0,5mg | Kapsel, hard | 0,5mg | 100 | STK | Sandoz A/S | L01XX35 | Anagrelid | 1 | Tablett/kapsel | Ja | 01 | 2112 | 07046261915977",[navn] [legemiddelform] [styrke] | Markedsfører i Farmalogg | Solgte pakninger siste 12 mnd,pack-bearing price schedule,,
Anagrelide__2507gj-1/2507gj-1 Bilag 2 Prisskjema.xlsx,xlsx,2507gj-1 Bilag 2 Prisskjema.xlsx,Prisskjema,,6,J,molecule_match,L01XX35,L01XX35,atc,Anagrelide,"191597 | Anagrelide sandoz kaps 0,5mg | Kapsel, hard | 0,5mg | 100 | STK | Sandoz A/S | L01XX35 | Anagrelid | 1 | Tablett/kapsel | Ja | 01 | 2112 | 07046261915977",[navn] [legemiddelform] [styrke] | Markedsfører i Farmalogg | Solgte pakninger siste 12 mnd,pack-bearing price schedule,,
Anagrelide__2507gj-1/2507gj-1 Bilag 2 Prisskjema.xlsx,xlsx,2507gj-1 Bilag 2 Prisskjema.xlsx,Prisskjema,,6,K,molecule_match,Anagrelid,anagrelid,name,Anagrelide,"191597 | Anagrelide sandoz kaps 0,5mg | Kapsel, hard | 0,5mg | 100 | STK | Sandoz A/S | L01XX35 | Anagrelid | 1 | Tablett/kapsel | Ja | 01 | 2112 | 07046261915977",[navn] [legemiddelform] [styrke] | Markedsfører i Farmalogg | Solgte pakninger siste 12 mnd,pack-bearing price schedule,,
Anagrelide__2507gj-1/2507gj-1 Bilag 2 Prisskjema.xlsx,xlsx,2507gj-1 Bilag 2 Prisskjema.xlsx,Prisskjema,,7,J,molecule_match,L01XX35,L01XX35,atc,Anagrelide,"21999 | Xagrid kaps 0,5mg | Kapsel, hard | 0,5mg | 100 | STK | Takeda AS | L01XX35 | Anagrelid | 1 | Tablett/kapsel | Ja | 01 | 210 | 05060147023329",[navn] [legemiddelform] [styrke] | Markedsfører i Farmalogg | Solgte pakninger siste 12 mnd,pack-bearing price schedule,,
Anagrelide__2507gj-1/2507gj-1 Bilag 2 Prisskjema.xlsx,xlsx,2507gj-1 Bilag 2 Prisskjema.xlsx,Prisskjema,,7,K,molecule_match,Anagrelid,anagrelid,name,Anagrelide,"21999 | Xagrid kaps 0,5mg | Kapsel, hard | 0,5mg | 100 | STK | Takeda AS | L01XX35 | Anagrelid | 1 | Tablett/kapsel | Ja | 01 | 210 | 05060147023329",[navn] [legemiddelform] [styrke] | Markedsfører i Farmalogg | Solgte pakninger siste 12 mnd,pack-bearing price schedule,,
Anagrelide__2507gj-1/2507gj-1 Bilag 2 Prisskjema.xlsx,xlsx,2507gj-1 Bilag 2 Prisskjema.xlsx,Prisskjema,,8,J,molecule_match,L01XX35,L01XX35,atc,Anagrelide,"39496 | Xagrid Kapsel, hard 0,5 mg | Kapsel, hard | 0,5 mg | 0 | 0 | L01XX35 | Anagrelid | 1 | Tablett/kapsel | Ja | 01 | 0",[navn] [legemiddelform] [styrke] | Markedsfører i Farmalogg | Solgte pakninger siste 12 mnd,pack-bearing price schedule,,
Anagrelide__2507gj-1/2507gj-1 Bilag 2 Prisskjema.xlsx,xlsx,2507gj-1 Bilag 2 Prisskjema.xlsx,Prisskjema,,8,K,molecule_match,Anagrelid,anagrelid,name,Anagrelide,"39496 | Xagrid Kapsel, hard 0,5 mg | Kapsel, hard | 0,5 mg | 0 | 0 | L01XX35 | Anagrelid | 1 | Tablett/kapsel | Ja | 01 | 0",[navn] [legemiddelform] [styrke] | Markedsfører i Farmalogg | Solgte pakninger siste 12 mnd,pack-bearing price schedule,,
Anagrelide__2507gj-1/2507gj-1 Bilag 2 Prisskjema.xlsx,xlsx,2507gj-1 Bilag 2 Prisskjema.xlsx,Prisskjema,,9,B,molecule_match,"Anagrelide AOP Kapsel, hard 0,5 mg",anagrelide,name,Anagrelide,"110090 | Anagrelide AOP Kapsel, hard 0,5 mg | Kapsel | 0,5 mg | 100 | STK | L01XX35 | Anagrelid | 1 | Tablett/kapsel | Ja | 01 | 0",[navn] [legemiddelform] [styrke] | Markedsfører i Farmalogg | Solgte pakninger siste 12 mnd,pack-bearing price schedule,,
Anagrelide__2507gj-1/2507gj-1 Bilag 2 Prisskjema.xlsx,xlsx,2507gj-1 Bilag 2 Prisskjema.xlsx,Prisskjema,,9,J,molecule_match,L01XX35,L01XX35,atc,Anagrelide,"110090 | Anagrelide AOP Kapsel, hard 0,5 mg | Kapsel | 0,5 mg | 100 | STK | L01XX35 | Anagrelid | 1 | Tablett/kapsel | Ja | 01 | 0",[navn] [legemiddelform] [styrke] | Markedsfører i Farmalogg | Solgte pakninger siste 12 mnd,pack-bearing price schedule,,
Anagrelide__2507gj-1/2507gj-1 Bilag 2 Prisskjema.xlsx,xlsx,2507gj-1 Bilag 2 Prisskjema.xlsx,Prisskjema,,9,K,molecule_match,Anagrelid,anagrelid,name,Anagrelide,"110090 | Anagrelide AOP Kapsel, hard 0,5 mg | Kapsel | 0,5 mg | 100 | STK | L01XX35 | Anagrelid | 1 | Tablett/kapsel | Ja | 01 | 0",[navn] [legemiddelform] [styrke] | Markedsfører i Farmalogg | Solgte pakninger siste 12 mnd,pack-bearing price schedule,,
Anagrelide__2507gj-1/2507gj-1 Bilag 2 Prisskjema.xlsx,xlsx,2507gj-1 Bilag 2 Prisskjema.xlsx,Prisskjema,,10,B,molecule_match,"Anagrelide sandoz kaps 0,5mg",anagrelide,name,Anagrelide,"290239 | Anagrelide sandoz kaps 0,5mg | Kapsel, hard | 0,5mg | 100 | STK | Sandoz A/S | L01XX35 | Anagrelid | 1 | Tablett/kapsel | Nei | Erstatningsvare | 06 | 0 | 07046260934726",[navn] [legemiddelform] [styrke] | Markedsfører i Farmalogg | Solgte pakninger siste 12 mnd,pack-bearing price schedule,,
Anagrelide__2507gj-1/2507gj-1 Bilag 2 Prisskjema.xlsx,xlsx,2507gj-1 Bilag 2 Prisskjema.xlsx,Prisskjema,,10,J,molecule_match,L01XX35,L01XX35,atc,Anagrelide,"290239 | Anagrelide sandoz kaps 0,5mg | Kapsel, hard | 0,5mg | 100 | STK | Sandoz A/S | L01XX35 | Anagrelid | 1 | Tablett/kapsel | Nei | Erstatningsvare | 06 | 0 | 07046260934726",[navn] [legemiddelform] [styrke] | Markedsfører i Farmalogg | Solgte pakninger siste 12 mnd,pack-bearing price schedule,,
Anagrelide__2507gj-1/2507gj-1 Bilag 2 Prisskjema.xlsx,xlsx,2507gj-1 Bilag 2 Prisskjema.xlsx,Prisskjema,,10,K,molecule_match,Anagrelid,anagrelid,name,Anagrelide,"290239 | Anagrelide sandoz kaps 0,5mg | Kapsel, hard | 0,5mg | 100 | STK | Sandoz A/S | L01XX35 | Anagrelid | 1 | Tablett/kapsel | Nei | Erstatningsvare | 06 | 0 | 07046260934726",[navn] [legemiddelform] [styrke] | Markedsfører i Farmalogg | Solgte pakninger siste 12 mnd,pack-bearing price schedule,,
Anagrelide__2507gj-1/2507gj-1 Bilag 3 Kravspesifikasjon Anagrelid.xlsx,xlsx,2507gj-1 Bilag 3 Kravspesifikasjon Anagrelid.xlsx,1. Innhold,,1,B,molecule_match,2507gj-1 Kravspesifikasjon Bilag 3 Anagrelid,anagrelid,name,Anagrelide,2507gj-1 Kravspesifikasjon Bilag 3 Anagrelid,,unknown layout,,
Anagrelide__2507gj-1/2507gj-1 Bilag 3 Kravspesifikasjon Anagrelid.xlsx,xlsx,2507gj-1 Bilag 3 Kravspesifikasjon Anagrelid.xlsx,3. Anskaffelsen,,6,B,molecule_match,2507gj-1 Anagrelid Bilag 3,anagrelid,name,Anagrelide,2507gj-1 Anagrelid Bilag 3  | SKJULES? HVOR MANGE TRENGS? | Kravsett for delkontrakt - se arkfane 5. Krav til prod,"Delkontrakt | Kategori ernæring/inf skyll | ATC | Virkestoff Sykehusinnkjøp | Legemiddelformgruppe | Bruksparameter Sykehusinnkjøp | Emballasjetype Sykehusinnkjøp | Parallell avtale Ja/nei | Begrunnelse for parallell avtale | Forventet lager hos grossist i Norge (B180, G2021) (inntil antall dager) | Kravsett for delleveranse | Kravsett 1 | Kravsett 2 | Kravsett 3 | Kravsett 4 | Kravsett 5 | Kravsett 6 | Kravsett 7 | Kravsett 8 | Kravsett 9 | Kravsett 10",pack-bearing price schedule,,
Anagrelide__2507gj-1/2507gj-1 Bilag 3 Kravspesifikasjon Anagrelid.xlsx,xlsx,2507gj-1 Bilag 3 Kravspesifikasjon Anagrelid.xlsx,3. Anskaffelsen,,8,D,molecule_match,L01XX35,L01XX35,atc,Anagrelide,1 | L01XX35 | Anagrelid | Tablett/kapsel | Nei | Generelle Miljø Tablett/kapsel        | Generelle | Miljø | Tablett/kapsel,"Delkontrakt | Kategori ernæring/inf skyll | ATC | Virkestoff Sykehusinnkjøp | Legemiddelformgruppe | Bruksparameter Sykehusinnkjøp | Emballasjetype Sykehusinnkjøp | Parallell avtale Ja/nei | Begrunnelse for parallell avtale | Forventet lager hos grossist i Norge (B180, G2021) (inntil antall dager) | Kravsett for delleveranse | Kravsett 1 | Kravsett 2 | Kravsett 3 | Kravsett 4 | Kravsett 5 | Kravsett 6 | Kravsett 7 | Kravsett 8 | Kravsett 9 | Kravsett 10",pack-bearing price schedule,,
Anagrelide__2507gj-1/2507gj-1 Bilag 3 Kravspesifikasjon Anagrelid.xlsx,xlsx,2507gj-1 Bilag 3 Kravspesifikasjon Anagrelid.xlsx,3. Anskaffelsen,,8,E,molecule_match,Anagrelid,anagrelid,name,Anagrelide,1 | L01XX35 | Anagrelid | Tablett/kapsel | Nei | Generelle Miljø Tablett/kapsel        | Generelle | Miljø | Tablett/kapsel,"Delkontrakt | Kategori ernæring/inf skyll | ATC | Virkestoff Sykehusinnkjøp | Legemiddelformgruppe | Bruksparameter Sykehusinnkjøp | Emballasjetype Sykehusinnkjøp | Parallell avtale Ja/nei | Begrunnelse for parallell avtale | Forventet lager hos grossist i Norge (B180, G2021) (inntil antall dager) | Kravsett for delleveranse | Kravsett 1 | Kravsett 2 | Kravsett 3 | Kravsett 4 | Kravsett 5 | Kravsett 6 | Kravsett 7 | Kravsett 8 | Kravsett 9 | Kravsett 10",pack-bearing price schedule,,
Anagrelide__2507gj-1/2507gj-1 Bilag 3 Kravspesifikasjon Anagrelid.xlsx,xlsx,2507gj-1 Bilag 3 Kravspesifikasjon Anagrelid.xlsx,4. Krav overordnet nivå,,3,E,molecule_match,2507gj-1 Bilag 3 Kravspesifikasjon Anagrelid,anagrelid,name,Anagrelide,2507gj-1 Bilag 3 Kravspesifikasjon Anagrelid,"2507gj-1 | 1 | 0 | 4.03 | Generelle | Miljø på leverandørnivå | Leverandøren bør ha implementert et miljøledelsessystem  i virkestoffproduksjon for tilbudte produkter, som ivaretar risikovurderinger, miljørutiner, miljørevisjoner og sanksjoner ved brudd på avtale/miljørutine.  For full uttelling skal miljøledelsessystemet være sertifisert av 3.part. | B | ML1 | Angi svaralternativ. Spesifiser eventuelt hvilken 3. partssertifisering som er benyttet, hva som ikke er omfattet (risikovurdering, rutiner, miljørevisjoner og/eller sanksjoner), og om det foreligger en avtale om implementering av miljøledelsessystem med eventuell tredjepartsprodusent eller om leverandøren eier til produksjonen selv. Hvis man ikke eier produksjon eller har avtale om implementering av miljøledelsessystem med produsent, vil det ikke gi uttelling på kravet. Formålet med kravet er å oppnå minst mulig miljøbelastning ved produksjon av tilbudt produkt. ",molecule/lot list,,
Anagrelide__2507gj-1/2507gj-1 Bilag 3 Kravspesifikasjon Anagrelid.xlsx,xlsx,2507gj-1 Bilag 3 Kravspesifikasjon Anagrelid.xlsx,5. Krav til prod.,,3,E,molecule_match,2507gj-1 Bilag 3 Kravspesifikasjon Anagrelid,anagrelid,name,Anagrelide,2507gj-1 Bilag 3 Kravspesifikasjon Anagrelid,Varenr | Varenavn,pack-bearing price schedule,,
Anagrelide__2507gj-1/2507gj-1 Bilag 3 Kravspesifikasjon Anagrelid.xlsx,xlsx,2507gj-1 Bilag 3 Kravspesifikasjon Anagrelid.xlsx,5. Krav til prod.,,21,H,molecule_match,L01XX35,L01XX35,atc,Anagrelide,ATC | L01XX35,Varenr | Varenavn,pack-bearing price schedule,,
Anagrelide__2507gj-1/2507gj-1 Bilag 3 Kravspesifikasjon Anagrelid.xlsx,xlsx,2507gj-1 Bilag 3 Kravspesifikasjon Anagrelid.xlsx,5. Krav til prod.,,22,H,molecule_match,Anagrelid,anagrelid,name,Anagrelide,Virkestoff | Anagrelid,Varenr | Varenavn,pack-bearing price schedule,,
Anagrelide__2507gj-1/2507gj-1 Bilag 3 Kravspesifikasjon Anagrelid.xlsx,xlsx,2507gj-1 Bilag 3 Kravspesifikasjon Anagrelid.xlsx,5. Krav til prod.,,35,E,molecule_match,Krav for Anagrelid,anagrelid,name,Anagrelide,Krav for Anagrelid | BETINGET FORMATERING (FOR Å FARGE KRAV SOM IKKE GJELDER VALGT DELLEVERANSE) ER SATT TIL: Ja (kan endres i arkfane 'Lister'),Varenr | Varenavn,pack-bearing price schedule,,
Anagrelide__2507gj-1/2507gj-1 Bilag 3 Kravspesifikasjon Anagrelid.xlsx,xlsx,2507gj-1 Bilag 3 Kravspesifikasjon Anagrelid.xlsx,Lister,,7,E,molecule_match,Anagrelid,anagrelid,name,Anagrelide,Anskaffelsesnavn | Anagrelid | Eks: Klorheksidin,"D - Kravtabell Produkt/delkontrakt | Navn på kravspesifikasjon kan være det samme som anskaffelsesnavn hvis det kun er én kravspek i anskaffelsen | Delkontrakt | Kategori ernæring/inf skyll | ATC | Virkestoff Sykehusinnkjøp | Legemiddelformgruppe | Bruksparameter Sykehusinnkjøp | Emballasjetype Sykehusinnkjøp | Parallell avtale Ja/nei | Begrunnelse for parallell avtale | Forventet lager hos grossist i Norge (B180, G2021) (inntil antall dager) | Kravsett i arkfane 5",pack-bearing price schedule,,
Anagrelide__2507gj-1/2507gj-1 Bilag 3 Kravspesifikasjon Anagrelid.xlsx,xlsx,2507gj-1 Bilag 3 Kravspesifikasjon Anagrelid.xlsx,Lister,,9,E,molecule_match,Anagrelid,anagrelid,name,Anagrelide,(B2 - Arkfane 2 bør leses igjennom og godkjennes) | Dokumentnavn (navn på kravspek) | Anagrelid | Eks: klorheksidin biocid,"D - Kravtabell Produkt/delkontrakt | Navn på kravspesifikasjon kan være det samme som anskaffelsesnavn hvis det kun er én kravspek i anskaffelsen | Delkontrakt | Kategori ernæring/inf skyll | ATC | Virkestoff Sykehusinnkjøp | Legemiddelformgruppe | Bruksparameter Sykehusinnkjøp | Emballasjetype Sykehusinnkjøp | Parallell avtale Ja/nei | Begrunnelse for parallell avtale | Forventet lager hos grossist i Norge (B180, G2021) (inntil antall dager) | Kravsett i arkfane 5",pack-bearing price schedule,,
Paliperidone__LIS_2301d/2301d Vedlegg 02 Kravspesifikasjon versj3.xlsx,xlsx,2301d Vedlegg 02 Kravspesifikasjon versj3.xlsx,3. Anskaffelsen,,94,C,molecule_match,N05AX13,N05AX13,atc,Paliperidone,90 | N05AX13 | Paliperidon | Injeksjon | Lav dose | Nei | (Ikke angitt) | Generelle Inj/inf   | Generelle | Inj/inf,"Delleveranse | ATC | Virkestoff | Legemiddelformgruppe | Bruksparameter Sykehusinnkjøp | Parallell avtale Ja/nei | Begrunnelse for parallell avtale | Forventet lager hos grossist i Norge (B180, G2021) (inntil antall dager) | Kravsett for delleveranse | Kravsett 1 | Kravsett 2 | Kravsett 3 | Kravsett 4",pack-bearing price schedule,,
Paliperidone__LIS_2301d/2301d Vedlegg 02 Kravspesifikasjon versj3.xlsx,xlsx,2301d Vedlegg 02 Kravspesifikasjon versj3.xlsx,3. Anskaffelsen,,94,D,molecule_match,Paliperidon,paliperidon,name,Paliperidone,90 | N05AX13 | Paliperidon | Injeksjon | Lav dose | Nei | (Ikke angitt) | Generelle Inj/inf   | Generelle | Inj/inf,"Delleveranse | ATC | Virkestoff | Legemiddelformgruppe | Bruksparameter Sykehusinnkjøp | Parallell avtale Ja/nei | Begrunnelse for parallell avtale | Forventet lager hos grossist i Norge (B180, G2021) (inntil antall dager) | Kravsett for delleveranse | Kravsett 1 | Kravsett 2 | Kravsett 3 | Kravsett 4",pack-bearing price schedule,,
Paliperidone__LIS_2301d/2301d Vedlegg 03 Prisskjema legem versj1.xlsx,xlsx,2301d Vedlegg 03 Prisskjema legem versj1.xlsx,Prisskjema,,425,N,molecule_match,N05AX13,N05AX13,atc,Paliperidone,"214209 | Xeplion Depotinjeksjonsvæske, suspensjon 25 mg/sprøyte | Depotinjeksjonsvæske | 25mg/spr | #N/A | Grossister vgr 6 | #N/A | 90 | N05AX13 | Paliperidon | Injeksjon | Lav dose | 6 | 50","VARENR | VARENAVN | LEGEMIDDELFORM | STYRKE | ENHET | LEVERANDØR | TILBUDT GIP med 2 desimaler | GTIN på ytteremballasje (Barcode secondary package). 8, 13 eller 14 siffer | GTIN ytteremballasje Ja/Nei/Innføres før avtalestart | GTIN på inneremballasje (Barcode primary package) 8, 13 eller 14 siffer | GTIN INNEREMBALLASJE Ja/Nei/innføres før avtalestart/innføres i avtaleperioden | Batch/holdbarhet på inneremballasje inkludert i strekkode (2D matrix) | DELLEVERANSE-NUMMER | ATC | VIRKESTOFF SYKEHUSINNKJØP | LEGEMIDDELFORM-GRUPPE | BRUKSPARAMETER | EMBALLASJETYPE SYKEHUSINNKJØP | VARE GRUPPE | PAKNINGER 2021",pack-bearing price schedule,,
Paliperidone__LIS_2301d/2301d Vedlegg 03 Prisskjema legem versj1.xlsx,xlsx,2301d Vedlegg 03 Prisskjema legem versj1.xlsx,Prisskjema,,425,O,molecule_match,Paliperidon,paliperidon,name,Paliperidone,"214209 | Xeplion Depotinjeksjonsvæske, suspensjon 25 mg/sprøyte | Depotinjeksjonsvæske | 25mg/spr | #N/A | Grossister vgr 6 | #N/A | 90 | N05AX13 | Paliperidon | Injeksjon | Lav dose | 6 | 50","VARENR | VARENAVN | LEGEMIDDELFORM | STYRKE | ENHET | LEVERANDØR | TILBUDT GIP med 2 desimaler | GTIN på ytteremballasje (Barcode secondary package). 8, 13 eller 14 siffer | GTIN ytteremballasje Ja/Nei/Innføres før avtalestart | GTIN på inneremballasje (Barcode primary package) 8, 13 eller 14 siffer | GTIN INNEREMBALLASJE Ja/Nei/innføres før avtalestart/innføres i avtaleperioden | Batch/holdbarhet på inneremballasje inkludert i strekkode (2D matrix) | DELLEVERANSE-NUMMER | ATC | VIRKESTOFF SYKEHUSINNKJØP | LEGEMIDDELFORM-GRUPPE | BRUKSPARAMETER | EMBALLASJETYPE SYKEHUSINNKJØP | VARE GRUPPE | PAKNINGER 2021",pack-bearing price schedule,,
Paliperidone__LIS_2301d/2301d Vedlegg 03 Prisskjema legem versj1.xlsx,xlsx,2301d Vedlegg 03 Prisskjema legem versj1.xlsx,Prisskjema,,426,N,molecule_match,N05AX13,N05AX13,atc,Paliperidone,"362150 | Xeplion Depotinjeksjonsvæske, suspensjon 25 mg/sprøyte | Depotinjeksjonsvæske, suspensjon | 25 mg/sprøyte | #N/A | #N/A | #N/A | 90 | N05AX13 | Paliperidon | Injeksjon | Lav dose | 6 | 0","VARENR | VARENAVN | LEGEMIDDELFORM | STYRKE | ENHET | LEVERANDØR | TILBUDT GIP med 2 desimaler | GTIN på ytteremballasje (Barcode secondary package). 8, 13 eller 14 siffer | GTIN ytteremballasje Ja/Nei/Innføres før avtalestart | GTIN på inneremballasje (Barcode primary package) 8, 13 eller 14 siffer | GTIN INNEREMBALLASJE Ja/Nei/innføres før avtalestart/innføres i avtaleperioden | Batch/holdbarhet på inneremballasje inkludert i strekkode (2D matrix) | DELLEVERANSE-NUMMER | ATC | VIRKESTOFF SYKEHUSINNKJØP | LEGEMIDDELFORM-GRUPPE | BRUKSPARAMETER | EMBALLASJETYPE SYKEHUSINNKJØP | VARE GRUPPE | PAKNINGER 2021",pack-bearing price schedule,,
Paliperidone__LIS_2301d/2301d Vedlegg 03 Prisskjema legem versj1.xlsx,xlsx,2301d Vedlegg 03 Prisskjema legem versj1.xlsx,Prisskjema,,426,O,molecule_match,Paliperidon,paliperidon,name,Paliperidone,"362150 | Xeplion Depotinjeksjonsvæske, suspensjon 25 mg/sprøyte | Depotinjeksjonsvæske, suspensjon | 25 mg/sprøyte | #N/A | #N/A | #N/A | 90 | N05AX13 | Paliperidon | Injeksjon | Lav dose | 6 | 0","VARENR | VARENAVN | LEGEMIDDELFORM | STYRKE | ENHET | LEVERANDØR | TILBUDT GIP med 2 desimaler | GTIN på ytteremballasje (Barcode secondary package). 8, 13 eller 14 siffer | GTIN ytteremballasje Ja/Nei/Innføres før avtalestart | GTIN på inneremballasje (Barcode primary package) 8, 13 eller 14 siffer | GTIN INNEREMBALLASJE Ja/Nei/innføres før avtalestart/innføres i avtaleperioden | Batch/holdbarhet på inneremballasje inkludert i strekkode (2D matrix) | DELLEVERANSE-NUMMER | ATC | VIRKESTOFF SYKEHUSINNKJØP | LEGEMIDDELFORM-GRUPPE | BRUKSPARAMETER | EMBALLASJETYPE SYKEHUSINNKJØP | VARE GRUPPE | PAKNINGER 2021",pack-bearing price schedule,,
Paliperidone__2601c/2601c_Bilag_2_Prisskjema.xlsx,xlsx,2601c_Bilag_2_Prisskjema.xlsx,Forside,,15,C,molecule_match,2601c paliperidon,paliperidon,name,Paliperidone,2601c paliperidon,,unknown layout,,
Paliperidone__2601c/2601c_Bilag_2_Prisskjema.xlsx,xlsx,2601c_Bilag_2_Prisskjema.xlsx,Prisskjema,,5,K,molecule_match,N05AX13,N05AX13,atc,Paliperidone,"480609 | Palmeux depotinj  50mg/spr | Depotinjeksjonsvæske, suspensjon | 50mg/spr | 1 | SPR | Amdipharm Limited | 1237.43 | N05AX13 | Paliperidon | 01 | Nei | 396 | 05021691003212 | 05021691003229",[navn] [legemiddelform] [styrke] | Markedsfører i Farmalogg | Solgte pakninger siste 12 mnd,pack-bearing price schedule,,
Paliperidone__2601c/2601c_Bilag_2_Prisskjema.xlsx,xlsx,2601c_Bilag_2_Prisskjema.xlsx,Prisskjema,,5,L,molecule_match,Paliperidon,paliperidon,name,Paliperidone,"480609 | Palmeux depotinj  50mg/spr | Depotinjeksjonsvæske, suspensjon | 50mg/spr | 1 | SPR | Amdipharm Limited | 1237.43 | N05AX13 | Paliperidon | 01 | Nei | 396 | 05021691003212 | 05021691003229",[navn] [legemiddelform] [styrke] | Markedsfører i Farmalogg | Solgte pakninger siste 12 mnd,pack-bearing price schedule,,
Paliperidone__2601c/2601c_Bilag_2_Prisskjema.xlsx,xlsx,2601c_Bilag_2_Prisskjema.xlsx,Prisskjema,,6,K,molecule_match,N05AX13,N05AX13,atc,Paliperidone,"379151 | Palmeux depotinj  75mg/spr | Depotinjeksjonsvæske, suspensjon | 75mg/spr | 1 | SPR | Amdipharm Limited | 1582.91 | N05AX13 | Paliperidon | 01 | Nei | 1090 | 05021691003236 | 05021691003243",[navn] [legemiddelform] [styrke] | Markedsfører i Farmalogg | Solgte pakninger siste 12 mnd,pack-bearing price schedule,,
Paliperidone__2601c/2601c_Bilag_2_Prisskjema.xlsx,xlsx,2601c_Bilag_2_Prisskjema.xlsx,Prisskjema,,6,L,molecule_match,Paliperidon,paliperidon,name,Paliperidone,"379151 | Palmeux depotinj  75mg/spr | Depotinjeksjonsvæske, suspensjon | 75mg/spr | 1 | SPR | Amdipharm Limited | 1582.91 | N05AX13 | Paliperidon | 01 | Nei | 1090 | 05021691003236 | 05021691003243",[navn] [legemiddelform] [styrke] | Markedsfører i Farmalogg | Solgte pakninger siste 12 mnd,pack-bearing price schedule,,
Paliperidone__2601c/2601c_Bilag_2_Prisskjema.xlsx,xlsx,2601c_Bilag_2_Prisskjema.xlsx,Prisskjema,,7,K,molecule_match,N05AX13,N05AX13,atc,Paliperidone,"556066 | Palmeux depotinj 100mg/spr | Depotinjeksjonsvæske, suspensjon | 100mg/spr | 1 | SPR | Amdipharm Limited | 1967.77 | N05AX13 | Paliperidon | 01 | Nei | 2028 | 05021691003151 | 05021691003168",[navn] [legemiddelform] [styrke] | Markedsfører i Farmalogg | Solgte pakninger siste 12 mnd,pack-bearing price schedule,,
Paliperidone__2601c/2601c_Bilag_2_Prisskjema.xlsx,xlsx,2601c_Bilag_2_Prisskjema.xlsx,Prisskjema,,7,L,molecule_match,Paliperidon,paliperidon,name,Paliperidone,"556066 | Palmeux depotinj 100mg/spr | Depotinjeksjonsvæske, suspensjon | 100mg/spr | 1 | SPR | Amdipharm Limited | 1967.77 | N05AX13 | Paliperidon | 01 | Nei | 2028 | 05021691003151 | 05021691003168",[navn] [legemiddelform] [styrke] | Markedsfører i Farmalogg | Solgte pakninger siste 12 mnd,pack-bearing price schedule,,
Paliperidone__2601c/2601c_Bilag_2_Prisskjema.xlsx,xlsx,2601c_Bilag_2_Prisskjema.xlsx,Prisskjema,,8,K,molecule_match,N05AX13,N05AX13,atc,Paliperidone,"122031 | Palmeux depotinj 150mg/spr | Depotinjeksjonsvæske, suspensjon | 150mg/spr | 1 | SPR | Amdipharm Limited | 2749.81 | N05AX13 | Paliperidon | 01 | Nei | 1510 | 05021691003175 | 05021691003182",[navn] [legemiddelform] [styrke] | Markedsfører i Farmalogg | Solgte pakninger siste 12 mnd,pack-bearing price schedule,,
Paliperidone__2601c/2601c_Bilag_2_Prisskjema.xlsx,xlsx,2601c_Bilag_2_Prisskjema.xlsx,Prisskjema,,8,L,molecule_match,Paliperidon,paliperidon,name,Paliperidone,"122031 | Palmeux depotinj 150mg/spr | Depotinjeksjonsvæske, suspensjon | 150mg/spr | 1 | SPR | Amdipharm Limited | 2749.81 | N05AX13 | Paliperidon | 01 | Nei | 1510 | 05021691003175 | 05021691003182",[navn] [legemiddelform] [styrke] | Markedsfører i Farmalogg | Solgte pakninger siste 12 mnd,pack-bearing price schedule,,
Paliperidone__2601c/2601c_Bilag_2_Prisskjema.xlsx,xlsx,2601c_Bilag_2_Prisskjema.xlsx,Prisskjema,,9,K,molecule_match,N05AX13,N05AX13,atc,Paliperidone,"58609 | Xeplion depotinj  50mg/spr | Depotinjeksjonsvæske, suspensjon | 50mg/spr | 1 | SPR | Janssen-Cilag AS | 1237.43 | N05AX13 | Paliperidon | 01 | Nei | 458 | 07046260586093 | 17323281003493",[navn] [legemiddelform] [styrke] | Markedsfører i Farmalogg | Solgte pakninger siste 12 mnd,pack-bearing price schedule,,
Paliperidone__2601c/2601c_Bilag_2_Prisskjema.xlsx,xlsx,2601c_Bilag_2_Prisskjema.xlsx,Prisskjema,,9,L,molecule_match,Paliperidon,paliperidon,name,Paliperidone,"58609 | Xeplion depotinj  50mg/spr | Depotinjeksjonsvæske, suspensjon | 50mg/spr | 1 | SPR | Janssen-Cilag AS | 1237.43 | N05AX13 | Paliperidon | 01 | Nei | 458 | 07046260586093 | 17323281003493",[navn] [legemiddelform] [styrke] | Markedsfører i Farmalogg | Solgte pakninger siste 12 mnd,pack-bearing price schedule,,
Paliperidone__2601c/2601c_Bilag_2_Prisskjema.xlsx,xlsx,2601c_Bilag_2_Prisskjema.xlsx,Prisskjema,,10,K,molecule_match,N05AX13,N05AX13,atc,Paliperidone,"307903 | Xeplion depotinj  75mg/spr | Depotinjeksjonsvæske, suspensjon | 75mg/spr | 1 | SPR | Janssen-Cilag AS | N05AX13 | Paliperidon | 06 | Ukjent | 74 | 03400941766701",[navn] [legemiddelform] [styrke] | Markedsfører i Farmalogg | Solgte pakninger siste 12 mnd,pack-bearing price schedule,,
Paliperidone__2601c/2601c_Bilag_2_Prisskjema.xlsx,xlsx,2601c_Bilag_2_Prisskjema.xlsx,Prisskjema,,10,L,molecule_match,Paliperidon,paliperidon,name,Paliperidone,"307903 | Xeplion depotinj  75mg/spr | Depotinjeksjonsvæske, suspensjon | 75mg/spr | 1 | SPR | Janssen-Cilag AS | N05AX13 | Paliperidon | 06 | Ukjent | 74 | 03400941766701",[navn] [legemiddelform] [styrke] | Markedsfører i Farmalogg | Solgte pakninger siste 12 mnd,pack-bearing price schedule,,
Paliperidone__2601c/2601c_Bilag_2_Prisskjema.xlsx,xlsx,2601c_Bilag_2_Prisskjema.xlsx,Prisskjema,,11,K,molecule_match,N05AX13,N05AX13,atc,Paliperidone,"412581 | Xeplion depotinj  75mg/spr | Depotinjeksjonsvæske, suspensjon | 75mg/spr | 1 | SPR | Janssen-Cilag AS | 1582.91 | N05AX13 | Paliperidon | 01 | Nei | 657 | 07323281003465 | 17323281003462",[navn] [legemiddelform] [styrke] | Markedsfører i Farmalogg | Solgte pakninger siste 12 mnd,pack-bearing price schedule,,
Paliperidone__2601c/2601c_Bilag_2_Prisskjema.xlsx,xlsx,2601c_Bilag_2_Prisskjema.xlsx,Prisskjema,,11,L,molecule_match,Paliperidon,paliperidon,name,Paliperidone,"412581 | Xeplion depotinj  75mg/spr | Depotinjeksjonsvæske, suspensjon | 75mg/spr | 1 | SPR | Janssen-Cilag AS | 1582.91 | N05AX13 | Paliperidon | 01 | Nei | 657 | 07323281003465 | 17323281003462",[navn] [legemiddelform] [styrke] | Markedsfører i Farmalogg | Solgte pakninger siste 12 mnd,pack-bearing price schedule,,
Paliperidone__2601c/2601c_Bilag_2_Prisskjema.xlsx,xlsx,2601c_Bilag_2_Prisskjema.xlsx,Prisskjema,,12,K,molecule_match,N05AX13,N05AX13,atc,Paliperidone,"220132 | Xeplion depotinj 100mg/spr | Depotinjeksjonsvæske, suspensjon | 100mg/spr | 1 | SPR | Janssen-Cilag AS | N05AX13 | Paliperidon | 06 | Ukjent | 323 | 03400941766879",[navn] [legemiddelform] [styrke] | Markedsfører i Farmalogg | Solgte pakninger siste 12 mnd,pack-bearing price schedule,,
Paliperidone__2601c/2601c_Bilag_2_Prisskjema.xlsx,xlsx,2601c_Bilag_2_Prisskjema.xlsx,Prisskjema,,12,L,molecule_match,Paliperidon,paliperidon,name,Paliperidone,"220132 | Xeplion depotinj 100mg/spr | Depotinjeksjonsvæske, suspensjon | 100mg/spr | 1 | SPR | Janssen-Cilag AS | N05AX13 | Paliperidon | 06 | Ukjent | 323 | 03400941766879",[navn] [legemiddelform] [styrke] | Markedsfører i Farmalogg | Solgte pakninger siste 12 mnd,pack-bearing price schedule,,
Paliperidone__2601c/2601c_Bilag_2_Prisskjema.xlsx,xlsx,2601c_Bilag_2_Prisskjema.xlsx,Prisskjema,,13,K,molecule_match,N05AX13,N05AX13,atc,Paliperidone,"409745 | Xeplion depotinj 100mg/spr | Depotinjeksjonsvæske, suspensjon | 100mg/spr | 1 | SPR | Janssen-Cilag AS | 1967.77 | N05AX13 | Paliperidon | 01 | Nei | 874 | 07046264097458 | 17323281003479",[navn] [legemiddelform] [styrke] | Markedsfører i Farmalogg | Solgte pakninger siste 12 mnd,pack-bearing price schedule,,
Paliperidone__2601c/2601c_Bilag_2_Prisskjema.xlsx,xlsx,2601c_Bilag_2_Prisskjema.xlsx,Prisskjema,,13,L,molecule_match,Paliperidon,paliperidon,name,Paliperidone,"409745 | Xeplion depotinj 100mg/spr | Depotinjeksjonsvæske, suspensjon | 100mg/spr | 1 | SPR | Janssen-Cilag AS | 1967.77 | N05AX13 | Paliperidon | 01 | Nei | 874 | 07046264097458 | 17323281003479",[navn] [legemiddelform] [styrke] | Markedsfører i Farmalogg | Solgte pakninger siste 12 mnd,pack-bearing price schedule,,
Paliperidone__2601c/2601c_Bilag_2_Prisskjema.xlsx,xlsx,2601c_Bilag_2_Prisskjema.xlsx,Prisskjema,,14,K,molecule_match,N05AX13,N05AX13,atc,Paliperidone,"343892 | Xeplion depotinj 150mg/spr | Depotinjeksjonsvæske, suspensjon | 150mg/spr | 1 | SPR | Janssen-Cilag AS | N05AX13 | Paliperidon | 06 | Ukjent | 0 | 03400941766930",[navn] [legemiddelform] [styrke] | Markedsfører i Farmalogg | Solgte pakninger siste 12 mnd,pack-bearing price schedule,,
Paliperidone__2601c/2601c_Bilag_2_Prisskjema.xlsx,xlsx,2601c_Bilag_2_Prisskjema.xlsx,Prisskjema,,14,L,molecule_match,Paliperidon,paliperidon,name,Paliperidone,"343892 | Xeplion depotinj 150mg/spr | Depotinjeksjonsvæske, suspensjon | 150mg/spr | 1 | SPR | Janssen-Cilag AS | N05AX13 | Paliperidon | 06 | Ukjent | 0 | 03400941766930",[navn] [legemiddelform] [styrke] | Markedsfører i Farmalogg | Solgte pakninger siste 12 mnd,pack-bearing price schedule,,
Paliperidone__2601c/2601c_Bilag_2_Prisskjema.xlsx,xlsx,2601c_Bilag_2_Prisskjema.xlsx,Prisskjema,,15,K,molecule_match,N05AX13,N05AX13,atc,Paliperidone,"536460 | Xeplion depotinj 150mg/spr | Depotinjeksjonsvæske, suspensjon | 150mg/spr | 1 | SPR | Janssen-Cilag AS | 2749.81 | N05AX13 | Paliperidon | 01 | Nei | 1381 | 07046265364603 | 17323281003486",[navn] [legemiddelform] [styrke] | Markedsfører i Farmalogg | Solgte pakninger siste 12 mnd,pack-bearing price schedule,,
Paliperidone__2601c/2601c_Bilag_2_Prisskjema.xlsx,xlsx,2601c_Bilag_2_Prisskjema.xlsx,Prisskjema,,15,L,molecule_match,Paliperidon,paliperidon,name,Paliperidone,"536460 | Xeplion depotinj 150mg/spr | Depotinjeksjonsvæske, suspensjon | 150mg/spr | 1 | SPR | Janssen-Cilag AS | 2749.81 | N05AX13 | Paliperidon | 01 | Nei | 1381 | 07046265364603 | 17323281003486",[navn] [legemiddelform] [styrke] | Markedsfører i Farmalogg | Solgte pakninger siste 12 mnd,pack-bearing price schedule,,
Paliperidone__2601c/2601c_Bilag_2_Prisskjema.xlsx,xlsx,2601c_Bilag_2_Prisskjema.xlsx,Prisskjema,,16,K,molecule_match,N05AX13,N05AX13,atc,Paliperidone,"445725 | Xeplion ori depotinj 150mg/spr | Depotinjeksjonsvæske, suspensjon | 150mg/spr | 1 | SPR | Orifarm AS | 2749.81 | N05AX13 | Paliperidon | 01 | Ukjent | 0 | 05714191021014",[navn] [legemiddelform] [styrke] | Markedsfører i Farmalogg | Solgte pakninger siste 12 mnd,pack-bearing price schedule,,
Paliperidone__2601c/2601c_Bilag_2_Prisskjema.xlsx,xlsx,2601c_Bilag_2_Prisskjema.xlsx,Prisskjema,,16,L,molecule_match,Paliperidon,paliperidon,name,Paliperidone,"445725 | Xeplion ori depotinj 150mg/spr | Depotinjeksjonsvæske, suspensjon | 150mg/spr | 1 | SPR | Orifarm AS | 2749.81 | N05AX13 | Paliperidon | 01 | Ukjent | 0 | 05714191021014",[navn] [legemiddelform] [styrke] | Markedsfører i Farmalogg | Solgte pakninger siste 12 mnd,pack-bearing price schedule,,
Paliperidone__2601c/2601c_Bilag_2_Prisskjema.xlsx,xlsx,2601c_Bilag_2_Prisskjema.xlsx,Prisskjema,,17,B,molecule_match,Paliperidon zen depinj  50mg,paliperidon,name,Paliperidone,"536742 | Paliperidon zen depinj  50mg | Depotinjeksjonsvæske, suspensjon | 50mg/spr | 1 | SPR | Zentiva Denmark ApS | 1237.43 | N05AX13 | Paliperidon | 01 | Ukjent | 0 | 08594739304260",[navn] [legemiddelform] [styrke] | Markedsfører i Farmalogg | Solgte pakninger siste 12 mnd,pack-bearing price schedule,,
Paliperidone__2601c/2601c_Bilag_2_Prisskjema.xlsx,xlsx,2601c_Bilag_2_Prisskjema.xlsx,Prisskjema,,17,K,molecule_match,N05AX13,N05AX13,atc,Paliperidone,"536742 | Paliperidon zen depinj  50mg | Depotinjeksjonsvæske, suspensjon | 50mg/spr | 1 | SPR | Zentiva Denmark ApS | 1237.43 | N05AX13 | Paliperidon | 01 | Ukjent | 0 | 08594739304260",[navn] [legemiddelform] [styrke] | Markedsfører i Farmalogg | Solgte pakninger siste 12 mnd,pack-bearing price schedule,,
Paliperidone__2601c/2601c_Bilag_2_Prisskjema.xlsx,xlsx,2601c_Bilag_2_Prisskjema.xlsx,Prisskjema,,17,L,molecule_match,Paliperidon,paliperidon,name,Paliperidone,"536742 | Paliperidon zen depinj  50mg | Depotinjeksjonsvæske, suspensjon | 50mg/spr | 1 | SPR | Zentiva Denmark ApS | 1237.43 | N05AX13 | Paliperidon | 01 | Ukjent | 0 | 08594739304260",[navn] [legemiddelform] [styrke] | Markedsfører i Farmalogg | Solgte pakninger siste 12 mnd,pack-bearing price schedule,,
Paliperidone__2601c/2601c_Bilag_2_Prisskjema.xlsx,xlsx,2601c_Bilag_2_Prisskjema.xlsx,Prisskjema,,18,B,molecule_match,Paliperidon zen depinj  75mg,paliperidon,name,Paliperidone,"549759 | Paliperidon zen depinj  75mg | Depotinjeksjonsvæske, suspensjon | 75mg/spr | 1 | SPR | Zentiva Denmark ApS | 1582.91 | N05AX13 | Paliperidon | 01 | Ukjent | 0 | 08594739304093",[navn] [legemiddelform] [styrke] | Markedsfører i Farmalogg | Solgte pakninger siste 12 mnd,pack-bearing price schedule,,
Paliperidone__2601c/2601c_Bilag_2_Prisskjema.xlsx,xlsx,2601c_Bilag_2_Prisskjema.xlsx,Prisskjema,,18,K,molecule_match,N05AX13,N05AX13,atc,Paliperidone,"549759 | Paliperidon zen depinj  75mg | Depotinjeksjonsvæske, suspensjon | 75mg/spr | 1 | SPR | Zentiva Denmark ApS | 1582.91 | N05AX13 | Paliperidon | 01 | Ukjent | 0 | 08594739304093",[navn] [legemiddelform] [styrke] | Markedsfører i Farmalogg | Solgte pakninger siste 12 mnd,pack-bearing price schedule,,
Paliperidone__2601c/2601c_Bilag_2_Prisskjema.xlsx,xlsx,2601c_Bilag_2_Prisskjema.xlsx,Prisskjema,,18,L,molecule_match,Paliperidon,paliperidon,name,Paliperidone,"549759 | Paliperidon zen depinj  75mg | Depotinjeksjonsvæske, suspensjon | 75mg/spr | 1 | SPR | Zentiva Denmark ApS | 1582.91 | N05AX13 | Paliperidon | 01 | Ukjent | 0 | 08594739304093",[navn] [legemiddelform] [styrke] | Markedsfører i Farmalogg | Solgte pakninger siste 12 mnd,pack-bearing price schedule,,
Paliperidone__2601c/2601c_Bilag_2_Prisskjema.xlsx,xlsx,2601c_Bilag_2_Prisskjema.xlsx,Prisskjema,,19,B,molecule_match,Paliperidon zen depinj 100mg,paliperidon,name,Paliperidone,"47538 | Paliperidon zen depinj 100mg | Depotinjeksjonsvæske, suspensjon | 100mg/spr | 1 | SPR | Zentiva Denmark ApS | 1967.77 | N05AX13 | Paliperidon | 01 | Ukjent | 0 | 08594739304062",[navn] [legemiddelform] [styrke] | Markedsfører i Farmalogg | Solgte pakninger siste 12 mnd,pack-bearing price schedule,,
Paliperidone__2601c/2601c_Bilag_2_Prisskjema.xlsx,xlsx,2601c_Bilag_2_Prisskjema.xlsx,Prisskjema,,19,K,molecule_match,N05AX13,N05AX13,atc,Paliperidone,"47538 | Paliperidon zen depinj 100mg | Depotinjeksjonsvæske, suspensjon | 100mg/spr | 1 | SPR | Zentiva Denmark ApS | 1967.77 | N05AX13 | Paliperidon | 01 | Ukjent | 0 | 08594739304062",[navn] [legemiddelform] [styrke] | Markedsfører i Farmalogg | Solgte pakninger siste 12 mnd,pack-bearing price schedule,,
Paliperidone__2601c/2601c_Bilag_2_Prisskjema.xlsx,xlsx,2601c_Bilag_2_Prisskjema.xlsx,Prisskjema,,19,L,molecule_match,Paliperidon,paliperidon,name,Paliperidone,"47538 | Paliperidon zen depinj 100mg | Depotinjeksjonsvæske, suspensjon | 100mg/spr | 1 | SPR | Zentiva Denmark ApS | 1967.77 | N05AX13 | Paliperidon | 01 | Ukjent | 0 | 08594739304062",[navn] [legemiddelform] [styrke] | Markedsfører i Farmalogg | Solgte pakninger siste 12 mnd,pack-bearing price schedule,,
Paliperidone__2601c/2601c_Bilag_2_Prisskjema.xlsx,xlsx,2601c_Bilag_2_Prisskjema.xlsx,Prisskjema,,20,B,molecule_match,Paliperidon zen depinj 150mg,paliperidon,name,Paliperidone,"392171 | Paliperidon zen depinj 150mg | Depotinjeksjonsvæske, suspensjon | 150mg/spr | 1 | SPR | Zentiva Denmark ApS | 2749.81 | N05AX13 | Paliperidon | 01 | Ukjent | 0 | 08594739304079",[navn] [legemiddelform] [styrke] | Markedsfører i Farmalogg | Solgte pakninger siste 12 mnd,pack-bearing price schedule,,
Paliperidone__2601c/2601c_Bilag_2_Prisskjema.xlsx,xlsx,2601c_Bilag_2_Prisskjema.xlsx,Prisskjema,,20,K,molecule_match,N05AX13,N05AX13,atc,Paliperidone,"392171 | Paliperidon zen depinj 150mg | Depotinjeksjonsvæske, suspensjon | 150mg/spr | 1 | SPR | Zentiva Denmark ApS | 2749.81 | N05AX13 | Paliperidon | 01 | Ukjent | 0 | 08594739304079",[navn] [legemiddelform] [styrke] | Markedsfører i Farmalogg | Solgte pakninger siste 12 mnd,pack-bearing price schedule,,
Paliperidone__2601c/2601c_Bilag_2_Prisskjema.xlsx,xlsx,2601c_Bilag_2_Prisskjema.xlsx,Prisskjema,,20,L,molecule_match,Paliperidon,paliperidon,name,Paliperidone,"392171 | Paliperidon zen depinj 150mg | Depotinjeksjonsvæske, suspensjon | 150mg/spr | 1 | SPR | Zentiva Denmark ApS | 2749.81 | N05AX13 | Paliperidon | 01 | Ukjent | 0 | 08594739304079",[navn] [legemiddelform] [styrke] | Markedsfører i Farmalogg | Solgte pakninger siste 12 mnd,pack-bearing price schedule,,
Paliperidone__2601c/2601c_Bilag_3_Kravspesifikasjon_Paloperidon.xlsx,xlsx,2601c_Bilag_3_Kravspesifikasjon_Paloperidon.xlsx,1. Innhold,,1,B,molecule_match,2601c Kravspesifikasjon Bilag 3 Paliperidon,paliperidon,name,Paliperidone,2601c Kravspesifikasjon Bilag 3 Paliperidon,,unknown layout,,
Paliperidone__2601c/2601c_Bilag_3_Kravspesifikasjon_Paloperidon.xlsx,xlsx,2601c_Bilag_3_Kravspesifikasjon_Paloperidon.xlsx,3. Anskaffelsen,,6,B,molecule_match,2601c Paliperidon Bilag 3,paliperidon,name,Paliperidone,2601c Paliperidon Bilag 3  | SKJULES? HVOR MANGE TRENGS? | Kravsett for delkontrakt - se arkfane 5. Krav til prod,"Delkontrakt | Kategori ernæring/inf skyll | ATC | Virkestoff Sykehusinnkjøp | Legemiddelformgruppe | Bruksparameter Sykehusinnkjøp | Emballasjetype Sykehusinnkjøp | Parallell avtale Ja/nei | Begrunnelse for parallell avtale | Forventet lager hos grossist i Norge (B180, G2021) (inntil antall dager) | Kravsett for delleveranse | Kravsett 1 | Kravsett 2 | Kravsett 3 | Kravsett 4 | Kravsett 5 | Kravsett 6 | Kravsett 7 | Kravsett 8 | Kravsett 9 | Kravsett 10",pack-bearing price schedule,,
Paliperidone__2601c/2601c_Bilag_3_Kravspesifikasjon_Paloperidon.xlsx,xlsx,2601c_Bilag_3_Kravspesifikasjon_Paloperidon.xlsx,3. Anskaffelsen,,8,D,molecule_match,N05AX13,N05AX13,atc,Paliperidone,363 | N05AX13 | Paliperidon | Injeksjon | Nei | Generelle Injeksjon / Infusjonskonsentrat         | Generelle | Injeksjon / Infusjonskonsentrat,"Delkontrakt | Kategori ernæring/inf skyll | ATC | Virkestoff Sykehusinnkjøp | Legemiddelformgruppe | Bruksparameter Sykehusinnkjøp | Emballasjetype Sykehusinnkjøp | Parallell avtale Ja/nei | Begrunnelse for parallell avtale | Forventet lager hos grossist i Norge (B180, G2021) (inntil antall dager) | Kravsett for delleveranse | Kravsett 1 | Kravsett 2 | Kravsett 3 | Kravsett 4 | Kravsett 5 | Kravsett 6 | Kravsett 7 | Kravsett 8 | Kravsett 9 | Kravsett 10",pack-bearing price schedule,,
Paliperidone__2601c/2601c_Bilag_3_Kravspesifikasjon_Paloperidon.xlsx,xlsx,2601c_Bilag_3_Kravspesifikasjon_Paloperidon.xlsx,3. Anskaffelsen,,8,E,molecule_match,Paliperidon,paliperidon,name,Paliperidone,363 | N05AX13 | Paliperidon | Injeksjon | Nei | Generelle Injeksjon / Infusjonskonsentrat         | Generelle | Injeksjon / Infusjonskonsentrat,"Delkontrakt | Kategori ernæring/inf skyll | ATC | Virkestoff Sykehusinnkjøp | Legemiddelformgruppe | Bruksparameter Sykehusinnkjøp | Emballasjetype Sykehusinnkjøp | Parallell avtale Ja/nei | Begrunnelse for parallell avtale | Forventet lager hos grossist i Norge (B180, G2021) (inntil antall dager) | Kravsett for delleveranse | Kravsett 1 | Kravsett 2 | Kravsett 3 | Kravsett 4 | Kravsett 5 | Kravsett 6 | Kravsett 7 | Kravsett 8 | Kravsett 9 | Kravsett 10",pack-bearing price schedule,,
Paliperidone__2601c/2601c_Bilag_3_Kravspesifikasjon_Paloperidon.xlsx,xlsx,2601c_Bilag_3_Kravspesifikasjon_Paloperidon.xlsx,4. Krav til lev.,,3,E,molecule_match,2601c Bilag 3 Kravspesifikasjon Paliperidon,paliperidon,name,Paliperidone,2601c Bilag 3 Kravspesifikasjon Paliperidon,,requirements table,,
Paliperidone__2601c/2601c_Bilag_3_Kravspesifikasjon_Paloperidon.xlsx,xlsx,2601c_Bilag_3_Kravspesifikasjon_Paloperidon.xlsx,5. Krav til prod.,,3,E,molecule_match,2601c Bilag 3 Kravspesifikasjon Paliperidon,paliperidon,name,Paliperidone,2601c Bilag 3 Kravspesifikasjon Paliperidon,Leverandørnavn: | [Leverandørnavn],requirements table,,
Paliperidone__2601c/2601c_Bilag_3_Kravspesifikasjon_Paloperidon.xlsx,xlsx,2601c_Bilag_3_Kravspesifikasjon_Paloperidon.xlsx,5. Krav til prod.,,21,H,molecule_match,N05AX13,N05AX13,atc,Paliperidone,ATC | N05AX13,Leverandørnavn: | [Leverandørnavn],requirements table,,
Paliperidone__2601c/2601c_Bilag_3_Kravspesifikasjon_Paloperidon.xlsx,xlsx,2601c_Bilag_3_Kravspesifikasjon_Paloperidon.xlsx,5. Krav til prod.,,22,H,molecule_match,Paliperidon,paliperidon,name,Paliperidone,Virkestoff | Paliperidon,Leverandørnavn: | [Leverandørnavn],requirements table,,
Paliperidone__2601c/2601c_Bilag_3_Kravspesifikasjon_Paloperidon.xlsx,xlsx,2601c_Bilag_3_Kravspesifikasjon_Paloperidon.xlsx,5. Krav til prod.,,35,E,molecule_match,Krav for Paliperidon,paliperidon,name,Paliperidone,Krav for Paliperidon | BETINGET FORMATERING (FOR Å FARGE KRAV SOM IKKE GJELDER VALGT DELLEVERANSE) ER SATT TIL: Ja (kan endres i arkfane 'Lister'),Leverandørnavn: | [Leverandørnavn],requirements table,,
Paliperidone__2601c/2601c_Bilag_3_Kravspesifikasjon_Paloperidon.xlsx,xlsx,2601c_Bilag_3_Kravspesifikasjon_Paloperidon.xlsx,Lister,,7,E,molecule_match,Paliperidon,paliperidon,name,Paliperidone,Anskaffelsesnavn | Paliperidon | Eks: Klorheksidin,"D - Kravtabell Produkt/delkontrakt | Navn på kravspesifikasjon kan være det samme som anskaffelsesnavn hvis det kun er én kravspek i anskaffelsen | Delkontrakt | Kategori ernæring/inf skyll | ATC | Virkestoff Sykehusinnkjøp | Legemiddelformgruppe | Bruksparameter Sykehusinnkjøp | Emballasjetype Sykehusinnkjøp | Parallell avtale Ja/nei | Begrunnelse for parallell avtale | Forventet lager hos grossist i Norge (B180, G2021) (inntil antall dager) | Kravsett i arkfane 5",pack-bearing price schedule,,
Paliperidone__2601c/2601c_Bilag_3_Kravspesifikasjon_Paloperidon.xlsx,xlsx,2601c_Bilag_3_Kravspesifikasjon_Paloperidon.xlsx,Lister,,9,E,molecule_match,Paliperidon,paliperidon,name,Paliperidone,(B2 - Arkfane 2 bør leses igjennom og godkjennes) | Dokumentnavn (navn på kravspek) | Paliperidon | Eks: klorheksidin biocid,"D - Kravtabell Produkt/delkontrakt | Navn på kravspesifikasjon kan være det samme som anskaffelsesnavn hvis det kun er én kravspek i anskaffelsen | Delkontrakt | Kategori ernæring/inf skyll | ATC | Virkestoff Sykehusinnkjøp | Legemiddelformgruppe | Bruksparameter Sykehusinnkjøp | Emballasjetype Sykehusinnkjøp | Parallell avtale Ja/nei | Begrunnelse for parallell avtale | Forventet lager hos grossist i Norge (B180, G2021) (inntil antall dager) | Kravsett i arkfane 5",pack-bearing price schedule,,
Axitinib__LIS_2207_Oncology/LIS 2207 - Konkurransebestemmelser åpen anbudskonkurranse.pdf,pdf,,,1,,,buyer,Oppdragsgiver,oppdragsgiver,pdf_text,Axitinib,,,,........................................................................ 3 1.1 Oppdragsgiver og Kunde ......................................................................................................... 3 1,
Axitinib__LIS_2207_Oncology/LIS 2207 - Konkurransebestemmelser åpen anbudskonkurranse.pdf,pdf,,,1,,,tender_reference,LIS 2207,\bLIS\s*\d+,pdf_text,Axitinib,,,,"p HF, Postboks 40, 9811 Vadsø Konkurransebestemmelser Åpen anbudskonkurranse LIS 2207 Onkologi om levering av legemidler til behandling av kreftsykdommer Mnd: Februar År: 2021 Saksnummer: 2021/1727",
Axitinib__LIS_2207_Oncology/LIS 2207 - Konkurransebestemmelser åpen anbudskonkurranse.pdf,pdf,,,1,,,notice_type,Konkurranse,konkurranse,pdf_text,Axitinib,,,,"95 07 00 post@sykehusinnkjop.no Sykehusinnkjøp HF, Postboks 40, 9811 Vadsø Konkurransebestemmelser Åpen anbudskonkurranse LIS 2207 Onkologi om levering av legemidler til behandling av kreftsykdommer Mnd:",
Axitinib__LIS_2207_Oncology/LIS 2207 - Konkurransebestemmelser åpen anbudskonkurranse.pdf,pdf,,,1,,,options_extensions,Opsjon,opsjon,pdf_text,Axitinib,,,,........................................................................ 4 1.4 Opsjoner .....................................................................................................................,
Axitinib__LIS_2207_Oncology/LIS 2207 - Konkurransebestemmelser åpen anbudskonkurranse.pdf,pdf,,,1,,,supplier_winner,Tilbyder,tilbyder,pdf_text,Axitinib,,,,utprøving ..................................................... 6 3.4 Krav til Tilbyder og/eller tilbudet ............................................................................................ 6 3.5 T,
Axitinib__LIS_2207_Oncology/LIS 2207 - Konkurransebestemmelser åpen anbudskonkurranse.pdf,pdf,,,2,,,buyer,Oppdragsgiver,oppdragsgiver,pdf_text,Axitinib,,,,"melser legemidler, september 2020 1 Generell informasjon om konkurransen 1.1 Oppdragsgiver og Kunde Oppdragsgiver for denne konkurransen er Sykehusinnkjøp HF. Sykehusinnkjøp HF er eid av de fire regionale hel",
Axitinib__LIS_2207_Oncology/LIS 2207 - Konkurransebestemmelser åpen anbudskonkurranse.pdf,pdf,,,2,,,tender_reference,referanse,referanse,pdf_text,Axitinib,,,,"Norges arktiske universitet, 2019. Byttekostnad Kostnader ved bytte mellom referanselegemiddel og biotilsvarende legemiddel eller mellom biotilsvarende legemidler er beregnet til: - 1 700 kroner for av",
Axitinib__LIS_2207_Oncology/LIS 2207 - Konkurransebestemmelser åpen anbudskonkurranse.pdf,pdf,,,2,,,notice_type,Konkurranse,konkurranse,pdf_text,Axitinib,,,,"........................... 8 Sykehusinnkjøp HF – www.sykehusinnkjop.no Konkurransebestemmelser legemidler, september 2020 4.1 Generelt om det europeiske egenerklæringsskjemaet ........................",
Axitinib__LIS_2207_Oncology/LIS 2207 - Konkurransebestemmelser åpen anbudskonkurranse.pdf,pdf,,,2,,,publication_date,01.12.2022,\d{2}\.\d{2}\.\d{4},pdf_text,Axitinib,,,,erne Uke 32 (tentativt) Avtaleinngåelse Uke 33 (tentativt) Oppstart av avtale 01.12.2022 (tentativt) 2 Regler for gjennomføring av konkurransen 2.1 Anskaffelsesprosedyre Anskaffelsen vil bli gjennomfø,
Axitinib__LIS_2207_Oncology/LIS 2207 - Konkurransebestemmelser åpen anbudskonkurranse.pdf,pdf,,,2,,,deadline_date,frist,frist,pdf_text,Axitinib,,,,............................................................ 7 3.10 Vedståelsesfrist .......................................................................................................................,
Axitinib__LIS_2207_Oncology/LIS 2207 - Konkurransebestemmelser åpen anbudskonkurranse.pdf,pdf,,,2,,,contract_start,avtalestart,avtalestart,pdf_text,Axitinib,,,,olum etter signering. 1.2.2 Anskaffelsens implementering I forbindelse med avtalestart kan Kunden gjennom grossist ha lagerbeholdning fra gjeldende avtaler. For å fremme effektiv ressursbruk og unngå unødi,
Axitinib__LIS_2207_Oncology/LIS 2207 - Konkurransebestemmelser åpen anbudskonkurranse.pdf,pdf,,,2,,,contract_end,avtaleslutt,avtaleslutt,pdf_text,Axitinib,,,,.2 inneholder opsjoner på levering før avtalestart og opsjon på levering etter avtaleslutt. Disse opsjonene kan benyttes på rammeavtalens vilkår. Opsjon på preleveranse forutsetter at Leverandøren har godkjent,
Axitinib__LIS_2207_Oncology/LIS 2207 - Konkurransebestemmelser åpen anbudskonkurranse.pdf,pdf,,,2,,,options_extensions,Opsjon,opsjon,pdf_text,Axitinib,,,,rammeavtalens varighet i henhold til pkt. 5.3 i Vedlegg 04 Rammeavtale. 1.4 Opsjoner Vedlegg 04 Rammeavtale pkt. 5.2 inneholder opsjoner på levering før avtalestart og opsjon på levering etter avtale,
Axitinib__LIS_2207_Oncology/LIS 2207 - Konkurransebestemmelser åpen anbudskonkurranse.pdf,pdf,,,2,,,awarded_value,tildelt,tildelt,pdf_text,Axitinib,,,,valifiserte tilbydere som inngir gyldig tilbud. Dette innebærer at det kan bli tildelt parallelle rammeavtaler. Dette gjelder med unntak av konkurransen mellom atezolizumab og durvalumab for behandling av,
Axitinib__LIS_2207_Oncology/LIS 2207 - Konkurransebestemmelser åpen anbudskonkurranse.pdf,pdf,,,2,,,currency,NOK,\bNOK\b,pdf_text,Axitinib,,,,pasienten må reise for å motta behandling. Kostnaden er beregnet til: - 1 452 NOK tur/retur Kostnadene er beregnet på bakgrunn av oppdaterte tall fra Pasientreiser for 2020. Kilde: Pasientreiser S,
Axitinib__LIS_2207_Oncology/LIS 2207 - Konkurransebestemmelser åpen anbudskonkurranse.pdf,pdf,,,2,,,supplier_winner,leverandør,leverandør,pdf_text,Axitinib,,,,................................................. 13 6.4 Meddelelse om valg av leverandør ....................................................................................... 14 7 Betydningen av Nye metode,
Axitinib__LIS_2207_Oncology/LIS 2207 - Konkurransebestemmelser åpen anbudskonkurranse.pdf,pdf,,,2,,,award_criteria,Tildelingskriter,tildelingskriter,pdf_text,Axitinib,,,,........................................................................ 9 6.1 Tildelingskriterium .................................................................................................................. 9,
Axitinib__LIS_2207_Oncology/LIS 2207 - Konkurransebestemmelser åpen anbudskonkurranse.pdf,pdf,,,2,,,gip,GIP,\bGIP\b,pdf_text,Axitinib,,,,evant. Legemiddelkostnad Tilbudt pris (i LIS AUP etter omregning fra tilbudt GIP) og anbefalte standarddoseringer i legemiddelets preparatomtale (SPC) dersom annet ikke er angitt under sammenlignings,
Axitinib__LIS_2207_Oncology/LIS 2207 - Konkurransebestemmelser åpen anbudskonkurranse.pdf,pdf,,,2,,,lot_delleveranse,delleveranse,delleveranse,pdf_text,Axitinib,,,,av behandling i avtaleperioden. Dette innebærer at førsterangerte tilbyder pr. delleveranse vil ha best prioritet ved oppstart av behandling i avtaleperioden. For behandling som er påbegynt forut for avtaleopps,
Everolimus__2632a/2632a Konkurransebestemmelser.pdf,pdf,,,1,,,molecule_term,everolimus,everolimus,pdf_text,Everolimus,,,,"Sykehusinnkjøp HF Organisasjonsnummer 916 879 067 Telefon 78 95 07 00 post@sykehusinnkjop.no Sykehusinnkjøp HF, Postboks 40, 9811 Vadsø Konkurransebestemmelser Åpen anbudskonkurranse 2632a Everolimus og Mykofenolsyre (enterotablett) om levering av legemidler Saksnummer: 2025/50837 Sykehusinnkjøp HF ",
Everolimus__2632a/2632a Konkurransebestemmelser.pdf,pdf,,,1,,,buyer,Oppdragsgiver,oppdragsgiver,pdf_text,Everolimus,,,,....................................................................... 4 1.1. Oppdragsgiver og Kunde ..............................................................................................................,
Everolimus__2632a/2632a Konkurransebestemmelser.pdf,pdf,,,1,,,tender_reference,2025/50837,\b\d{4}/\d+\b,pdf_text,Everolimus,,,,"mus og Mykofenolsyre (enterotablett) om levering av legemidler Saksnummer: 2025/50837 Sykehusinnkjøp HF – sykehusinnkjop.no Konkurransebestemmelser legemidler, versjon 04-2024 Side 2 av 13 Innho",
Everolimus__2632a/2632a Konkurransebestemmelser.pdf,pdf,,,1,,,notice_type,Konkurranse,konkurranse,pdf_text,Everolimus,,,,"95 07 00 post@sykehusinnkjop.no Sykehusinnkjøp HF, Postboks 40, 9811 Vadsø Konkurransebestemmelser Åpen anbudskonkurranse 2632a Everolimus og Mykofenolsyre (enterotablett) om levering av legemidler Sa",
Everolimus__2632a/2632a Konkurransebestemmelser.pdf,pdf,,,1,,,publication_date,03.09.2025,\d{2}\.\d{2}\.\d{4},pdf_text,Everolimus,,,,"an: Aktivitet Tidspunkt Frist for å stille spørsmål til konkurransegrunnlaget 03.09.2025, kl. 12:00 Frist for å levere tilbud 15.09.2025, kl. 12:00 Evaluering Uke 38, 2025 (tentativt) Tildelingsbeslutning",
Everolimus__2632a/2632a Konkurransebestemmelser.pdf,pdf,,,1,,,deadline_date,frist,frist,pdf_text,Everolimus,,,,........................................................... 8 3.10. Vedståelsesfrist .......................................................................................................................,
Everolimus__2632a/2632a Konkurransebestemmelser.pdf,pdf,,,1,,,contract_start,avtalestart,avtalestart,pdf_text,Everolimus,,,,2 måneders forbruk skal kunne leveres til avtalegrossistene senest 3 uker før avtalestart til avtalepris. Det vises i denne sammenheng til Rammeavtale pkt. 4.1 Implementering av rammeavtalen. Senest 4 måneder,
Everolimus__2632a/2632a Konkurransebestemmelser.pdf,pdf,,,1,,,options_extensions,Opsjon,opsjon,pdf_text,Everolimus,,,,....................................................................... 5 1.4. Opsjoner .....................................................................................................................,
Everolimus__2632a/2632a Konkurransebestemmelser.pdf,pdf,,,1,,,estimated_value,estimert,estimert,pdf_text,Everolimus,,,,nesten og som finansieres av de regionale helseforetakene. Anskaffelsen har en estimert årlig verdi på kr. 32 MNOK ekskl. mva. og en maksimal verdi på kr. 128 MNOK ekskl. mva. Oppgitt estimert forbruk/omfan,
Everolimus__2632a/2632a Konkurransebestemmelser.pdf,pdf,,,1,,,awarded_value,tildelt,tildelt,pdf_text,Everolimus,,,,valifiserte Tilbydere som inngir gyldig tilbud. Dette innebærer at det kan bli tildelt parallelle rammeavtaler. Et legemiddel må ha lik pris på tvers av anbud og RHF-avtaler. Dersom et Avtalepreparat i den,
Everolimus__2632a/2632a Konkurransebestemmelser.pdf,pdf,,,1,,,supplier_winner,leverandør,leverandør,pdf_text,Everolimus,,,,................................................ 11 6.4. Meddelelse om valg av leverandør ............................................................................................ 12 7. Betydningen av Nye,
Everolimus__2632a/2632a Konkurransebestemmelser.pdf,pdf,,,1,,,award_criteria,Tildelingskriter,tildelingskriter,pdf_text,Everolimus,,,,...................................................................... 11 6.1. Tildelingskriterier ....................................................................................................................,
Everolimus__2632a/2632a Konkurransebestemmelser.pdf,pdf,,,1,,,gip,GIP,\bGIP\b,pdf_text,Everolimus,,,,"6.2. Utdypning av tildelingskriterier 6.2.1. Legemiddelpris Tilbudt pris i GIP vil bli tillagt avtalt grossistmargin, samt apotekenes myndighetsregulerte apotekavanse, pakningstillegg og merverdiav",
Everolimus__2632a/2632a Konkurransebestemmelser.pdf,pdf,,,1,,,lot_delleveranse,delleveranse,delleveranse,pdf_text,Everolimus,,,,"er definert som kritiske legemidler, og legemidler fra vinnende leverandør per delleveranse skal derfor inkluderes i nasjonalt beredskapslager. Samlet er det estimert et behov for inntil 6 måneders forbruk i ti",
Anagrelide__2507gj-1/2507gj-1 Konkurransebestemmelser Anagrelid.pdf,pdf,,,1,,,molecule_term,anagrelid,anagrelid,pdf_text,Anagrelide,,,,"Sykehusinnkjøp HF – www.sykehusinnkjop.no Sykehusinnkjøp HF Organisasjonsnummer 916 879 067 Telefon +47 78 95 07 00 post@sykehusinnkjop.no Sykehusinnkjøp HF, Postboks 40, 9811 Vadsø Konkurransebestemmelser Åpen anbudskonkurranse 2507gj-1 om levering av Anagrelid. Saksnummer: 2024/206 Sykehusinnkjøp ",
Anagrelide__2507gj-1/2507gj-1 Konkurransebestemmelser Anagrelid.pdf,pdf,,,1,,,buyer,Oppdragsgiver,oppdragsgiver,pdf_text,Anagrelide,,,,........................................................................ 3 1.1 Oppdragsgiver og Kunde ......................................................................................................... 3 1,
Anagrelide__2507gj-1/2507gj-1 Konkurransebestemmelser Anagrelid.pdf,pdf,,,1,,,tender_reference,2024/206,\b\d{4}/\d+\b,pdf_text,Anagrelide,,,,"elser Åpen anbudskonkurranse 2507gj-1 om levering av Anagrelid. Saksnummer: 2024/206 Sykehusinnkjøp HF – www.sykehusinnkjop.no Konkurransebestemmelser legemidler, versjon 02-2023 Side 1 av 12 I",
Anagrelide__2507gj-1/2507gj-1 Konkurransebestemmelser Anagrelid.pdf,pdf,,,1,,,notice_type,Konkurranse,konkurranse,pdf_text,Anagrelide,,,,"8 95 07 00 post@sykehusinnkjop.no Sykehusinnkjøp HF, Postboks 40, 9811 Vadsø Konkurransebestemmelser Åpen anbudskonkurranse 2507gj-1 om levering av Anagrelid. Saksnummer: 2024/206 Sykehusinnkjøp HF –",
Anagrelide__2507gj-1/2507gj-1 Konkurransebestemmelser Anagrelid.pdf,pdf,,,1,,,options_extensions,Opsjon,opsjon,pdf_text,Anagrelide,,,,........................................................................ 4 1.4 Opsjoner .....................................................................................................................,
Anagrelide__2507gj-1/2507gj-1 Konkurransebestemmelser Anagrelid.pdf,pdf,,,1,,,supplier_winner,Tilbyder,tilbyder,pdf_text,Anagrelide,,,,utprøving ..................................................... 6 3.4 Krav til Tilbyder og/eller tilbudet ............................................................................................ 6 3.5 T,
Anagrelide__2507gj-1/2507gj-1 Konkurransebestemmelser Anagrelid.pdf,pdf,,,2,,,buyer,Oppdragsgiver,oppdragsgiver,pdf_text,Anagrelide,,,,"dler, versjon 02-2023 Side 3 av 12 1 Generell informasjon om konkurransen 1.1 Oppdragsgiver og Kunde Oppdragsgiver for denne konkurransen er Sykehusinnkjøp HF. Sykehusinnkjøp HF er eid av de fire regionale hel",
Anagrelide__2507gj-1/2507gj-1 Konkurransebestemmelser Anagrelid.pdf,pdf,,,2,,,tender_reference,2507gj-1,2507gj-1,pdf_text,Anagrelide,,,,e kan forlenge rammeavtalens varighet i henhold til pkt. 2.1 og 2.2 i vedlagte 2507gj-1 Rammeavtale legemidler. 1.4 Opsjoner Rammeavtalen pkt. 2.4 inneholder opsjoner på levering før avtalestart og opsj,
Anagrelide__2507gj-1/2507gj-1 Konkurransebestemmelser Anagrelid.pdf,pdf,,,2,,,notice_type,Konkurranse,konkurranse,pdf_text,Anagrelide,,,,"........................... 9 Sykehusinnkjøp HF – www.sykehusinnkjop.no Konkurransebestemmelser legemidler, versjon 02-2023 Side 2 av 12 5 Kvalifikasjonskrav ............................................",
Anagrelide__2507gj-1/2507gj-1 Konkurransebestemmelser Anagrelid.pdf,pdf,,,2,,,publication_date,01.04.2025,\d{2}\.\d{2}\.\d{4},pdf_text,Anagrelide,,,,erne Uke 25 (tentativt) Avtaleinngåelse Uke 27 (tentativt) Oppstart av avtale 01.04.2025 2 Regler for gjennomføring av konkurransen 2.1 Anskaffelsesprosedyre Anskaffelsen vil bli gjennomført som en åpe,
Anagrelide__2507gj-1/2507gj-1 Konkurransebestemmelser Anagrelid.pdf,pdf,,,2,,,deadline_date,frist,frist,pdf_text,Anagrelide,,,,............................................................ 7 3.10 Vedståelsesfrist .......................................................................................................................,
Anagrelide__2507gj-1/2507gj-1 Konkurransebestemmelser Anagrelid.pdf,pdf,,,2,,,contract_start,avtalestart,avtalestart,pdf_text,Anagrelide,,,,Kravspesifikasjon). 1.2.2 Anskaffelsens implementering I forbindelse med avtalestart kan Kunden gjennom grossist ha lagerbeholdning fra gjeldende avtaler. For å fremme effektiv ressursbruk og unngå unødi,
Anagrelide__2507gj-1/2507gj-1 Konkurransebestemmelser Anagrelid.pdf,pdf,,,2,,,contract_end,avtaleslutt,avtaleslutt,pdf_text,Anagrelide,,,,.4 inneholder opsjoner på levering før avtalestart og opsjon på levering etter avtaleslutt. Disse opsjonene kan benyttes på rammeavtalens vilkår. Opsjon på preleveranse forutsetter at Leverandøren har godkjent,
Anagrelide__2507gj-1/2507gj-1 Konkurransebestemmelser Anagrelid.pdf,pdf,,,2,,,options_extensions,Opsjon,opsjon,pdf_text,Anagrelide,,,,henhold til pkt. 2.1 og 2.2 i vedlagte 2507gj-1 Rammeavtale legemidler. 1.4 Opsjoner Rammeavtalen pkt. 2.4 inneholder opsjoner på levering før avtalestart og opsjon på levering etter avtaleslutt. Dis,
Anagrelide__2507gj-1/2507gj-1 Konkurransebestemmelser Anagrelid.pdf,pdf,,,2,,,estimated_value,estimert,estimert,pdf_text,Anagrelide,,,,"nesten og som finansieres av de regionale helseforetakene. Anskaffelsen har en estimert årlig verdi på ca kr. 2,5 mill netto innkjøpsverdi ex mva og en maksimal verdi på ca kr. 10 mill i netto innkjøpsverdi",
Anagrelide__2507gj-1/2507gj-1 Konkurransebestemmelser Anagrelid.pdf,pdf,,,2,,,awarded_value,tildelt,tildelt,pdf_text,Anagrelide,,,,elkontrakt kan det være behov for flere avtaler. Dette innebærer at det kan bli tildelt parallelle rammeavtaler. Ved en rammeavtale er Kunden ikke forpliktet til å kjøpe et bestemt volum i avtaleperioden.,
Anagrelide__2507gj-1/2507gj-1 Konkurransebestemmelser Anagrelid.pdf,pdf,,,2,,,supplier_winner,leverandør,leverandør,pdf_text,Anagrelide,,,,................................................. 11 6.4 Meddelelse om valg av leverandør ....................................................................................... 12 7 Betydningen av Nye metode,
Anagrelide__2507gj-1/2507gj-1 Konkurransebestemmelser Anagrelid.pdf,pdf,,,2,,,award_criteria,Tildelingskriter,tildelingskriter,pdf_text,Anagrelide,,,,....................................................................... 10 6.1 Tildelingskriterier .................................................................................................................. 1,
Anagrelide__2507gj-1/2507gj-1 Konkurransebestemmelser Anagrelid.pdf,pdf,,,2,,,gip,GIP,\bGIP\b,pdf_text,Anagrelide,,,,"ellom tilbudene. Pris evalueres ut fra følgende bestanddeler: Tilbudt pris i GIP vil bli tillagt avtalt grossistmargin som gir RHF-AIP (apotekenes innkjøpspris), samt apotekenes myndighetsregulerte p",
Anagrelide__2507gj-1/2507gj-1 Konkurransebestemmelser Anagrelid.pdf,pdf,,,2,,,lot_delleveranse,delkontrakt,delkontrakt,pdf_text,Anagrelide,,,,ammeavtale(r) til Tilbyderen(e) med de(t) beste tilbudet. Innenfor den enkelte delkontrakt kan det være behov for flere avtaler. Dette innebærer at det kan bli tildelt parallelle rammeavtaler. Ved en rammeavt,
Anagrelide__2507gj-1/2507gj-1 Rammeavtale Anagrelid.pdf,pdf,,,1,,,molecule_term,anagrelid,anagrelid,pdf_text,Anagrelide,,,,"Sykehusinnkjøp HF – www.sykehusinnkjop.no Rammeavtale legemidler, januar 2022 Sykehusinnkjøp HF Organisasjonsnummer 916 879 067 Telefon 78 95 07 00 post@sykehusinnkjop.no Sykehusinnkjøp HF, Postboks 40, 9811 Vadsø Rammeavtale legemidler Leveranse av legemidler omfattet av konkurransen 2507gj-1 Anagr",
Anagrelide__2507gj-1/2507gj-1 Rammeavtale Anagrelid.pdf,pdf,,,1,,,buyer,Sykehusinnkjøp,sykehusinnkjøp,pdf_text,Anagrelide,,,,"Sykehusinnkjøp HF – www.sykehusinnkjop.no Rammeavtale legemidler, januar 2022 Sykehusinnkjøp HF Organisasjonsnummer 916",
Anagrelide__2507gj-1/2507gj-1 Rammeavtale Anagrelid.pdf,pdf,,,1,,,tender_reference,2024/206,\b\d{4}/\d+\b,pdf_text,Anagrelide,,,,eranse av legemidler omfattet av konkurransen 2507gj-1 Anagrelid Saksnr: 2024/206 Avtalens varighet: 01:04:2025-30:09:2026 Kontaktinformasjon Avtaleforvalter Sykehusinnkjøp HF: avtaleforvalter.le,
Anagrelide__2507gj-1/2507gj-1 Rammeavtale Anagrelid.pdf,pdf,,,1,,,notice_type,konkurranse,konkurranse,pdf_text,Anagrelide,,,,"oks 40, 9811 Vadsø Rammeavtale legemidler Leveranse av legemidler omfattet av konkurransen 2507gj-1 Anagrelid Saksnr: 2024/206 Avtalens varighet: 01:04:2025-30:09:2026 Kontaktinformasjon Avtaleforva",
Anagrelide__2507gj-1/2507gj-1 Rammeavtale Anagrelid.pdf,pdf,,,1,,,publication_date,01.04.2025,\d{2}\.\d{2}\.\d{4},pdf_text,Anagrelide,,,,"psigelse 2.1 Varighet Avtalen trer i kraft ved signering og avtaleperioden er 01.04.2025-30.09.2026 (""Avtaleperioden""). Kunden kan ved utløp av Avtaleperioden forlenge hele eller deler av Avtalen med inntil",
Anagrelide__2507gj-1/2507gj-1 Rammeavtale Anagrelid.pdf,pdf,,,1,,,deadline_date,frist,frist,pdf_text,Anagrelide,,,,................................................. 17 8.1.2 Kundens reklamasjonsfrist ............................................................................................ 17 8.1.3 Tilbakehold ....,
Anagrelide__2507gj-1/2507gj-1 Rammeavtale Anagrelid.pdf,pdf,,,1,,,contract_start,avtalestart,avtalestart,pdf_text,Anagrelide,,,,............................................... 7 2.4.1 Opsjon på levering før avtalestart .................................................................................. 7 2.4.2 Opsjon på levering etter av,
Anagrelide__2507gj-1/2507gj-1 Rammeavtale Anagrelid.pdf,pdf,,,1,,,contract_end,avtaleslutt,avtaleslutt,pdf_text,Anagrelide,,,,............................................. 7 2.4.2 Opsjon på levering etter avtaleslutt ............................................................................... 7 2.4.3 Fremgangsmåte ved bruk av opsj,
Anagrelide__2507gj-1/2507gj-1 Rammeavtale Anagrelid.pdf,pdf,,,1,,,options_extensions,opsjon,opsjon,pdf_text,Anagrelide,,,,"....................................................... 5 2 Avtalens varighet, opsjoner og oppsigelse ..................................................................................... 6 2.1 Varighet .",
Anagrelide__2507gj-1/2507gj-1 Rammeavtale Anagrelid.pdf,pdf,,,1,,,currency,kroner,kroner,pdf_text,Anagrelide,,,,atus. 6 Vederlag 6.1 Vederlag Alle priser er angitt som avtale-GIP i norske kroner eksklusiv merverdiavgift og inklusiv leveranse i henhold til DDP til Avtalegrossisten(e) jf. pkt. 4.2. Leverandørens t,
Anagrelide__2507gj-1/2507gj-1 Rammeavtale Anagrelid.pdf,pdf,,,1,,,supplier_winner,Leverandør,leverandør,pdf_text,Anagrelide,,,,....................................................... 4 1.4 Forholdet mellom Leverandør og Avtalegrossisten(e) ........................................................... 5 1.5 Transport av Avtalen ........,
Anagrelide__2507gj-1/2507gj-1 Rammeavtale Anagrelid.pdf,pdf,,,1,,,maximum_aip_aup,maks aip,maks(?:imal)?\s*aip,pdf_text,Anagrelide,,,,"gulering er prisene faste i 12 måneder. Den justerte prisen kan ikke overstige maks aip. 7 Endringer 7.1 Endring av Avtalen Innenfor det partene med rimelighet kunne forvente da Avtalen ble inngått, kan",
Anagrelide__2507gj-1/2507gj-1 Rammeavtale Anagrelid.pdf,pdf,,,1,,,gip,GIP,\bGIP\b,pdf_text,Anagrelide,,,,"n selge varer til Avtalegrossisten(e) til fremforhandlet innkjøpspris (""avtale-GIP""), se punkt 6.1 (Vederlag). Unntaket fra dette er varer der omsetningen i hovedsak er utenfor helseforetaksfinansierin",
Paliperidone__LIS_2301d/2301d Konkurransebestemmelser.pdf,pdf,,,1,,,buyer,Oppdragsgiver,oppdragsgiver,pdf_text,Paliperidone,,,,........................................................................ 3 1.1 Oppdragsgiver og Kunde ......................................................................................................... 3 1,
Paliperidone__LIS_2301d/2301d Konkurransebestemmelser.pdf,pdf,,,1,,,tender_reference,2022/227,\b\d{4}/\d+\b,pdf_text,Paliperidone,,,,"n anbudskonkurranse 2301d om levering av uregistrerte legemidler Saksnummer: 2022/227 Sykehusinnkjøp HF – www.sykehusinnkjop.no Konkurransebestemmelser legemidler, november 2021 Versjonshistorikk",
Paliperidone__LIS_2301d/2301d Konkurransebestemmelser.pdf,pdf,,,1,,,notice_type,Konkurranse,konkurranse,pdf_text,Paliperidone,,,,"95 07 00 post@sykehusinnkjop.no Sykehusinnkjøp HF, Postboks 40, 9811 Vadsø Konkurransebestemmelser Åpen anbudskonkurranse 2301d om levering av uregistrerte legemidler Saksnummer: 2022/227 Sykehusi",
Paliperidone__LIS_2301d/2301d Konkurransebestemmelser.pdf,pdf,,,1,,,options_extensions,Opsjon,opsjon,pdf_text,Paliperidone,,,,........................................................................ 3 1.4 Opsjoner ....................................................................................................................,
Paliperidone__LIS_2301d/2301d Konkurransebestemmelser.pdf,pdf,,,1,,,supplier_winner,Tilbyder,tilbyder,pdf_text,Paliperidone,,,,utprøving ..................................................... 5 3.4 Krav til Tilbyder og/eller tilbudet ............................................................................................ 5 3.5 T,
Paliperidone__LIS_2301d/2301d Konkurransebestemmelser.pdf,pdf,,,2,,,buyer,Oppdragsgiver,oppdragsgiver,pdf_text,Paliperidone,,,,"mmelser legemidler, november 2021 1 Generell informasjon om konkurransen 1.1 Oppdragsgiver og Kunde Oppdragsgiver for denne konkurransen er Sykehusinnkjøp HF. Sykehusinnkjøp HF er eid av de fire regionale hel",
Paliperidone__LIS_2301d/2301d Konkurransebestemmelser.pdf,pdf,,,2,,,notice_type,Konkurranse,konkurranse,pdf_text,Paliperidone,,,,"........................... 7 Sykehusinnkjøp HF – www.sykehusinnkjop.no Konkurransebestemmelser legemidler, november 2021 4.1 Generelt om det europeiske egenerklæringsskjemaet .........................",
Paliperidone__LIS_2301d/2301d Konkurransebestemmelser.pdf,pdf,,,2,,,publication_date,01.02.2023,\d{2}\.\d{2}\.\d{4},pdf_text,Paliperidone,,,,erne Uke 38 (tentativt) Avtaleinngåelse Uke 39 (tentativt) Oppstart av avtale 01.02.2023 2 Regler for gjennomføring av konkurransen 2.1 Anskaffelsesprosedyre Anskaffelsen vil bli gjennomført som en åpe,
Paliperidone__LIS_2301d/2301d Konkurransebestemmelser.pdf,pdf,,,2,,,deadline_date,frist,frist,pdf_text,Paliperidone,,,,............................................................ 6 3.10 Vedståelsesfrist .......................................................................................................................,
Paliperidone__LIS_2301d/2301d Konkurransebestemmelser.pdf,pdf,,,2,,,contract_start,avtalestart,avtalestart,pdf_text,Paliperidone,,,,edlegg 03 Prisskjema. 1.2.2 Anskaffelsens implementering I forbindelse med avtalestart kan Kunden gjennom grossist ha lagerbeholdning fra gjeldende avtaler. For å fremme effektiv ressursbruk og unngå unødi,
Paliperidone__LIS_2301d/2301d Konkurransebestemmelser.pdf,pdf,,,2,,,contract_end,avtaleslutt,avtaleslutt,pdf_text,Paliperidone,,,,.2 inneholder opsjoner på levering før avtalestart og opsjon på levering etter avtaleslutt. Disse opsjonene kan benyttes på rammeavtalens vilkår. Opsjon på preleveranse forutsetter at Leverandøren har godkjent,
Paliperidone__LIS_2301d/2301d Konkurransebestemmelser.pdf,pdf,,,2,,,options_extensions,Opsjon,opsjon,pdf_text,Paliperidone,,,,e rammeavtalens varighet i henhold til pkt. 5.3 i Vedlegg 04 Rammeavtale. 1.4 Opsjoner Vedlegg 04 Rammeavtale pkt. 5.2 inneholder opsjoner på levering før avtalestart og opsjon på levering etter avta,
Paliperidone__LIS_2301d/2301d Konkurransebestemmelser.pdf,pdf,,,2,,,awarded_value,tildelt,tildelt,pdf_text,Paliperidone,,,,lleveranse kan det være behov for flere avtaler. Dette innebærer at det kan bli tildelt parallelle rammeavtaler. Ved en rammeavtale er Kunden ikke forpliktet til å kjøpe et bestemt volum i avtaleperioden.,
Paliperidone__LIS_2301d/2301d Konkurransebestemmelser.pdf,pdf,,,2,,,supplier_winner,leverandør,leverandør,pdf_text,Paliperidone,,,,................................................. 10 6.4 Meddelelse om valg av leverandør ....................................................................................... 10 7 Betydningen av Nye metode,
Paliperidone__LIS_2301d/2301d Konkurransebestemmelser.pdf,pdf,,,2,,,award_criteria,Tildelingskriter,tildelingskriter,pdf_text,Paliperidone,,,,........................................................................ 9 6.1 Tildelingskriterier ....................................................................................................................,
Paliperidone__LIS_2301d/2301d Konkurransebestemmelser.pdf,pdf,,,2,,,gip,GIP,\bGIP\b,pdf_text,Paliperidone,,,,"ransen. 6.2 Utdypning av tildelingskriterier 6.2.1 Pris Tilbudt pris i GIP vil bli tillagt avtalt grossistmargin, samt apotekenes myndighetsregulerte kronetillegg per pakning (pakningspåslag),",
Paliperidone__LIS_2301d/2301d Konkurransebestemmelser.pdf,pdf,,,2,,,lot_delleveranse,delleveranse,delleveranse,pdf_text,Paliperidone,,,,ammeavtale(r) til Tilbyderen(e) med de(t) beste tilbudet. Innenfor den enkelte delleveranse kan det være behov for flere avtaler. Dette innebærer at det kan bli tildelt parallelle rammeavtaler. Ved en rammeavta,
Paliperidone__LIS_2301d/2301d Vedlegg 04 Rammeavtale.pdf,pdf,,,1,,,buyer,Oppdragsgiver,oppdragsgiver,pdf_text,Paliperidone,,,,"rpliktelser etter rammeavtalen. 14.4 Verneting Verneting for rammeavtalen er Oppdragsgivers / Kundens hjemting, med mindre partene enes om et annet verneting. 15 Bilag til rammeavtalen Bilag 1: Avtaleprepar",
Paliperidone__LIS_2301d/2301d Vedlegg 04 Rammeavtale.pdf,pdf,,,1,,,tender_reference,LIS 2301,\bLIS\s*\d+,pdf_text,Paliperidone,,,,"s 40, 9811 Vadsø Rammeavtale Leveranse av legemidler omfattet av konkurransen LIS 2301d Uregistrerte legemidler Mnd: Oktober År: 2021 Saksnr: 2022/227 01.02.2023 – 31.01.2024 Sykehusinnkjøp HF",
Paliperidone__LIS_2301d/2301d Vedlegg 04 Rammeavtale.pdf,pdf,,,1,,,notice_type,konkurranse,konkurranse,pdf_text,Paliperidone,,,,"p HF, Postboks 40, 9811 Vadsø Rammeavtale Leveranse av legemidler omfattet av konkurransen LIS 2301d Uregistrerte legemidler Mnd: Oktober År: 2021 Saksnr: 2022/227 01.02.2023 – 31.01.2024 Sykehusi",
Paliperidone__LIS_2301d/2301d Vedlegg 04 Rammeavtale.pdf,pdf,,,1,,,publication_date,01.02.2023,\d{2}\.\d{2}\.\d{4},pdf_text,Paliperidone,,,,"IS 2301d Uregistrerte legemidler Mnd: Oktober År: 2021 Saksnr: 2022/227 01.02.2023 – 31.01.2024 Sykehusinnkjøp HF – www.sykehusinnkjop.no Avtale - Rammeavtale legemidler, oktober 2021 Versjons",
Paliperidone__LIS_2301d/2301d Vedlegg 04 Rammeavtale.pdf,pdf,,,1,,,deadline_date,frist,frist,pdf_text,Paliperidone,,,,..................................... 12 10.1 Dagbot ved mislighold av avtalte frister ............................................................................... 13 10.2 Erstatning .................,
Paliperidone__LIS_2301d/2301d Vedlegg 04 Rammeavtale.pdf,pdf,,,1,,,contract_start,avtalestart,avtalestart,pdf_text,Paliperidone,,,,............................................... 6 5.2.1 Opsjon på levering før avtalestart .................................................................................. 6 5.2.2 Opsjon på levering etter av,
Paliperidone__LIS_2301d/2301d Vedlegg 04 Rammeavtale.pdf,pdf,,,1,,,contract_end,avtaleslutt,avtaleslutt,pdf_text,Paliperidone,,,,............................................. 6 5.2.2 Opsjon på levering etter avtaleslutt ............................................................................... 6 5.2.3 Fremgangsmåte ved bruk av opsj,
Paliperidone__LIS_2301d/2301d Vedlegg 04 Rammeavtale.pdf,pdf,,,1,,,options_extensions,Opsjon,opsjon,pdf_text,Paliperidone,,,,........................................................................ 5 5.2 Opsjoner .....................................................................................................................,
Paliperidone__LIS_2301d/2301d Vedlegg 04 Rammeavtale.pdf,pdf,,,1,,,currency,kroner,kroner,pdf_text,Paliperidone,,,,Priser Alle priser er angitt som LIS GIP (grossistenes innkjøpspris) i norske kroner eksklusiv merverdiavgift og inklusiv leveranse i henhold til DDP (Delivered Duty Paid slik dette fremgår av Incoterms,
Paliperidone__LIS_2301d/2301d Vedlegg 04 Rammeavtale.pdf,pdf,,,1,,,supplier_winner,Leverandør,leverandør,pdf_text,Paliperidone,,,,......................................................... 4 2 Forholdet mellom Leverandør og avtalegrossist(er) ...................................................................... 4 3 Avtalens gjenstand ..,
Paliperidone__LIS_2301d/2301d Vedlegg 04 Rammeavtale.pdf,pdf,,,1,,,gip,GIP,\bGIP\b,pdf_text,Paliperidone,,,,"pluss 30 dager. Leverandøren skal selge varer til avtalegrossisten(e) til LIS GIP, se pkt. 6.1. Unntaket fra dette er varer der omsetningen i hovedsak er utenfor helseforetaksfinansiering. For slike v",
Paliperidone__2601c/2601c_Konkurransebestemmelser.pdf,pdf,,,1,,,molecule_term,paliperidon,paliperidon,pdf_text,Paliperidone,,,,"Sykehusinnkjøp HF Organisasjonsnummer 916 879 067 Telefon 78 95 07 00 post@sykehusinnkjop.no Sykehusinnkjøp HF, Postboks 40, 9811 Vadsø Konkurransebestemmelser Åpen anbudskonkurranse 2601c om levering av virkestoffet paliperidon Saksnummer: 2026 84649 Sykehusinnkjøp HF – sykehusinnkjop.no Konkurrans",
Paliperidone__2601c/2601c_Konkurransebestemmelser.pdf,pdf,,,1,,,buyer,Oppdragsgiver,oppdragsgiver,pdf_text,Paliperidone,,,,....................................................................... 4 1.1. Oppdragsgiver og Kunde ..............................................................................................................,
Paliperidone__2601c/2601c_Konkurransebestemmelser.pdf,pdf,,,1,,,notice_type,Konkurranse,konkurranse,pdf_text,Paliperidone,,,,"95 07 00 post@sykehusinnkjop.no Sykehusinnkjøp HF, Postboks 40, 9811 Vadsø Konkurransebestemmelser Åpen anbudskonkurranse 2601c om levering av virkestoffet paliperidon Saksnummer: 2026 84649 Syke",
Paliperidone__2601c/2601c_Konkurransebestemmelser.pdf,pdf,,,1,,,publication_date,13.08.2026,\d{2}\.\d{2}\.\d{4},pdf_text,Paliperidone,,,,"an: Aktivitet Tidspunkt Frist for å stille spørsmål til konkurransegrunnlaget 13.08.2026, kl. 12:00 Frist for å levere tilbud 25.08.2026, kl. 12:00 Evaluering Uke 36 2026 (tentativt) Tildelingsbeslutning o",
Paliperidone__2601c/2601c_Konkurransebestemmelser.pdf,pdf,,,1,,,deadline_date,frist,frist,pdf_text,Paliperidone,,,,........................................................... 8 3.10. Vedståelsesfrist .......................................................................................................................,
Paliperidone__2601c/2601c_Konkurransebestemmelser.pdf,pdf,,,1,,,contract_start,avtalestart,avtalestart,pdf_text,Paliperidone,,,,3 Kravspesifikasjon). 1.2.2. Anskaffelsens implementering I forbindelse med avtalestart kan Kunden gjennom grossist ha lagerbeholdning fra gjeldende avtaler. For å fremme effektiv ressursbruk og unngå unødi,
Paliperidone__2601c/2601c_Konkurransebestemmelser.pdf,pdf,,,1,,,contract_end,avtaleslutt,avtaleslutt,pdf_text,Paliperidone,,,,.4 inneholder opsjoner på levering før avtalestart og opsjon på levering etter avtaleslutt. Disse opsjonene kan benyttes på rammeavtalens vilkår. Opsjon på preleveranse forutsetter at Leverandøren har godkjent,
Paliperidone__2601c/2601c_Konkurransebestemmelser.pdf,pdf,,,1,,,options_extensions,Opsjon,opsjon,pdf_text,Paliperidone,,,,....................................................................... 5 1.4. Opsjoner .....................................................................................................................,
Paliperidone__2601c/2601c_Konkurransebestemmelser.pdf,pdf,,,1,,,estimated_value,estimert,estimert,pdf_text,Paliperidone,,,,nesten og som finansieres av de regionale helseforetakene. Anskaffelsen har en estimert årlig verdi på kr. 20.000.000 ekskl. mva. og en maksimal verdi på kr. 45.000.000 ekskl. mva. Oppgitt estimert forbruk,
Paliperidone__2601c/2601c_Konkurransebestemmelser.pdf,pdf,,,1,,,awarded_value,tildelt,tildelt,pdf_text,Paliperidone,,,,valifiserte Tilbydere som inngir gyldig tilbud. Dette innebærer at det kan bli tildelt parallelle rammeavtaler. Et legemiddel må ha lik pris på tvers av anbud og RHF-avtaler. Dersom et Avtalepreparat i den,
Paliperidone__2601c/2601c_Konkurransebestemmelser.pdf,pdf,,,1,,,supplier_winner,leverandør,leverandør,pdf_text,Paliperidone,,,,................................................ 10 6.4. Meddelelse om valg av leverandør ............................................................................................ 10 7. Betydningen av Nye,
Paliperidone__2601c/2601c_Konkurransebestemmelser.pdf,pdf,,,1,,,award_criteria,Tildelingskriter,tildelingskriter,pdf_text,Paliperidone,,,,...................................................................... 10 6.1. Tildelingskriterier ....................................................................................................................,
Paliperidone__2601c/2601c_Konkurransebestemmelser.pdf,pdf,,,1,,,maximum_aip_aup,Maks AUP,maks(?:imal)?\s*aup,pdf_text,Paliperidone,,,,"akningsstørrelser innenfor et sortiment, kan apotekenes maksimale utsalgspris (Maks AUP) legges til grunn for evalueringen av manglende pakninger i den aktuelle delleveransen. 6.3. Informasjon om rangering",
Paliperidone__2601c/2601c_Konkurransebestemmelser.pdf,pdf,,,1,,,gip,GIP,\bGIP\b,pdf_text,Paliperidone,,,,"6.2. Utdypning av tildelingskriterier 6.2.1. Legemiddelkostnad Tilbudt pris i GIP vil bli tillagt avtalt grossistmargin, samt apotekenes myndighetsregulerte apotekavanse, pakningstillegg og merverdiav",
Paliperidone__2601c/2601c_Konkurransebestemmelser.pdf,pdf,,,1,,,lot_delleveranse,delleveranse,delleveranse,pdf_text,Paliperidone,,,,s AUP) legges til grunn for evalueringen av manglende pakninger i den aktuelle delleveransen. 6.3. Informasjon om rangeringen Førsterangerte tilbyder vil ha best prioritet i avtaleperioden. 6.4. Meddelelse o,
Paliperidone__2601c/2601c_Rammeavtale.pdf,pdf,,,1,,,molecule_term,paliperidon,paliperidon,pdf_text,Paliperidone,,,,"norsk Sykehusinnkjøp HF Organisasjonsnummer 916 879 067 Telefon 78 95 07 00 post@sykehusinnkjop.no Sykehusinnkjøp HF, Postboks 40, 9811 Vadsø Rammeavtale Leveranse av legemidler omfattet av konkurransen 2501c paliperidon Avtalens varighet: 01.11.2026 - 31.01.2028 (avtalens varighet uten eventuelle f",
Paliperidone__2601c/2601c_Rammeavtale.pdf,pdf,,,1,,,buyer,oppdragsgiver,oppdragsgiver,pdf_text,Paliperidone,,,,den/de som til enhver tid er avtalegrossist. Avtalen er signert elektronisk i oppdragsgivers konkurransegjennomføringsverktøy (KGV). Hver av partene har ansvar for å arkivere et eksemplar som er signert av begg,
Paliperidone__2601c/2601c_Rammeavtale.pdf,pdf,,,1,,,tender_reference,2024/3019,\b\d{4}/\d+\b,pdf_text,Paliperidone,,,,re å legge dem til i sortimentet. 3 Europaparlaments- og rådsdirektiv (EU) 2024/3019 av 27. november 2024 om rensing av kommunalt avløpsvann fra større tettbebyggelser (revisjon) Sykehusinnkjøp HF – s,
Paliperidone__2601c/2601c_Rammeavtale.pdf,pdf,,,1,,,notice_type,konkurranse,konkurranse,pdf_text,Paliperidone,,,,"F, Postboks 40, 9811 Vadsø Rammeavtale Leveranse av legemidler omfattet av konkurransen 2501c paliperidon Avtalens varighet: 01.11.2026 - 31.01.2028 (avtalens varighet uten eventuelle forlengelser) Avt",
Paliperidone__2601c/2601c_Rammeavtale.pdf,pdf,,,1,,,publication_date,01.11.2026,\d{2}\.\d{2}\.\d{4},pdf_text,Paliperidone,,,,av legemidler omfattet av konkurransen 2501c paliperidon Avtalens varighet: 01.11.2026 - 31.01.2028 (avtalens varighet uten eventuelle forlengelser) Avtaleforvalter Sykehusinnkjøp HF: E-post: avtaleforval,
Paliperidone__2601c/2601c_Rammeavtale.pdf,pdf,,,1,,,deadline_date,frist,frist,pdf_text,Paliperidone,,,,................................................ 18 8.1.2. Kundens reklamasjonsfrist .................................................................................................. 18 8.1.3. Tilbakeho,
Paliperidone__2601c/2601c_Rammeavtale.pdf,pdf,,,1,,,contract_start,avtalestart,avtalestart,pdf_text,Paliperidone,,,,.............................................. 8 2.4.1. Opsjon på levering før avtalestart ......................................................................................... 8 2.4.2. Opsjon på levering,
Paliperidone__2601c/2601c_Rammeavtale.pdf,pdf,,,1,,,contract_end,avtaleslutt,avtaleslutt,pdf_text,Paliperidone,,,,............................................ 8 2.4.2. Opsjon på levering etter avtaleslutt ...................................................................................... 8 2.4.3. Fremgangsmåte ved bruk,
Paliperidone__2601c/2601c_Rammeavtale.pdf,pdf,,,1,,,options_extensions,opsjon,opsjon,pdf_text,Paliperidone,,,,"...................................................... 6 2. Avtalens varighet, opsjoner og oppsigelse .......................................................................................... 7 2.1. Vari",
Paliperidone__2601c/2601c_Rammeavtale.pdf,pdf,,,1,,,awarded_value,tildelt,tildelt,pdf_text,Paliperidone,,,,alens verdi per delkontrakt. Avtalens verdi beregnes ved å multiplisere første tildelte årsprognose med avtalevarighet og avtalepris. Eks. øvre tak for erstatning for dekningskjøp: 500 NOK (RHF-GIP) * 200,
Paliperidone__2601c/2601c_Rammeavtale.pdf,pdf,,,1,,,currency,NOK,\bNOK\b,pdf_text,Paliperidone,,,,er 30-ende dag per delkontrakt. Kontraktsbrudd Henvisning til avtalen Beløp (NOK) Manglende beholdning på sikkerhetslager Pkt. 4.6.2 5000 Manglende rapportering av beholdning på sikkerhetslager,
Paliperidone__2601c/2601c_Rammeavtale.pdf,pdf,,,1,,,supplier_winner,Leverandør,leverandør,pdf_text,Paliperidone,,,,...................................................... 5 1.4. Forholdet mellom Leverandør og Avtalegrossisten(e) ................................................................. 6 1.5. Transport av Avtalen .,
Paliperidone__2601c/2601c_Rammeavtale.pdf,pdf,,,1,,,gip,GIP,\bGIP\b,pdf_text,Paliperidone,,,,"øren selge varer til Avtalegrossisten(e) til fremforhandlet innkjøpspris (""RHF-GIP""), se punkt 6.1 (Vederlag). Unntaket fra dette er varer der omsetningen i hovedsak er utenfor helseforetaksfinansierin",
Paliperidone__2601c/2601c_Rammeavtale.pdf,pdf,,,1,,,lot_delleveranse,delkontrakt,delkontrakt,pdf_text,Paliperidone,,,,jort gjeldende overfor Leverandøren. Erstatningen påløper hver 30-ende dag per delkontrakt. Kontraktsbrudd Henvisning til avtalen Beløp (NOK) Manglende beholdning på sikkerhetslager Pkt. 4.6.2 5000 Man,
